id,codigo,nombre,ubicacion
PD1641,PD1641,Parada 7 / (M) Macul,POINT(-70.58957699977343 -33.50917799933734)
PE158,PE158,Parada / Colegio José A. Lecaros,POINT(-70.59252538242626 -33.514682019609836)
PE159,PE159,Parada / Fiscalía La Florida,POINT(-70.59418788408911 -33.51655611493315)
PE185,PE185,Parada / Fiscalía La Florida,POINT(-70.59371100003598 -33.51709800018001)
PE186,PE186,Av. Américo Vespucio / esq. Av. Departamental,POINT(-70.59134192262017 -33.51437557734597)
PA720,PA720,Parada 12 / (M) La Moneda,POINT(-70.65530555062651 -33.44557210076069)
PA215,PA215,Parada 5 / (M) La Moneda,POINT(-70.65439099738326 -33.44513600282533)
PA29,PA29,Nataniel Cox / esq. Tarapacá,POINT(-70.65365500483614 -33.447476001361615)
PA196,PA196,Nataniel Cox / esq. Eleuterio Ramírez,POINT(-70.65333195122413 -33.449545541759775)
PA197,PA197,Parada 1 / (M) Pque. Almagro,POINT(-70.65293330172732 -33.45199969778844)
PA55,PA55,Nataniel Cox / esq. Av. 10 de Julio,POINT(-70.65263268743733 -33.454152842002635)
PA627,PA627,Parada / CESFAM N°1,POINT(-70.65238600460121 -33.45554099786956)
PA56,PA56,Nataniel Cox / esq. Aconcagua,POINT(-70.65206127683757 -33.457753575980284)
PA57,PA57,Nataniel Cox / esq. Av. Manuel A. Matta,POINT(-70.65179899769592 -33.45956939324083)
PA58,PA58,Parada / Colegio Santa Cruz,POINT(-70.6511339669437 -33.463728172245936)
PA694,PA694,Nataniel Cox / esq. Pedro Lagos,POINT(-70.65079900324979 -33.46589800015966)
PA60,PA60,Nataniel Cox / esq. Ñuble,POINT(-70.650202685745 -33.46970964717074)
PA61,PA61,Nataniel Cox / esq. Franklin,POINT(-70.64966183475619 -33.47316000344159)
PA62,PA62,Parada 1 / (M) Franklin,POINT(-70.648415299664 -33.47529082187331)
PH110,PH110,Parada 1 / Paradero 3 Gran Avenida,POINT(-70.64834895398624 -33.47933285553883)
PH111,PH111,Parada 1 / Hospital Barros Luco,POINT(-70.64953000244847 -33.48351200171154)
PH112,PH112,Parada 3 / Municipalidad de San Miguel,POINT(-70.65008100027075 -33.48547000122818)
PH113,PH113,Parada 1 / (M) San Miguel,POINT(-70.65116900439719 -33.48944699506987)
PH114,PH114,Parada / Paradero 9 Gran Avenida,POINT(-70.65176399518933 -33.49177899520312)
PH115,PH115,Parada / Paradero 9 1/2 Gran Avenida,POINT(-70.65259500001629 -33.494890999867465)
PH792,PH792,Parada 1 / (M) Lo Vial,POINT(-70.6534430025441 -33.497907997607086)
PH118,PH118,Parada / Colegio Chile,POINT(-70.65445133527899 -33.50140000622756)
PH119,PH119,Parada 3 / (M) Departamental,POINT(-70.6552050027937 -33.50398499613193)
PH121,PH121,Parada 1 / (M) Ciudad del Niño,POINT(-70.65643899975989 -33.508375999198314)
PH122,PH122,Parada 1 / Paradero 15 Gran Avenida,POINT(-70.65758860761318 -33.51241360199905)
PH123,PH123,Parada 1 / Paradero 17 Gran Avenida,POINT(-70.65809989354807 -33.514338805691956)
PG1,PG1,Parada 1 / (M) Lo Ovalle,POINT(-70.65927306467083 -33.51843220899494)
PG68,PG68,Parada 2 / (M) Lo Ovalle,POINT(-70.65910683509665 -33.51884403996107)
PG69,PG69,Parada 2 / Paradero 17 Gran Avenida,POINT(-70.65800076319582 -33.51501153375244)
PH124,PH124,Parada 2 / Paradero 15 Gran Avenida,POINT(-70.65703370440805 -33.51158161807852)
PH125,PH125,Parada 2 / (M) Ciudad del Niño,POINT(-70.65638208712619 -33.50915967152862)
PH126,PH126,Parada / Paradero 13 Gran Avenida,POINT(-70.65533993504924 -33.50546651847645)
PH127,PH127,Parada 2 / (M) Departamental,POINT(-70.65490100155462 -33.50389700069229)
PH128,PH128,Parada / Colegio Chile,POINT(-70.65407748360596 -33.501150776755736)
PH129,PH129,Parada 2 / (M) Lo Vial,POINT(-70.65333699749377 -33.49850399881447)
PH130,PH130,Parada / Paradero 9 1/2 Gran Avenida,POINT(-70.65243299935082 -33.49530799720502)
PH131,PH131,Parada / Paradero 9 Gran Avenida,POINT(-70.65177799622342 -33.49295200239067)
PH132,PH132,Parada 2 / (M) San Miguel,POINT(-70.65111896903777 -33.49028449588399)
PH133,PH133,Parada 2 / Municipalidad de San Miguel,POINT(-70.65021899483013 -33.48701199751443)
PH134,PH134,Parada 2 / Hospital Barros Luco,POINT(-70.64957100095452 -33.48461400311722)
PH135,PH135,Parada 2 / Paradero 3 Gran Avenida,POINT(-70.64819499631169 -33.47991000374426)
PA63,PA63,Parada 2 / (M) Franklin,POINT(-70.6481328397715 -33.47587715566639)
PA64,PA64,San Diego / esq. Schiavett,POINT(-70.64829289104709 -33.47297540876615)
PA65,PA65,San Diego / esq. Ñuble,POINT(-70.64845235517075 -33.46992935881823)
PA66,PA66,Parada / Liceo Barros Borgoño,POINT(-70.6486738562294 -33.46632994453218)
PA67,PA67,San Diego / esq. Santiago,POINT(-70.64884817551939 -33.46292712209423)
PA68,PA68,San Diego / esq. Av. Manuel A. Matta,POINT(-70.64904461968176 -33.459789680765184)
PA69,PA69,Parada / Teatro Caupolicán,POINT(-70.64965873964437 -33.45584144133128)
PA70,PA70,San Diego / esq. Eyzaguirre,POINT(-70.65004143473129 -33.45344534169352)
PA212,PA212,Tarapacá / esq. Lord Cochrane,POINT(-70.6540147168291 -33.44775571903148)
PA82,PA82,Manuel Rodríguez / esq. Agustinas,POINT(-70.65972599872609 -33.442077997598716)
PA190,PA190,Parada 10 / (M) Santa Ana,POINT(-70.66033499827165 -33.43799000023817)
PI118,PI118,Parada 2 / Villa Sta. Adela,POINT(-70.71972399467431 -33.50877999573246)
PI119,PI119,Parada 2 / Miguel Socías,POINT(-70.71692114482379 -33.50773227055521)
PI120,PI120,Parada 2 / El Mirador,POINT(-70.71387400259714 -33.505886002795094)
PI1631,PI1631,Parada 2 / Colegio Don Orione,POINT(-70.71096199684014 -33.50317000035624)
PI1630,PI1630,Parada 2 / Lo Errázuriz - P. Aguirre Cerda,POINT(-70.70907397627019 -33.49998104263248)
PI1629,PI1629,Av. Pedro Aguirre Cerda / esq. Salomón Sack,POINT(-70.70720813155384 -33.49746089699978)
PI1628,PI1628,Parada 2 / Centro Cívico Cerrillos,POINT(-70.70520199950833 -33.494646001581025)
PI1627,PI1627,Parada 2 / P. Aguirre Cerda Altura del 5800,POINT(-70.70325352582496 -33.49207548842486)
PI1626,PI1626,Parada 2 / Comando Logístico FACH,POINT(-70.70111069864167 -33.489465423696096)
PI1625,PI1625,Parada 2 / Museo Aeronáutico,POINT(-70.6987934142279 -33.486799706325215)
PI1623,PI1623,Parada 4 / (M) Cerrillos,POINT(-70.69586403267213 -33.484072972228766)
PI1320,PI1320,Parada 7 / (M) Cerrillos,POINT(-70.69343302662847 -33.482307999838504)
PI288,PI288,Avenida Buzeta / esq. Avenida 5,POINT(-70.69138399598648 -33.48123600163694)
PI1319,PI1319,Parada / Plaza Buzeta,POINT(-70.68935399536403 -33.480176000718956)
PI289,PI289,Avenida Buzeta / esq. Avenida 1,POINT(-70.68732399421219 -33.47910399840895)
PH94,PH94,Parada 1 / (M) Lo Valledor,POINT(-70.6821611552294 -33.47843474333287)
PH95,PH95,Av. Alc. Carlos Valdovinos / esq. Central Nino García,POINT(-70.67927600298695 -33.47853099846286)
PH96,PH96,Av. Alc. Carlos Valdovinos / esq. Valenzuela Llanos,POINT(-70.67674490379422 -33.478575167850074)
PH97,PH97,Av. Alc. Carlos Valdovinos / esq. Belén,POINT(-70.67338086421731 -33.47864246802495)
PH1472,PH1472,Av. Alc. Carlos Valdovinos / esq. Av. Clotario Blest,POINT(-70.66918434495216 -33.47880100234678)
PH98,PH98,Parada 1 / (M) P. Aguirre Cerda,POINT(-70.66486919928091 -33.47877594456264)
PH99,PH99,Av. Alc. Carlos Valdovinos / esq. Panamericana 2,POINT(-70.66230999963221 -33.4788909984014)
PH100,PH100,Av. Alc. Carlos Valdovinos / esq. Juan de Bastidas,POINT(-70.66063299581927 -33.47896499664194)
PH101,PH101,Av. Alc. Carlos Valdovinos / esq. Los Talaveras,POINT(-70.65810900417786 -33.47894500366219)
PA17,PA17,Parada 2 / Centro de Justicia,POINT(-70.65508816064084 -33.4724439289379)
PA18,PA18,Parada 2 / (M) Rondizzoni,POINT(-70.65587250625009 -33.47059959856029)
PA19,PA19,Ñuble / esq. Lord Cochrane,POINT(-70.65251699906185 -33.4702769957119)
PA20,PA20,Lord Cochrane / esq. Pedro Lagos,POINT(-70.65230799900118 -33.46818300215887)
PA21,PA21,Lord Cochrane / esq. Victoria,POINT(-70.65265000224379 -33.46539599679422)
PA22,PA22,Lord Cochrane / esq. Santiago,POINT(-70.65295895763099 -33.46288907656025)
PA662,PA662,Lord Cochrane / esq. Av. Manuel A. Matta,POINT(-70.65328699750945 -33.46046099922826)
PA23,PA23,Lord Cochrane / esq. Aconcagua,POINT(-70.6534710003477 -33.45892699728924)
PA24,PA24,Lord Cochrane / esq. Copiapó,POINT(-70.65376205366525 -33.45626292610067)
PA25,PA25,Avenida 10 de Julio / esq. San Ignacio,POINT(-70.65532100202464 -33.45441200256508)
PA80,PA80,Parada 2 / (M) Toesca,POINT(-70.6584764848751 -33.45172265845288)
PA81,PA81,Parada 5 / (M) Los Héroes,POINT(-70.66032286393813 -33.44695775365943)
PA166,PA166,Parada 8 / (M) La Moneda,POINT(-70.65800100215023 -33.44603000084387)
PA30,PA30,San Ignacio / esq. Padre M. de Olivares,POINT(-70.65684866878162 -33.448815845420114)
PA31,PA31,Parada / Palacio Cousiño,POINT(-70.6563239376962 -33.451488900108664)
PA32,PA32,San Ignacio / esq. Av. 10 de Julio,POINT(-70.65578500216829 -33.453855999959316)
PA33,PA33,San Ignacio / esq. Coquimbo,POINT(-70.65572599815506 -33.45724900365168)
PA34,PA34,Parada 6 / (M) Parque O'Higgins,POINT(-70.65550699908133 -33.45998299892373)
PA630,PA630,San Ignacio / esq. Santiago,POINT(-70.65529299933213 -33.462543000790255)
PA633,PA633,Parada 5 / (M) Rondizzoni,POINT(-70.6546779975651 -33.47017100091326)
PA634,PA634,Parada 3 / Centro de Justicia,POINT(-70.65434797701911 -33.47337502238408)
PA635,PA635,San Ignacio / esq. Centenario,POINT(-70.65408694733232 -33.476467963614844)
PH1459,PH1459,San Ignacio / esq. Av.Carlos Valdovinos,POINT(-70.6539350385407 -33.47864996124801)
PH103,PH103,Av. Alc. Carlos Valdovinos / esq. Av. J. J. Prieto Vial,POINT(-70.65498991660131 -33.47867707164996)
PH104,PH104,Av. Alc. Carlos Valdovinos / esq. Los Talaveras,POINT(-70.65785200260666 -33.47872900276639)
PH1473,PH1473,Av. Alc. Carlos Valdovinos / esq. Juan de Bastidas,POINT(-70.66025099816837 -33.47878199612224)
PH105,PH105,Av. Alc. Carlos Valdovinos / esq. Urzúa,POINT(-70.66236500064986 -33.47867799950257)
PH106,PH106,Parada 2 / (M) P. Aguirre Cerda,POINT(-70.66446198105965 -33.47860595756037)
PH107,PH107,Av. Alc. Carlos Valdovinos / esq. Ramírez,POINT(-70.66890107677125 -33.478601088344135)
PA659,PA659,Av. Alc. Carlos Valdovinos / esq. Belén,POINT(-70.6719130011812 -33.47842100137674)
PA574,PA574,Av. Alc. Carlos Valdovinos / esq. Valenzuela Llanos,POINT(-70.67626199542649 -33.47835799709374)
PA573,PA573,Av. Alc. Carlos Valdovinos / esq. Central Nino García,POINT(-70.67889199535239 -33.478325997878144)
PH108,PH108,Parada 2 / (M) Lo Valledor,POINT(-70.6812920861963 -33.47823393551452)
PH109,PH109,Av. Alc. Carlos Valdovinos / esq. Avenida 1,POINT(-70.68662777078482 -33.47811098456512)
PI1327,PI1327,Av. Alc. Carlos Valdovinos / esq. Av. P. Aguirre Cerda,POINT(-70.69022500271298 -33.478139001080926)
PI179,PI179,Av. Pedro Aguirre Cerda / esq. Los Cisnes,POINT(-70.691705472169 -33.478945029884194)
PI180,PI180,Parada 1 / Escuela P. Aguirre Cerda,POINT(-70.69394860571686 -33.48133502089434)
PI181,PI181,Parada 1 / (M) Cerrillos,POINT(-70.69625998516348 -33.484060986842906)
PI1616,PI1616,Parada 1 / Museo Aeronáutico,POINT(-70.69852899580285 -33.48630000392807)
PI1617,PI1617,Parada 1 / Comando Logístico FACH,POINT(-70.7007530017954 -33.48877099893221)
PI1618,PI1618,Parada 1 / P. Aguirre Cerda Altura del 5800,POINT(-70.70301534375956 -33.491567328757654)
PI1619,PI1619,Parada 1 / Centro Cívico Cerrillos,POINT(-70.70497099709041 -33.49410699569348)
PI1620,PI1620,Av. Pedro Aguirre Cerda / esq. Salomón Sack,POINT(-70.70689730072542 -33.496804254367575)
PI1621,PI1621,Av. Pedro Aguirre Cerda / esq. Av. Lo Errázuriz,POINT(-70.70886552871796 -33.49946398150701)
PI1622,PI1622,Parada 1 / Colegio Don Orione,POINT(-70.71179596354204 -33.504246434788556)
PI23,PI23,Parada 1 / El Mirador,POINT(-70.71335800315717 -33.50537099629764)
PI1271,PI1271,Camino a Melipilla / esq. Miguel Socías,POINT(-70.71635899715125 -33.507348002287785)
PI137,PI137,Parada 1 / Villa Sta. Adela,POINT(-70.71917378886883 -33.50846380534531)
PA35,PA35,Parada 1 / (M) Toesca,POINT(-70.65892800099085 -33.45315599785994)
PA840,PA840,Parada 2 / Museo Militar,POINT(-70.65723658658908 -33.45620569852916)
PA38,PA38,Parada 1 / (M) Rondizzoni,POINT(-70.65669500274882 -33.4697930015505)
PA39,PA39,Parada 1 / Centro de Justicia,POINT(-70.65557257795007 -33.4730418583279)
PA354,PA354,Parada 5 / Estación Mapocho,POINT(-70.65005599661858 -33.43289299588114)
PA774,PA774,Parada 14 / (M) Santa Ana,POINT(-70.65849430888714 -33.436868930733176)
PA424,PA424,Santo Domingo / esq. Almirante Barroso,POINT(-70.66238145163624 -33.43734299837441)
PA271,PA271,Parada / Plaza Brasil,POINT(-70.66510328159937 -33.44071094811016)
PA272,PA272,Avenida Brasil / esq. Moneda,POINT(-70.66519800371698 -33.44307499513934)
PA279,PA279,San Alfonso / esq. Lincoln,POINT(-70.67473299966652 -33.45942899504423)
PA280,PA280,San Alfonso / esq. Fray Luis de La Peña,POINT(-70.67400999499586 -33.46255900095686)
PA281,PA281,San Alfonso / esq. Espiñeira,POINT(-70.67345199409769 -33.46484399794222)
PA285,PA285,El Mirador / esq. Av. Pedro Montt,POINT(-70.66532003826006 -33.473257359206826)
PH293,PH293,Parada 3 / (M) P. Aguirre Cerda,POINT(-70.66485400440936 -33.47837998904801)
PH296,PH296,Parada / Parque André Jarlan,POINT(-70.67225200409983 -33.48535600258017)
PH297,PH297,Clotario Blest / esq. Ramona Parra,POINT(-70.67382657446085 -33.488592133773075)
PH298,PH298,Clotario Blest / esq. 30 de Octubre,POINT(-70.674693876165 -33.4903271384149)
PH299,PH299,Clotario Blest / esq. Av. Departamental,POINT(-70.6762636916737 -33.49350671753031)
PH300,PH300,Clotario Blest / esq. Bombero Ossandón,POINT(-70.67819876411282 -33.49720104050653)
PH301,PH301,Clotario Blest / esq. Huamalata,POINT(-70.67953400373112 -33.49973999841956)
PH302,PH302,Parada 1 / Liceo Julio Chaná Cariola,POINT(-70.68081000133387 -33.50220600233353)
PH303,PH303,Clotario Blest / esq. Avenida Lo Ovalle,POINT(-70.68259255228642 -33.505661305678366)
PH321,PH321,Clotario Blest / esq. México,POINT(-70.68664799436107 -33.519132002974885)
PH322,PH322,Clotario Blest / esq. Av.Pdte. S.Allende,POINT(-70.68603897747545 -33.51654103919158)
PH800,PH800,Parada 3 / Est. Lo Espejo,POINT(-70.6853963108995 -33.513579118401275)
PH323,PH323,Clotario Blest / esq. La Calera,POINT(-70.68513600162406 -33.512371998949476)
PH324,PH324,Clotario Blest / esq. Pasaje 46,POINT(-70.68405800416483 -33.5089229978147)
PH325,PH325,Clotario Blest / esq. Avenida Lo Ovalle,POINT(-70.68296800478547 -33.506592997155565)
PH326,PH326,Parada 2 / Liceo Julio Chaná Cariola,POINT(-70.68103848667552 -33.50288405831953)
PH327,PH327,Clotario Blest / esq. Pirihueico,POINT(-70.67965800216686 -33.50018999894732)
PH328,PH328,Clotario Blest / esq. Vecinal,POINT(-70.67857300042488 -33.49812499981385)
PH329,PH329,Clotario Blest / esq. Av. Departamental,POINT(-70.6766265002826 -33.49452157900531)
PH330,PH330,Clotario Blest / esq. Avenida La Marina,POINT(-70.67489200369694 -33.490959995885504)
PH331,PH331,Clotario Blest / esq. Ramona Parra,POINT(-70.67389239914957 -33.48894223088087)
PH332,PH332,Parada / Parque André Jarlan,POINT(-70.67241300413073 -33.48599899749269)
PH333,PH333,Parada / Estadio Corvi,POINT(-70.670578000669 -33.48218899603079)
PH334,PH334,Clotario Blest / esq. Av.Carlos Valdovinos,POINT(-70.66911399566105 -33.47915999850867)
PH335,PH335,Bascuñán Guerrero / esq. El Carmelo,POINT(-70.6715130040421 -33.47772500067733)
PA287,PA287,Bascuñán Guerrero / esq. Siria,POINT(-70.67155399947582 -33.47336199668979)
PA9,PA9,Parada 2 / Rondizzoni - Bascuñán,POINT(-70.67158770750235 -33.46976006039792)
PA10,PA10,Bascuñán Guerrero / esq. Avenida El Mirador,POINT(-70.67162799969395 -33.466766995373426)
PA695,PA695,Bascuñán Guerrero / esq. Espiñeira,POINT(-70.67203580447138 -33.46486270625524)
PA11,PA11,Bascuñán Guerrero / esq. Fray De La Peña,POINT(-70.67252180272425 -33.46268386580566)
PA12,PA12,Bascuñán Guerrero / esq. Av. Blanco Encalada,POINT(-70.67347253707042 -33.458743791288235)
PA289,PA289,Parada 1 / Molina - Blanco,POINT(-70.67241750685535 -33.45855899978815)
PA291,PA291,Avenida República / esq. Gay,POINT(-70.66665130506622 -33.45580386995312)
PA292,PA292,Avenida República / esq. Gorbea,POINT(-70.66716699982241 -33.45353200276854)
PA293,PA293,Avenida República / esq. Sazié,POINT(-70.66770499454643 -33.45127199870158)
PA294,PA294,Parada 4 / (M) República,POINT(-70.66811511836562 -33.449203050184366)
PA817,PA817,Parada / Liceo de Aplicación,POINT(-70.66760293448027 -33.44656102040349)
PA295,PA295,Av. Ricardo Cumming / esq. Moneda,POINT(-70.66769742781597 -33.44403419668805)
PA296,PA296,Av. Ricardo Cumming / esq. Compañía de Jesús,POINT(-70.66830099825141 -33.44060599603602)
PA297,PA297,Parada / Plaza Brasil,POINT(-70.66518042749773 -33.439980156700585)
PA726,PA726,Almirante Barroso / esq. Santo Domingo,POINT(-70.66245651283747 -33.43757321962742)
PA425,PA425,Almirante Barroso / esq. San Pablo,POINT(-70.66272197518423 -33.43493416907234)
PA352,PA352,Parada / Hospital Traumatológico,POINT(-70.65924705016229 -33.434575529267434)
PA601,PA601,San Pablo / esq. Teatinos,POINT(-70.6560308684786 -33.43444400494335)
PA221,PA221,Parada 10 / Estación Mapocho,POINT(-70.65306299583015 -33.43398000136978)
PA353,PA353,Parada 4 / Mercado Central,POINT(-70.64811100047838 -33.434176001492936)
PA214,PA214,Av. Pdte. Balmaceda / esq. Hnos. Amunátegui,POINT(-70.65729366497042 -33.431884183100266)
PA305,PA305,Parada / Mercado de Anticuarios,POINT(-70.66584185362754 -33.43023806836035)
PH341,PH341,Club Hípico / esq. Angel Guarello,POINT(-70.66743600407167 -33.49092999830043)
PH342,PH342,Club Hípico / esq. Avenida La Marina,POINT(-70.66862999990013 -33.49276100309987)
PH343,PH343,Club Hípico / esq. Avenida Lazo,POINT(-70.67026400417637 -33.49525099847485)
PH344,PH344,Club Hípico / esq. Av. Departamental,POINT(-70.67165506523189 -33.497345042240504)
PH345,PH345,Club Hípico / esq. Vecinal,POINT(-70.67307799908254 -33.49984499536979)
PH346,PH346,Parada / Estadio Dávila,POINT(-70.67401411124438 -33.50113637055497)
PH347,PH347,Parada 1 / Plaza Miguel Dávila Carson,POINT(-70.67547299154658 -33.503301125874884)
PH255,PH255,Avenida Lo Ovalle / esq. Los Cardenales,POINT(-70.67927800285031 -33.50777299697828)
PH349,PH349,Avenida Lo Ovalle / esq. Av. Clotario Blest,POINT(-70.68261799661 -33.5063190026598)
PH1478,PH1478,Maipú / esq. Punto IV,POINT(-70.68562344782087 -33.50732689808138)
PH1516,PH1516,Buenaventura / esq. Arturo Alessandri,POINT(-70.6867777768639 -33.508127654950265)
PH60,PH60,Card. Raúl Silva H. / esq. Pasaje 3 Sur,POINT(-70.69016689088028 -33.50826744193374)
PH61,PH61,Card. Raúl Silva H. / esq. Pasaje 7 Sur,POINT(-70.69097523468004 -33.50992245599884)
PH62,PH62,Card. Raúl Silva H. / esq. Pasaje 11 Sur,POINT(-70.69181100471535 -33.51158499805501)
PH63,PH63,Card. Raúl Silva H. / esq. Av.Pdte. S.Allende,POINT(-70.6928833293339 -33.513730429019894)
PH64,PH64,Card. Raúl Silva H. / esq. Pasaje 20 Sur,POINT(-70.6939171950943 -33.51584915856745)
PH65,PH65,Card. Raúl Silva H. / esq. Pasaje 23 Sur,POINT(-70.69453800273048 -33.51711299892068)
PH66,PH66,Card. Raúl Silva H. / esq. Av. Frei Montalva,POINT(-70.69564614981567 -33.51938150426833)
PH704,PH704,Av. Edo. Frei Montalva / esq. Avenida Central,POINT(-70.69540899899587 -33.51958800057327)
PH78,PH78,Card. Raúl Silva H. / esq. Pasaje 23 Sur,POINT(-70.69464100231423 -33.51760699745883)
PH79,PH79,Card. Raúl Silva H. / esq. Managua,POINT(-70.69397987349431 -33.51629749170194)
PH80,PH80,Card. Raúl Silva H. / esq. Av.Pdte. S.Allende,POINT(-70.69293688310111 -33.51416280843056)
PH81,PH81,Card. Raúl Silva H. / esq. Pasaje 14 Sur,POINT(-70.69247900465611 -33.513246002676055)
PH83,PH83,Card. Raúl Silva H. / esq. Pasaje 7 Sur,POINT(-70.69106500198197 -33.510350996523336)
PH84,PH84,Card. Raúl Silva H. / esq. Buenaventura,POINT(-70.68961899535104 -33.50744099597865)
PH365,PH365,Maipú / esq. Juan Sierra Z.,POINT(-70.68523610813536 -33.50669709585304)
PH366,PH366,Avenida Lo Ovalle / esq. Inés de Suárez,POINT(-70.68018888584868 -33.50752487411548)
PH367,PH367,Club Hípico / esq. Calle A,POINT(-70.67823799880158 -33.50771899737867)
PH368,PH368,Parada 2 / Copa Pobl. Dávila,POINT(-70.67709699849539 -33.505941000634785)
PH369,PH369,Parada 2 / Plaza Miguel Dávila Carson,POINT(-70.67534696914612 -33.50328092542549)
PH370,PH370,Parada / Estadio Dávila,POINT(-70.67416099908206 -33.50145100303626)
PH371,PH371,Club Hípico / esq. Vecinal,POINT(-70.6732780032798 -33.5001909981552)
PH372,PH372,Club Hípico / esq. Departamental Ant,POINT(-70.67192600322258 -33.497957000258445)
PH373,PH373,Club Hípico / esq. Avenida Lazo,POINT(-70.67043600435855 -33.49566500211635)
PH374,PH374,Club Hípico / esq. Avenida La Marina,POINT(-70.66880900318434 -33.493217002775594)
PH375,PH375,Club Hípico / esq. Ángel Guarello,POINT(-70.66754599525397 -33.49127599655977)
PH376,PH376,Club Hípico / esq. Salesianos,POINT(-70.66582799456098 -33.488636000260975)
PH377,PH377,Club Hípico / esq. Lago Calafquén,POINT(-70.66466000322964 -33.4869440007505)
PH378,PH378,Club Hípico / esq. Nueva 4,POINT(-70.66467799918543 -33.48522699674148)
PH379,PH379,Club Hípico / esq. Enrique Matte,POINT(-70.66469792700558 -33.48271436489553)
PH380,PH380,Club Hípico / esq. I. Valdés Valdés,POINT(-70.66470384899357 -33.48099616932409)
PH381,PH381,Parada 4 / (M) P. Aguirre Cerda,POINT(-70.66474503371808 -33.47892900099746)
PA691,PA691,Centenario / esq. Las Fucsias,POINT(-70.66931169841467 -33.47583964805887)
PA690,PA690,Parada / Plaza Yarur,POINT(-70.66783799861699 -33.47407700356336)
PA673,PA673,Avenida Pedro Montt / esq. Club Hípico,POINT(-70.66519399908283 -33.47377999753107)
PA318,PA318,Avenida Beaucheff / esq. Av. Gral. Rondizzoni,POINT(-70.66334529656092 -33.470674205706814)
PA319,PA319,Avenida Beaucheff / esq. Marsella,POINT(-70.66345299930882 -33.4675147681204)
PA320,PA320,Parada / Movistar Arena,POINT(-70.66363247035042 -33.46366853144849)
PA321,PA321,Parada / Fantasilandia,POINT(-70.66384599474806 -33.45886999964319)
PA322,PA322,Parada 2 / Escuela de Ingeniería,POINT(-70.66464443419437 -33.456966320807865)
PA323,PA323,Av. Ricardo Cumming / esq. Santo Domingo,POINT(-70.66850499940853 -33.43825300173689)
PA324,PA324,Av. Ricardo Cumming / esq. San Pablo,POINT(-70.66881096267245 -33.43517088996704)
PA600,PA600,San Pablo / esq. Avenida Brasil,POINT(-70.66521619799757 -33.43482647626954)
PA226,PA226,San Pablo / esq. Almirante Barroso,POINT(-70.66356500364283 -33.43475699766697)
PA344,PA344,Parada 12 / (M) Santa Lucía,POINT(-70.647183389078 -33.44286020244538)
PA345,PA345,Parada 4 / (M) Universidad de Chile,POINT(-70.64964306475963 -33.44340756152443)
PA365,PA365,Parada 3 / (M) La Moneda,POINT(-70.65586815641441 -33.444746930482474)
PA232,PA232,Parada 6 / (M) Los Héroes,POINT(-70.66066299979529 -33.44713900034079)
PA233,PA233,Manuel Rodríguez / esq. Sazié,POINT(-70.6601856011634 -33.448790951050455)
PA234,PA234,Parada 3 / (M) Parque O'Higgins,POINT(-70.65720311615554 -33.46100510237764)
PI73,PI73,Parada / Mercado Lo Valledor,POINT(-70.68703499978177 -33.482414000794726)
PH581,PH581,Central / esq. Quactemoc,POINT(-70.68719677640003 -33.48699393803328)
PH52,PH52,Raúl Silva Henríquez / esq. Pasaje C,POINT(-70.68729200019504 -33.48899399824926)
PH53,PH53,Raúl Silva Henríquez / esq. Pasaje H,POINT(-70.6870560021676 -33.4915379967279)
PH54,PH54,Raúl Silva Henríquez / esq. Plano Regulador,POINT(-70.6867678652748 -33.49460133606935)
PH55,PH55,Raúl Silva Henríquez / esq. Fraternal,POINT(-70.6882780031428 -33.498367002118016)
PH56,PH56,Raúl Silva Henríquez / esq. Unión Ferroviaria,POINT(-70.68921700302111 -33.5002640019577)
PH57,PH57,Raúl Silva Henríquez / esq. Pasaje 6-Norte,POINT(-70.69056200304738 -33.50299799616785)
PH58,PH58,Card. Raúl Silva H. / esq. 1 Norte,POINT(-70.69191235844094 -33.505763679781154)
PH59,PH59,Buenaventura / esq. Avenida Central,POINT(-70.68970900489762 -33.50718642265053)
PH77,PH77,Card. Raúl Silva H. / esq. Av. Frei Montalva,POINT(-70.69570200364643 -33.519697995177296)
PH82,PH82,Card. Raúl Silva H. / esq. Acapulco,POINT(-70.69187600279253 -33.51201500339642)
PH85,PH85,Buenaventura / esq. El Riel,POINT(-70.69116999471856 -33.50658699792793)
PH86,PH86,Card. Raúl Silva H. / esq. Avenida Lo Ovalle,POINT(-70.69079700432414 -33.50375799944614)
PH87,PH87,Raúl Silva Henríquez / esq. Unión Ferroviaria,POINT(-70.6892960013898 -33.500705001277204)
PH88,PH88,Raúl Silva Henríquez / esq. Isla de Pascua,POINT(-70.68788100453929 -33.49785499793892)
PH89,PH89,Raúl Silva Henríquez / esq. Centro América,POINT(-70.68667500119392 -33.49423300183595)
PH90,PH90,Raúl Silva Henríquez / esq. Gerardo Barrios,POINT(-70.6868679975862 -33.49224299644908)
PH91,PH91,Raúl Silva Henríquez / esq. Cabo Cobo,POINT(-70.68719399502586 -33.488745999792094)
PH92,PH92,Avenida Cerrillos / esq. Av. Departamental,POINT(-70.68736399738687 -33.48598099892213)
PH93,PH93,Parada / Mercado Lo Valledor,POINT(-70.68599015362317 -33.482470571953115)
PA235,PA235,Avenida Viel / esq. Pedro Lagos,POINT(-70.65603865427725 -33.46719489804239)
PA236,PA236,Avenida Viel / esq. Victoria,POINT(-70.65615199603583 -33.46489199853446)
PA237,PA237,Avenida Viel / esq. Santiago,POINT(-70.65624699461213 -33.46291800328991)
PA238,PA238,Parada 2 / (M) Parque O'Higgins,POINT(-70.65633897389237 -33.46088778314508)
PA239,PA239,Parada 3 / Museo Militar,POINT(-70.65660758371041 -33.456808497912625)
PA240,PA240,Manuel Rodríguez / esq. Av. 10 de Julio,POINT(-70.65740599974406 -33.45485199821196)
PA339,PA339,Parada 5 / (M) Universidad de Chile,POINT(-70.64958591753864 -33.44382152033488)
PI356,PI356,Parada / Mall Plaza Oeste,POINT(-70.715443003446 -33.5158630039997)
PA675,PA675,Parada 13 / (M) Los Héroes,POINT(-70.65994599858037 -33.44750799766005)
PI358,PI358,Parada / Lider - Oeste,POINT(-70.7089329980172 -33.51781600323426)
PI359,PI359,Parada / Mall Plaza Oeste,POINT(-70.71346899866461 -33.516058996631195)
PB422,PB422,Parada 2 / Norte Sur - Dorsal,POINT(-70.68226428510033 -33.402964673030816)
PB423,PB423,Parada / INACAP - Renca,POINT(-70.68040783769092 -33.40737645633078)
PB424,PB424,Parada / Terminal de Flores,POINT(-70.6800491005243 -33.41011682039376)
PB425,PB425,Av. Edo. Frei Montalva / esq. José M. Balmaceda,POINT(-70.67952799588895 -33.41423699894664)
PB426,PB426,Parada / Pasarela Aldunate,POINT(-70.6792085227406 -33.4159872648661)
PB427,PB427,Parada / Pasarela Zañartu,POINT(-70.67881223218922 -33.418081614291886)
PB428,PB428,Parada / Pasarela Enrique Soro,POINT(-70.67582348346542 -33.42122719571834)
PB429,PB429,Parada 1 / Puente Bulnes,POINT(-70.67247185928726 -33.42478712012219)
PA51,PA51,Parada 3 / (M) Santa Ana,POINT(-70.65824508065917 -33.438587354529275)
PA52,PA52,San Martín / esq. Moneda,POINT(-70.65780838105906 -33.441980898113535)
PA28,PA28,Parada 7 / (M) La Moneda,POINT(-70.65680101524381 -33.44571557946015)
PA598,PA598,Parada 8 / (M) Universidad de Chile,POINT(-70.65224000474392 -33.44454000369353)
PA371,PA371,Parada 5 / (M) Santa Lucía,POINT(-70.64531300389298 -33.442808996642306)
PA169,PA169,Parada 1 / (M) Universidad Católica,POINT(-70.64058707013115 -33.44039442226231)
PA170,PA170,Parada 6 / Plaza Italia,POINT(-70.63630999504724 -33.438124001894046)
PA373,PA373,Parada 9 / Plaza Italia,POINT(-70.6370586230324 -33.437628241448934)
PA692,PA692,Parada 2 / (M) Universidad Católica,POINT(-70.64138290869923 -33.44056597675929)
PA43,PA43,Miraflores / esq. Agustinas,POINT(-70.64520259764475 -33.44060660512969)
PA44,PA44,Miraflores / esq. Merced,POINT(-70.6455090030484 -33.4382730029556)
PA261,PA261,Parada 4 / San Antonio - Santo Domingo,POINT(-70.6483550924086 -33.43586603596098)
PA262,PA262,Parada 2 / (M) Plaza de Armas,POINT(-70.65106052145597 -33.43614495744177)
PA423,PA423,Parada 1 / Santo Domingo - Teatinos,POINT(-70.65550433806897 -33.436658272146424)
PA303,PA303,Parada 1 / (M) Santa Ana,POINT(-70.65892262507924 -33.437004426460206)
PA245,PA245,Parada 2 / Teatro Teletón,POINT(-70.65976600270257 -33.436120001799175)
PA265,PA265,Manuel Rodríguez / esq. San Pablo,POINT(-70.65994200375806 -33.43479199935657)
PB430,PB430,Av. Edo. Frei Montalva / esq. Comte. Canales,POINT(-70.66424099811266 -33.4278169988878)
PB1525,PB1525,Av. Edo. Frei Montalva / esq. Carlos Medina,POINT(-70.6673420025188 -33.426698996339525)
PB431,PB431,Parada 2 / Puente Bulnes,POINT(-70.67080300103714 -33.425476001169805)
PB432,PB432,Parada / Pasarela Enrique Soro,POINT(-70.67446199843104 -33.42148600326403)
PB433,PB433,Parada / Pasarela Zañartu,POINT(-70.67792699800485 -33.41849599688076)
PB434,PB434,Parada / Pasarela Aldunate,POINT(-70.67850700203213 -33.41626499947505)
PB435,PB435,Av. Edo. Frei Montalva / esq. Dgo. Santa María,POINT(-70.67873050231778 -33.41449454374168)
PB436,PB436,Parada / Terminal de Flores,POINT(-70.67956602791536 -33.4091871784812)
PB437,PB437,Parada / INACAP - Renca,POINT(-70.6800185321519 -33.40610573765239)
PB1559,PB1559,Parada 1 / Norte Sur - Dorsal,POINT(-70.68147008199591 -33.40319810154361)
PB439,PB439,Parada / Pasarela El Olivo,POINT(-70.6821619953735 -33.402061349244214)
PA329,PA329,Parada 13 / Estación Mapocho,POINT(-70.65223178200729 -33.43184982856926)
PA476,PA476,Parada 5 / Recoleta Franciscana,POINT(-70.64891036199523 -33.43263813881636)
PA89,PA89,Parada 1 / Santo Domingo - San Antonio,POINT(-70.64883604165085 -33.43559504520021)
PA820,PA820,Parada 3 / Merced - San Antonio,POINT(-70.64854594711599 -33.437477407471036)
PA821,PA821,Parada 1 / Teatro Municipal,POINT(-70.64794531720767 -33.44128920552847)
PC145,PC145,Parada 3 / Plaza Italia,POINT(-70.6349659953608 -33.43758800011386)
PA259,PA259,Parada 4 / (M) Bellas Artes,POINT(-70.64259247339622 -33.43653672618731)
PB1967,PB1967,Av. Independencia / esq. Pablo Urzúa,POINT(-70.66595180158014 -33.401028475635975)
PB1964,PB1964,Parada 1 / Einstein - Independencia,POINT(-70.66309249492733 -33.404136575490796)
PB1960,PB1960,Parada 6 / (M) Pza. Chacabuco,POINT(-70.66072690078639 -33.40745247528709)
PB1958,PB1958,Av. Independencia / esq. Los Nidos,POINT(-70.65968610142012 -33.41021837989836)
PB1957,PB1957,Parada 1 / Inglaterra - Independencia,POINT(-70.65849540108063 -33.412852476072445)
PB1955,PB1955,Parada 1 / CESFAM Dr. Agustín Cruz Melo,POINT(-70.65700939968225 -33.4158726742467)
PB1953,PB1953,Parada 1 / (M) Hospitales,POINT(-70.65633599516642 -33.41796327730283)
PB1951,PB1951,Parada 3 / Hospital Clínico U. de Chile,POINT(-70.65562799592335 -33.420927379635565)
PB1950,PB1950,Parada 1 / Mall Barrio Independencia,POINT(-70.65453629372874 -33.42580077827155)
PB1948,PB1948,Parada 1 / Gral. de La.Lastra - Independencia,POINT(-70.653514392892 -33.429639877107455)
PA84,PA84,Parada 2 / Estación Mapocho,POINT(-70.65309000050547 -33.43243600334594)
PA87,PA87,Parada 7 / Estación Mapocho,POINT(-70.65239099569558 -33.43300600392501)
PB212,PB212,Parada / Terminal de Buses La Paz,POINT(-70.65140555205986 -33.428859104112725)
PB587,PB587,Echeverría / esq. Residencial,POINT(-70.65188386600379 -33.42497171931482)
PB214,PB214,Parada 2 / Mall Barrio Independencia,POINT(-70.65427719750755 -33.42511218181207)
PB1952,PB1952,Parada 5 / Hospital Clínico U. de Chile,POINT(-70.65580509923848 -33.420222175936686)
PB1954,PB1954,Parada 6 / (M) Hospitales,POINT(-70.65647819741494 -33.41746847512493)
PB1956,PB1956,Parada 2 / CESFAM Dr. Agustín Cruz Melo,POINT(-70.65734189281882 -33.41528617390125)
PB1959,PB1959,Av. Independencia / esq. General Saavedra,POINT(-70.6597131032594 -33.41015907510576)
PB1963,PB1963,Parada 5 / (M) Pza. Chacabuco,POINT(-70.6616281986559 -33.40588297462851)
PB1966,PB1966,Parada 2 / Einstein - Independencia,POINT(-70.66369749716011 -33.40351627472056)
PB1968,PB1968,Av. Independencia / esq. Huidobro,POINT(-70.6664722008985 -33.40058507323182)
PI357,PI357,Parada / Lider - Oeste,POINT(-70.70921110741332 -33.51827764962513)
PI1428,PI1428,Avenida Aeropuerto / esq. Acceso Lider,POINT(-70.71099749979825 -33.515916287881964)
PI1424,PI1424,Avenida Aeropuerto / esq. Nueva Uno,POINT(-70.71035508409443 -33.51518853160361)
PI1425,PI1425,Avenida Aeropuerto / esq. Carriel Sur,POINT(-70.70865900234087 -33.51322499641226)
PI1422,PI1422,Avenida Aeropuerto / esq. Ob. Javier Vasquez,POINT(-70.70754198201503 -33.51193896150469)
PI1423,PI1423,Avenida Aeropuerto / esq. Fernández Albano,POINT(-70.70567368929063 -33.509767058273766)
PI1429,PI1429,Av.Fernández Albano / esq. Otter,POINT(-70.70167244117327 -33.51091819967188)
PH602,PH602,Avenida Cerrillos / esq. Pasaje 13 Sur,POINT(-70.69861499422636 -33.51051300010899)
PH603,PH603,Avenida Cerrillos / esq. Av. Card. José Mª Caro,POINT(-70.69703888373964 -33.507341538006614)
PH604,PH604,Avenida Cerrillos / esq. Buenaventura,POINT(-70.69600999987576 -33.50525400188271)
PH605,PH605,Avenida Lo Ovalle / esq. Azteca,POINT(-70.69301900108829 -33.50285400209701)
PH606,PH606,Avenida Lo Ovalle / esq. Avenida Central,POINT(-70.69105300067308 -33.50352799709978)
PH477,PH477,Avenida Lo Ovalle / esq. Cooperación,POINT(-70.68775295930931 -33.504669833899754)
PH478,PH478,Avenida Lo Ovalle / esq. Maipú,POINT(-70.68505299593265 -33.50560699833479)
PH479,PH479,Avenida Lo Ovalle / esq. Av. Clotario Blest,POINT(-70.68309899531633 -33.50625400299989)
PH257,PH257,Avenida Lo Ovalle / esq. Pasaje 38,POINT(-70.67696299860904 -33.508379998213435)
PH258,PH258,Avenida Lo Ovalle / esq. Valparaíso,POINT(-70.67452299695402 -33.5093439967878)
PH259,PH259,Avenida Lo Ovalle / esq. Av. J. J. Prieto Vial,POINT(-70.67151799671466 -33.51064800074554)
PG274,PG274,Avenida Lo Ovalle / esq. Nueva 2,POINT(-70.66970596884777 -33.51120418771166)
PG289,PG289,Avenida Lo Ovalle / esq. Colón,POINT(-70.66634444293335 -33.51224154557299)
PG278,PG278,Avenida Lo Ovalle / esq. Ciencias,POINT(-70.66259800246571 -33.513363999186986)
PG1107,PG1107,Ciencias / esq. Briones Luco,POINT(-70.66283611286248 -33.51479431651036)
PG425,PG425,Ciencias / esq. Sergio Ceppi,POINT(-70.66325388474809 -33.516441036130296)
PG1167,PG1167,Locarno / esq. Paulina,POINT(-70.66125893918414 -33.51824641489332)
PG1585,PG1585,Parada / EIM Lo Ovalle,POINT(-70.66038444581373 -33.51690325796732)
PG279,PG279,Parada 3 / Paradero 17 Gran Avenida,POINT(-70.6584050004002 -33.51465299780202)
PG445,PG445,Paulina / esq. Locarno,POINT(-70.660917946894 -33.518613184080586)
PG1587,PG1587,Paulina / esq. Santa Corina,POINT(-70.66101900356213 -33.51493000293237)
PH250,PH250,Avenida Lo Ovalle / esq. 2ª Transversal,POINT(-70.66179199557837 -33.513530000993846)
PH464,PH464,Avenida Lo Ovalle / esq. 3ª Transversal,POINT(-70.66461300370098 -33.51266899508821)
PH251,PH251,Avenida Lo Ovalle / esq. 4ª Transversal,POINT(-70.66685099519337 -33.5119870009784)
PH252,PH252,Avenida Lo Ovalle / esq. Pasaje 4,POINT(-70.67018610887023 -33.5109720982249)
PH253,PH253,Avenida Lo Ovalle / esq. Las Magnolias,POINT(-70.67404000170039 -33.50942900169503)
PH254,PH254,Avenida Lo Ovalle / esq. Las Camelias,POINT(-70.67610800133188 -33.50852599570174)
PH465,PH465,Avenida Lo Ovalle / esq. Arturo Alessandri,POINT(-70.68582218507251 -33.5052323172835)
PH466,PH466,Avenida Lo Ovalle / esq. Avenida Central,POINT(-70.69051099713805 -33.50362000342283)
PI1307,PI1307,Av.Fernández Albano / esq. Av. Aeropuerto,POINT(-70.70505700209837 -33.50962999806454)
PI1427,PI1427,Avenida Aeropuerto / esq. Ob. Javier Vasquez,POINT(-70.70748684226572 -33.51157904445386)
PI1426,PI1426,Avenida Aeropuerto / esq. Carriel Sur,POINT(-70.70870175993315 -33.5131519824943)
PI1421,PI1421,Avenida Aeropuerto / esq. Nueva Uno,POINT(-70.71022585018669 -33.51473509422294)
PI360,PI360,Av. Américo Vespucio / esq. Camino a Lonquén,POINT(-70.71731399898951 -33.5143039976111)
PI1069,PI1069,Yelcho / esq. Palena,POINT(-70.70745400257728 -33.4726230014081)
PI1070,PI1070,Palena / esq. Colu,POINT(-70.7066749966044 -33.4704779975909)
PI1071,PI1071,Río Quetro / esq. Pasaje Quillagua,POINT(-70.70606299998116 -33.46875700201628)
PI1072,PI1072,Río Quetro / esq. Av. Las Rejas-Sur,POINT(-70.70492200227869 -33.468776997123065)
PI1166,PI1166,Padre V. Irarrázaval / esq. Pingüinos,POINT(-70.69295928512234 -33.47105406391797)
PI1167,PI1167,Padre V. Irarrázaval / esq. Hermanos Carrera,POINT(-70.69283799929134 -33.47366299985665)
PI1168,PI1168,Padre V. Irarrázaval / esq. Av. Del Ferrocarril,POINT(-70.69263799911245 -33.475838002326896)
PI1169,PI1169,Avenida del Ferrocarril / esq. Pasaje 23,POINT(-70.69004199754285 -33.47505999955894)
PI1675,PI1675,Av. Padre Hurtado / esq. Manuel Rodríguez,POINT(-70.68785062167541 -33.472210166069004)
PI1170,PI1170,Logroño / esq. Adolfo Eastman,POINT(-70.68611388197773 -33.47094987654205)
PI1172,PI1172,Obispo Manuel Umaña / esq. Pedro A. González,POINT(-70.68450758555662 -33.468387821027896)
PI1491,PI1491,Obispo Manuel Umaña / esq. Arz. Subercaseaux,POINT(-70.68439012748799 -33.46608167021777)
PI1173,PI1173,Obispo Manuel Umaña / esq. Iquique,POINT(-70.68426800336829 -33.46452999640259)
PI1174,PI1174,Obispo Manuel Umaña / esq. Hogar de Cristo,POINT(-70.68413499887673 -33.46191600349828)
PI1175,PI1175,Obispo Manuel Umaña / esq. Arica,POINT(-70.68401899928996 -33.45951200086228)
PI1176,PI1176,Obispo Manuel Umaña / esq. Tacna,POINT(-70.68393600310482 -33.45736600065356)
PI1177,PI1177,Obispo Manuel Umaña / esq. Ob. Javier Vásquez,POINT(-70.68398399442532 -33.455088998686364)
PI1178,PI1178,Parada 6 / (M) Universidad de Santiago,POINT(-70.68480400250832 -33.452914999054975)
PI1814,PI1814,Parada 6 / (M) Estación Central,POINT(-70.67806116934194 -33.45090455693243)
PA163,PA163,Parada 1 / (M) Unión Latinoamericana,POINT(-70.67081699709924 -33.44893699644941)
PA164,PA164,Parada 2 / (M) República,POINT(-70.66678206127807 -33.44786456006653)
PA165,PA165,Parada 7 / (M) Los Héroes,POINT(-70.66109999788894 -33.446742998950526)
PA167,PA167,Parada 6 / (M) Universidad de Chile,POINT(-70.65086193707704 -33.44412840783191)
PA92,PA92,Parada 1 / Alonso de Ovalle - San Francisco,POINT(-70.64713142485358 -33.445212259574944)
PA93,PA93,Parada 3 / Santa Isabel - San Francisco,POINT(-70.6469233848652 -33.45056985538562)
PA94,PA94,Parada 3 / Diez de Julio - San Francisco,POINT(-70.64660362493524 -33.453267015571214)
PA95,PA95,Parada 9 / (M) Matta,POINT(-70.64565299531203 -33.45766300339233)
PA96,PA96,Parada 3 / Hospital Sn. Borja Arriarán,POINT(-70.64504849126862 -33.460698614084386)
PA97,PA97,Parada 3 / Victoria - San Francisco,POINT(-70.64464495103199 -33.46421435492159)
PA98,PA98,Parada 3 / Ñuble - San Francisco,POINT(-70.64405899746727 -33.46909399564074)
PA99,PA99,Parada 3 / Matadero Franklin,POINT(-70.6438841815744 -33.472264048798564)
PA819,PA819,San Francisco / esq. Placer,POINT(-70.64381835794235 -33.475160069846844)
PH785,PH785,Parada 5 / (M) Bío Bío,POINT(-70.64219199737178 -33.47881899870142)
PH401,PH401,Parada 9 / (M) Bío Bío,POINT(-70.64077099958331 -33.47719899506851)
PH402,PH402,Pintor Cicarelli / esq. Yalta,POINT(-70.6372449948901 -33.477055997895015)
PH403,PH403,Carlos Silva Vildósola / esq. Carmen,POINT(-70.63430674858148 -33.478051313424835)
PH385,PH385,Carlos Silva Vildósola / esq. Lira,POINT(-70.63114700130087 -33.47754299700198)
PH386,PH386,Lira / esq. Diag. Sta. Elena,POINT(-70.63057491525468 -33.47937064212704)
PH1465,PH1465,Juan Sebastián Bach / esq. Stravinsky,POINT(-70.62826388809944 -33.48021098756748)
PH387,PH387,Juan Sebastián Bach / esq. Haydn,POINT(-70.62571700011183 -33.47971499508058)
PE473,PE473,Sebastopol / esq. Avenida Estadio,POINT(-70.61321287076113 -33.51519898898219)
PE474,PE474,Sebastopol / esq. Punta Arenas,POINT(-70.61129000268218 -33.51524200353218)
PE475,PE475,Parada / Paradero 10 Av.Vicuña Mackenna,POINT(-70.60911861634838 -33.51356461692946)
PE476,PE476,Parada 5 / (M) Mirador,POINT(-70.60690297626753 -33.51301711854322)
PE478,PE478,Mirador Azul / esq. El Mirador,POINT(-70.60408099986849 -33.51252100163727)
PE1419,PE1419,Parada 1 / Mall Florida Center,POINT(-70.60605152898486 -33.51209820188513)
PE1289,PE1289,Parada 4 / (M) Mirador,POINT(-70.60589379928092 -33.512668576629885)
PE1487,PE1487,Parada 6 / (M) Mirador,POINT(-70.60844377746334 -33.513167562415916)
PE1488,PE1488,Av. Vicuña Mackenna / esq. Millaray,POINT(-70.60712012577343 -33.51532828999356)
PE1302,PE1302,Millaray / esq. Fresia,POINT(-70.60859236155815 -33.515957127317115)
PE1315,PE1315,Sebastopol / esq. Avenida Estadio,POINT(-70.61338199982416 -33.51508899999885)
PE1314,PE1314,Sebastopol / esq. Mañío,POINT(-70.61517600139084 -33.51502100292187)
PE1307,PE1307,Mañío / esq. Avenida Lo Ovalle,POINT(-70.61590499800478 -33.513595001559125)
PH1466,PH1466,Avenida Lo Ovalle / esq. Francia,POINT(-70.61775999494284 -33.51367199629495)
PH412,PH412,Avenida Lo Ovalle / esq. Avenida Haydn,POINT(-70.61961799543327 -33.51414799789613)
PH669,PH669,Avenida Haydn / esq. Lago Rupanco,POINT(-70.6199510044266 -33.51286499505344)
PH670,PH670,Avenida Haydn / esq. Futrono,POINT(-70.6204666478164 -33.51053709599265)
PH671,PH671,Avenida Haydn / esq. Av. Departamental,POINT(-70.62086400277109 -33.50816899713042)
PH1535,PH1535,Avenida Haydn / esq. Llico,POINT(-70.62156444048594 -33.50492446115778)
PH1534,PH1534,Avenida Haydn / esq. Pirámide,POINT(-70.62174084785919 -33.50325410490812)
PH1545,PH1545,Avenida Haydn / esq. Capitán Prat,POINT(-70.62249170292762 -33.500798547459)
PH423,PH423,Avenida Haydn / esq. Ingeniero Budge,POINT(-70.62290899429632 -33.49842199963002)
PH424,PH424,Avenida Haydn / esq. Av.Pdte. S.Allende,POINT(-70.62322424386086 -33.496539480084266)
PH425,PH425,Central / esq. Comercio,POINT(-70.62370884116824 -33.49420066290265)
PH426,PH426,Central / esq. El Pinar,POINT(-70.6238517344666 -33.491866385894824)
PH1470,PH1470,1° de Mayo / esq. Darwin,POINT(-70.62431899408165 -33.48976999549781)
PH1648,PH1648,1° de Mayo / esq. Av.Carlos Valdovinos,POINT(-70.6251151444969 -33.4861366755887)
PH482,PH482,Isabel Riquelme / esq. Enrique Soro,POINT(-70.62724799964697 -33.48289499574283)
PH181,PH181,Sierra Bella / esq. Santa Corina,POINT(-70.63108800261834 -33.47908199705877)
PH791,PH791,Pintor Cicarelli / esq. Artemio Gutiérrez,POINT(-70.63237695090454 -33.47628724317323)
PH432,PH432,Pintor Cicarelli / esq. Carmen,POINT(-70.63430219309855 -33.47656073102701)
PH433,PH433,Pintor Cicarelli / esq. Yalta,POINT(-70.6367809968189 -33.476916997246526)
PH434,PH434,Parada 8 / (M) Bío Bío,POINT(-70.64165599491828 -33.477106001303504)
PA100,PA100,Parada 2 / Persa Bío Bío,POINT(-70.64193048594274 -33.47405452870621)
PA101,PA101,Parada 2 / Franklin - Santa Rosa,POINT(-70.64203600198339 -33.471990003210124)
PA102,PA102,Parada 2 / Sargento Aldea - Santa Rosa,POINT(-70.64223500393061 -33.46862000324611)
PA103,PA103,Parada 2 / Miguel León Prado - Santa Rosa,POINT(-70.64240617769748 -33.46464405605103)
PA104,PA104,Parada 2 / Hospital Sn. Borja Arriarán,POINT(-70.6428511598185 -33.46088945573126)
PA105,PA105,Parada 3 / (M) Matta,POINT(-70.64326693227004 -33.45766397951062)
PA106,PA106,Parada 2 / Colegio Santa María,POINT(-70.64409899426443 -33.45211600176137)
PA107,PA107,Parada 2 / Cóndor - Santa Rosa,POINT(-70.6444809981559 -33.44986099736915)
PA108,PA108,Parada 4 / Curicó - Santa Rosa,POINT(-70.64514584894667 -33.44669224175852)
PA183,PA183,Parada 3 / (M) Universidad de Chile,POINT(-70.6512749998496 -33.443799999225135)
PA185,PA185,Parada 3 / (M) Los Héroes,POINT(-70.6610999947122 -33.4459579980773)
PA187,PA187,Parada 1 / (M) República,POINT(-70.66703886447789 -33.44741792468459)
PA186,PA186,Parada 6 / (M) Unión Latinoamericana,POINT(-70.67131999493282 -33.44857499771274)
PA16,PA16,Parada 2 / (M) Estación Central,POINT(-70.67843199926929 -33.450482995106576)
PI1076,PI1076,Avenida Ecuador / esq. Ob. Manuel Umaña,POINT(-70.68543373127991 -33.45081405837807)
PI1077,PI1077,Avenida Ecuador / esq. Ruiz Tagle,POINT(-70.68816699842573 -33.450729997902805)
PI346,PI346,Parada 4 / Estadio USACH,POINT(-70.69133841478823 -33.451279991447194)
PI911,PI911,Parada 8 / (M) San Alberto Hurtado,POINT(-70.69095899748494 -33.4545450008758)
PI68,PI68,Av. General Velásquez / esq. Avenida 5 de Abril,POINT(-70.68972100294874 -33.45778199962827)
PI69,PI69,Parada / Santuario Padre Hurtado,POINT(-70.68851100034082 -33.46150600027894)
PI70,PI70,Av. General Velásquez / esq. Veteranos del 79,POINT(-70.68833588348531 -33.46391370934756)
PI71,PI71,Av. General Velásquez / esq. Arz. Subercaseaux,POINT(-70.68840669703994 -33.46611155152444)
PI72,PI72,Av. General Velásquez / esq. Pingüinos,POINT(-70.68840899408974 -33.470134995851296)
PI1183,PI1183,Avenida del Ferrocarril / esq. Pasaje 26,POINT(-70.68986800242698 -33.474876003595064)
PI1184,PI1184,Avenida del Ferrocarril / esq. Padre V. Irarrázaval,POINT(-70.69227099773086 -33.47609399861594)
PI1185,PI1185,Padre V. Irarrázaval / esq. Hermanos Carrera,POINT(-70.69271099683517 -33.47400200404836)
PI1186,PI1186,Padre V. Irarrázaval / esq. Pingüinos,POINT(-70.69284249718369 -33.47154903274957)
PI1187,PI1187,Padre V. Irarrázaval / esq. Capitán Gálvez,POINT(-70.69302299869378 -33.4687249979844)
PI1188,PI1188,Padre V. Irarrázaval / esq. Arz. Subercaseaux,POINT(-70.69308400113528 -33.46711300105421)
PI1189,PI1189,Arz. Subercaseaux / esq. Uspallata,POINT(-70.69554388623683 -33.46711641733074)
PI1266,PI1266,Uspallata / esq. Capitán Gálvez,POINT(-70.69644499776308 -33.46837099868323)
PI1190,PI1190,Juana Weber / esq. Ramón Rivas,POINT(-70.69785600214637 -33.468578995616284)
PI1191,PI1191,Juana Weber / esq. Pasaje 1,POINT(-70.70155942315688 -33.46847807928678)
PI1192,PI1192,Río Quetro / esq. Av. Las Rejas-Sur,POINT(-70.70437399527438 -33.46877699594476)
PI1193,PI1193,Río Quetro / esq. Palena,POINT(-70.70595141831528 -33.46858029494955)
PI1082,PI1082,Palena / esq. Taitao,POINT(-70.70669799455234 -33.4700039953201)
PI1083,PI1083,Palena / esq. Yelcho,POINT(-70.70724399770991 -33.47242499834882)
PI1084,PI1084,Yelcho / esq. Av. Aeropuerto,POINT(-70.7112800058122 -33.471897862224495)
PI1194,PI1194,Avenida Aeropuerto / esq. Taitao,POINT(-70.7110319940555 -33.469745995416574)
PI1195,PI1195,Avenida Aeropuerto / esq. Avenida 5 de Abril,POINT(-70.71095568943822 -33.46757084375229)
PI5,PI5,Avenida 5 de Abril / esq. Vista Hermosa,POINT(-70.71362000190288 -33.468278999488255)
PI6,PI6,Avenida 5 de Abril / esq. Vista Hermosa,POINT(-70.71597399473376 -33.46938700034422)
PI7,PI7,Avenida 5 de Abril / esq. El Altarcillo,POINT(-70.71792400402082 -33.47039900342148)
PJ1774,PJ1774,Parada 3 / Tropezón,POINT(-70.69247096389657 -33.431161692587544)
PJ97,PJ97,Parada 2 / (M) Gruta de Lourdes,POINT(-70.69100499418427 -33.43806000368367)
PA331,PA331,Parada 5 / (M) Quinta Normal,POINT(-70.67987957868809 -33.441092848114174)
PI1075,PI1075,Parada 9 / (M) Estación Central,POINT(-70.67913200450631 -33.450376001397295)
PI344,PI344,Parada 4 / San Borja,POINT(-70.68182491572561 -33.45156409282863)
PI404,PI404,Parada 4 / (M) Universidad de Santiago,POINT(-70.6855909975568 -33.452426002745156)
PI405,PI405,Parada 2 / (M) San Alberto Hurtado,POINT(-70.6901339974445 -33.45350899989912)
PH1501,PH1501,Avenida Lo Ovalle / esq. Armada Nacional,POINT(-70.68850764508075 -33.5043181859511)
PI641,PI641,Camino a Lonquén / esq. Camino sin Nombre,POINT(-70.7192201591466 -33.515249496184396)
PI642,PI642,Parada / Homecenter - Oeste,POINT(-70.71403400002872 -33.51865400056146)
PI1384,PI1384,Av. Los Cerrillos / esq. Salomón Sack,POINT(-70.71975300472926 -33.49134199931622)
PI1386,PI1386,Av. Los Cerrillos / esq. Rapa Nui,POINT(-70.71723599524596 -33.49110700363523)
PI670,PI670,Félix Margoz / esq. Los Copihues,POINT(-70.71605900128426 -33.49016599953107)
PI1377,PI1377,Félix Margoz / esq. Los Almendros,POINT(-70.71425146726423 -33.49084798156835)
PI671,PI671,Félix Margoz / esq. Comercio,POINT(-70.71195200397295 -33.49173399794964)
PI1432,PI1432,Av.Pdte. Salvador Allende / esq. Pasaje Ginebra,POINT(-70.70153496677868 -33.48097801528291)
PI52,PI52,Avenida Suiza / esq. Lucerna,POINT(-70.69895900360724 -33.481436998109075)
PI1819,PI1819,Parada 9 / (M) Cerrillos,POINT(-70.69428506462665 -33.48210938802688)
PI203,PI203,Parada 2 / Escuela P. Aguirre Cerda,POINT(-70.69287500195686 -33.48052599622465)
PI204,PI204,Av. Pedro Aguirre Cerda / esq. Av.Carlos Valdovinos,POINT(-70.69094999492043 -33.478428998600684)
PI205,PI205,Av. Pedro Aguirre Cerda / esq. Av. Gral. Velásquez,POINT(-70.68846400196016 -33.476242001712365)
PI206,PI206,Av. Pedro Aguirre Cerda / esq. Hipólito Villegas,POINT(-70.685087334498 -33.47374144855821)
PI207,PI207,Av. Pedro Aguirre Cerda / esq. Buzeta,POINT(-70.68192016247191 -33.471406658534306)
PI208,PI208,Parada 3 / Plaza Melipilla,POINT(-70.67864099713138 -33.470727999210496)
PI209,PI209,Parada / Estadio San Eugenio,POINT(-70.67586753901078 -33.47070007357139)
PI210,PI210,Ramón Subercaseaux / esq. San Alfonso,POINT(-70.6732185630478 -33.47067404843842)
PA684,PA684,Av. General Rondizzoni / esq. Francisco Pizarro,POINT(-70.67055099822272 -33.47064100264265)
PA537,PA537,Av. General Rondizzoni / esq. Avenida El Mirador,POINT(-70.66807300463144 -33.47062100336703)
PA671,PA671,Parada 3 / (M) Rondizzoni,POINT(-70.65677999948934 -33.47017799783021)
PA605,PA605,Ñuble / esq. Arturo Prat,POINT(-70.64700199566308 -33.46967699569446)
PA149,PA149,Parada 4 / Pedro Lagos - Santa Rosa,POINT(-70.64230545826513 -33.465972695172056)
PA151,PA151,Parada 4 / (M) Matta,POINT(-70.64311850101058 -33.45865272386273)
PA527,PA527,Parada 1 / (M) Matta,POINT(-70.64230700396622 -33.45829999830915)
PA510,PA510,Santiago Concha / esq. Amazonas,POINT(-70.64006389174875 -33.459708210842315)
PA511,PA511,Santiago Concha / esq. Victoria,POINT(-70.63930599539418 -33.46253803641513)
PA569,PA569,Santiago Concha / esq. M. León Prado,POINT(-70.63905300009522 -33.46354200209465)
PA570,PA570,Santiago Concha / esq. Maule,POINT(-70.63845499694408 -33.465829000355725)
PA571,PA571,Santiago Concha / esq. Ñuble,POINT(-70.63778000396934 -33.468328003774786)
PA572,PA572,Santiago Concha / esq. Franklin,POINT(-70.63678999994355 -33.47220199995334)
PA507,PA507,Franklin / esq. San Isidro,POINT(-70.63905689745026 -33.47265106856555)
PA508,PA508,Franklin / esq. Av. Santa Rosa,POINT(-70.64183299535247 -33.47283799875164)
PA509,PA509,Franklin / esq. San Diego,POINT(-70.64793399958562 -33.4731740014427)
PA595,PA595,Franklin / esq. Roberto Espinoza,POINT(-70.65101198276113 -33.473379102502975)
PA596,PA596,Parada 4 / Centro de Justicia,POINT(-70.6539199952935 -33.47353700271581)
PA532,PA532,Av. General Rondizzoni / esq. Luis Cousiño,POINT(-70.6590219994212 -33.4700519963657)
PA693,PA693,Luis Cousiño / esq. General Gana,POINT(-70.65968468907788 -33.470634717093674)
PA593,PA593,Parada / Penitenciaría,POINT(-70.65954695077626 -33.472927013048206)
PA594,PA594,Avenida Pedro Montt / esq. Avenida Beaucheff,POINT(-70.66283301656425 -33.47321600455247)
PA712,PA712,Avenida Pedro Montt / esq. Club Hípico,POINT(-70.66447217831984 -33.473450286497)
PA534,PA534,Parada / Plaza Yarur,POINT(-70.6668599993372 -33.473545996466605)
PA661,PA661,Florencio Bahamondes / esq. Centenario,POINT(-70.66792499699854 -33.47549399560717)
PA660,PA660,Centenario / esq. Francisco Pizarro,POINT(-70.67003845300837 -33.47577512425802)
PA839,PA839,Parada / Plaza Jorge Montt,POINT(-70.67268298770067 -33.47481898840187)
PA677,PA677,Bascuñán Guerrero / esq. Isabel Riquelme,POINT(-70.6717489948855 -33.47644299538378)
PI59,PI59,Parada 5 / (M) Cerrillos,POINT(-70.69634500465172 -33.482876997582416)
PI60,PI60,Avenida Suiza / esq. Los Alpes,POINT(-70.69790857521673 -33.48196465408406)
PI1442,PI1442,Av.Pdte. Salvador Allende / esq. Bremen,POINT(-70.70150821665435 -33.48089565047787)
PI672,PI672,Las Rosas / esq. Antonio Escobar W.,POINT(-70.70313400055383 -33.483656003967965)
PI673,PI673,Las Rosas / esq. Piloto Acevedo,POINT(-70.70398232044153 -33.486021962426335)
PI674,PI674,Las Rosas / esq. Las Encinas,POINT(-70.70554399758208 -33.48793800307299)
PI675,PI675,Las Rosas / esq. Las Hortensias,POINT(-70.70694400140935 -33.489644000151436)
PI676,PI676,Las Rosas / esq. Las Américas,POINT(-70.70822250907041 -33.49130312900535)
PI677,PI677,Félix Margoz / esq. 19 de Septiembre,POINT(-70.7084709018482 -33.493074155907564)
PI678,PI678,Félix Margoz / esq. Princial,POINT(-70.70646160120631 -33.49391604779253)
PI679,PI679,Av. Los Cerrillos / esq. Adolfo Ibañez,POINT(-70.7079859980089 -33.49458400323986)
PI680,PI680,Av. Los Cerrillos / esq. Gabriela Mistral,POINT(-70.71061200488917 -33.49358900364148)
PI681,PI681,Av. Los Cerrillos / esq. Las Violetas,POINT(-70.71274699951326 -33.492758996902516)
PI682,PI682,Av. Los Cerrillos / esq. Los Lirios,POINT(-70.71497000227222 -33.49190099708644)
PI683,PI683,Av. Los Cerrillos / esq. Salomón Sack,POINT(-70.71696399409903 -33.49113699820953)
PI684,PI684,Av. Los Cerrillos / esq. Salomón Sack,POINT(-70.7193739992256 -33.49115099989129)
PI1677,PI1677,Embajador Quintana / esq. La Laguna,POINT(-70.70586830814364 -33.4518890959501)
PI835,PI835,Parada / Plaza Queilén,POINT(-70.70095199417123 -33.45121699537687)
PI836,PI836,Embajador Quintana / esq. Blanco Garces,POINT(-70.69798886259902 -33.45099305391148)
PI837,PI837,Constantino / esq. Buzo Sobenes,POINT(-70.69635900011846 -33.45028599805265)
PI838,PI838,Constantino / esq. Paraguay,POINT(-70.69627617262873 -33.449161078669356)
PI1073,PI1073,Constantino / esq. Porto Seguro,POINT(-70.6961919989511 -33.44810500405707)
PJ540,PJ540,Constantino / esq. Nueva Imperial,POINT(-70.69601499652403 -33.445643996428814)
PJ541,PJ541,Nueva Imperial / esq. Francisco Javier,POINT(-70.69365278035667 -33.444799877983804)
PI85,PI85,Parada / Estadio Marista,POINT(-70.68861137315787 -33.44438206421407)
PI87,PI87,Parada / Biblioteca de Santiago,POINT(-70.68051499769427 -33.4439859960896)
PA191,PA191,Parada 4 / (M) Quinta Normal,POINT(-70.67998154695256 -33.44109696753458)
PI1961,PI1961,Las Sophoras / esq. El Arrayán,POINT(-70.68375160519028 -33.44625002474955)
PI1757,PI1757,Las Sophoras / esq. Avenida Central,POINT(-70.68386705820657 -33.44776522574101)
PI1963,PI1963,Avenida Central / esq. Las Encinas,POINT(-70.68603765854625 -33.44773328802706)
PI1965,PI1965,Las Encinas / esq. Avenida Portales,POINT(-70.688038789919 -33.445228940842576)
PA641,PA641,Avenida Portales / esq. Apóstol Santiago,POINT(-70.69157195273219 -33.444331999663966)
PJ1075,PJ1075,Nueva Imperial / esq. Díaz Sagredo,POINT(-70.69299040236315 -33.444595104451516)
PI65,PI65,Av. General Velásquez / esq. Paraguay,POINT(-70.69260197253472 -33.44890700972456)
PI841,PI841,Parada 9 / (M) San Alberto Hurtado,POINT(-70.69244800311422 -33.45366300264076)
PI471,PI471,Parada 4 / Concón,POINT(-70.69528900145612 -33.45469400403913)
PI1801,PI1801,Concón / esq. Avenida Ecuador,POINT(-70.69650353159793 -33.45311179015378)
PI1079,PI1079,Avenida Ecuador / esq. Benedicto XV,POINT(-70.69889799785702 -33.45330999556781)
PI1080,PI1080,Avenida Ecuador / esq. Radal,POINT(-70.70125653326619 -33.45412908716253)
PI1081,PI1081,Avenida Ecuador / esq. Santa Petronila,POINT(-70.70361800176225 -33.45507499592318)
PJ18,PJ18,Parada 11 / (M) Las Rejas,POINT(-70.70570841864759 -33.456797307869344)
PI843,PI843,Las Violetas / esq. Los Alerces,POINT(-70.70677222125897 -33.459308209734395)
PI844,PI844,Las Violetas / esq. Las Catalpas,POINT(-70.7088199339951 -33.45943316771596)
PI845,PI845,Las Violetas / esq. Av. Aeropuerto,POINT(-70.71162693568364 -33.45959949875697)
PI846,PI846,Avenida Aeropuerto / esq. Los Jazmines,POINT(-70.71178800083048 -33.46114899512055)
PI847,PI847,Avenida Aeropuerto / esq. Av. Las Parcelas,POINT(-70.71161200296787 -33.46303300183712)
PI1633,PI1633,Avenida Las Parcelas / esq. Manuel Rivas V.,POINT(-70.71380499981872 -33.46419499900598)
PI848,PI848,Avenida Las Parcelas / esq. Manuel Rivas V.,POINT(-70.71745399531356 -33.46578699819749)
PI849,PI849,Avenida Las Parcelas / esq. El Altarcillo,POINT(-70.7199500006824 -33.46688099807667)
PI927,PI927,Luis Infante Cerda / esq. Avenida 5 de Abril,POINT(-70.71989200057081 -33.47225800169453)
PI1632,PI1632,Alameda / esq. Pasaje El Lingue,POINT(-70.71071099660611 -33.458753997700505)
PI437,PI437,Parada 5 / (M) Las Rejas,POINT(-70.70717799827558 -33.457889002363956)
PI438,PI438,Parada 1 / (M) Ecuador,POINT(-70.69919412355577 -33.45600394169457)
PI892,PI892,El Mirador / esq. Don Orione,POINT(-70.71816599499033 -33.504910999573994)
PI26,PI26,Don Orione / esq. Alcazar,POINT(-70.71758055454465 -33.50334987930689)
PI27,PI27,Don Orione / esq. Ongolmo,POINT(-70.71711709551732 -33.50160236583235)
PI543,PI543,Avenida 5 de Abril / esq. General Amengual,POINT(-70.69613000227544 -33.460814995445524)
PI909,PI909,Concón / esq. Manuel Thompson,POINT(-70.69505884803088 -33.456993129084665)
PI910,PI910,Parada 6 / Concón,POINT(-70.69560793006572 -33.45552034013568)
PI401,PI401,Parada 4 / (M) San Alberto Hurtado,POINT(-70.69148699433205 -33.454209995624055)
PI549,PI549,Avenida 5 de Abril / esq. Con Con,POINT(-70.69390963700738 -33.45965407202005)
PI550,PI550,Avenida 5 de Abril / esq. General Amengual,POINT(-70.69581899752909 -33.46047700336051)
PI1608,PI1608,Parada / Colegio José A. Lecaros,POINT(-70.69841699741073 -33.46413599979552)
PI1603,PI1603,Padre Jaime Larraín / esq. Sn. Luis de Gonzaga,POINT(-70.6985139990151 -33.4664740023192)
PI1604,PI1604,Padre Jaime Larraín / esq. Juana Weber,POINT(-70.69860400161186 -33.46842699847822)
PI1605,PI1605,Padre Jaime Larraín / esq. Magallanes,POINT(-70.69878600010165 -33.47034300303881)
PI1606,PI1606,Padre Jaime Larraín / esq. Aysén,POINT(-70.69899200482641 -33.4714200006568)
PI1607,PI1607,Padre Jaime Larraín / esq. Coyhaique,POINT(-70.69941999515194 -33.47348500049928)
PI918,PI918,Luis Infante Cerda / esq. Huinay,POINT(-70.7014759954246 -33.47457800135201)
PI919,PI919,Luis Infante Cerda / esq. Avenida Las Rejas,POINT(-70.70311900340593 -33.474933001118686)
PI920,PI920,Luis Infante Cerda / esq. Llancahue,POINT(-70.70610699874973 -33.47558099847909)
PI921,PI921,Luis Infante Cerda / esq. Quenuir,POINT(-70.70719836292761 -33.475814118588225)
PI922,PI922,Luis Infante Cerda / esq. Dadi,POINT(-70.7098999948215 -33.47638200070113)
PI923,PI923,Luis Infante Cerda / esq. Av. Aeropuerto,POINT(-70.71240300427063 -33.476872000533284)
PI924,PI924,Luis Infante Cerda / esq. Las Estepas,POINT(-70.71522399613 -33.476391999019334)
PI925,PI925,Luis Infante Cerda / esq. Las Colinas,POINT(-70.71682699453794 -33.47513299571144)
PI926,PI926,Luis Infante Cerda / esq. Los valles,POINT(-70.71846399521144 -33.47362499824893)
PI18,PI18,Av. Lo Errázuriz / esq. San Juan,POINT(-70.7185668418819 -33.497422023971126)
PI19,PI19,Av. Lo Errázuriz / esq. Don Orione,POINT(-70.71655300228653 -33.49850599752765)
PI20,PI20,Av. Lo Errázuriz / esq. San Marcos,POINT(-70.7139888328206 -33.49986671727222)
PI21,PI21,Av. Lo Errázuriz / esq. Av. P. Aguirre Cerda,POINT(-70.71039199710765 -33.50083699891777)
PI1321,PI1321,Parada 3 / Colegio Don Orione,POINT(-70.71160574241875 -33.503594740020255)
PI1323,PI1323,Parada 3 / El Mirador,POINT(-70.71349020874354 -33.505355360779525)
PI24,PI24,El Mirador / esq. Tongoy,POINT(-70.7158521300231 -33.505213084871265)
PI25,PI25,El Mirador / esq. Don Orione,POINT(-70.71783500265838 -33.50488700336664)
PI928,PI928,Ongolmo / esq. Río Claro,POINT(-70.71755599559258 -33.500518000977685)
PI929,PI929,Ongolmo / esq. Pablo Suarez,POINT(-70.71930520921214 -33.500539870471734)
PH1508,PH1508,Parada 1 / Est. Lo Espejo,POINT(-70.68556800426728 -33.51430400103054)
PH1506,PH1506,Lucila Godoy / esq. Inés de Suárez,POINT(-70.68377100110168 -33.51445499674858)
PH716,PH716,Inés de Suárez / esq. Pomaire,POINT(-70.68298100190003 -33.51316999610635)
PH717,PH717,Inés de Suárez / esq. Lincoln,POINT(-70.68227999594069 -33.51157700307635)
PH718,PH718,Lincoln / esq. Huasco,POINT(-70.67930599426452 -33.512528995571415)
PH719,PH719,Lincoln / esq. Valparaíso,POINT(-70.67707600016766 -33.51344000287504)
PH720,PH720,Valparaíso / esq. Carlos Dittborn,POINT(-70.6757270035592 -33.51174899636363)
PH721,PH721,Valparaíso / esq. Avenida Lo Ovalle,POINT(-70.67444499948459 -33.5096970015585)
PH684,PH684,Valparaíso / esq. Carlos Dittborn,POINT(-70.67559628366861 -33.51132777918524)
PH685,PH685,Valparaíso / esq. Lincoln,POINT(-70.67678900187985 -33.51321999624601)
PH686,PH686,Lincoln / esq. Pasaje 55,POINT(-70.67993499738458 -33.512153996207225)
PH687,PH687,Lincoln / esq. Inés de Suárez,POINT(-70.68195123526935 -33.51130934690843)
PH1504,PH1504,Inés de Suárez / esq. La Calera,POINT(-70.68285899459474 -33.51261300060459)
PH688,PH688,Inés de Suárez / esq. Llay Llay,POINT(-70.68332799803228 -33.51366600126948)
PI397,PI397,Parada / Paradero 5 Pajaritos,POINT(-70.71988399646355 -33.462382000137005)
PI398,PI398,Parada 2 / Paradero 4 Pajaritos,POINT(-70.71519199800284 -33.46031200205267)
PI1042,PI1042,Parada 2 / (M) Las Rejas,POINT(-70.70505599499909 -33.45739499734205)
PI448,PI448,Parada 1 / Concón,POINT(-70.69509588307103 -33.455072476849125)
PI1230,PI1230,Parada 5 / (M) San Alberto Hurtado,POINT(-70.691897281119 -33.45521754173678)
PI1210,PI1210,Toro Mazotte / esq. Coronel Souper,POINT(-70.69142099915523 -33.45678799869492)
PI406,PI406,Parada 4 / (M) Ecuador,POINT(-70.69961304770663 -33.455677783318535)
PJ538,PJ538,Parada 10 / (M) Las Rejas,POINT(-70.70583799824631 -33.45708299569422)
PI407,PI407,Parada 1 / Paradero 4 Pajaritos,POINT(-70.71534000464523 -33.46016200259226)
PI408,PI408,Parada / Paradero 5 Pajaritos,POINT(-70.71925700395103 -33.461865999005894)
PI341,PI341,Parada 1 / (M) Universidad de Santiago,POINT(-70.68658116429519 -33.45302940469677)
PI1812,PI1812,Parada 11 / (M) Estación Central,POINT(-70.67949145114889 -33.451138778473464)
PA657,PA657,Parada 5 / (M) Unión Latinoamericana,POINT(-70.67344827243296 -33.449644062760115)
PA184,PA184,Parada 4 / (M) La Moneda,POINT(-70.6553757083966 -33.44461907201309)
PA347,PA347,Parada 1 / (M) Los Héroes,POINT(-70.66323399871749 -33.446460000361824)
PA367,PA367,Parada 3 / (M) Estación Central,POINT(-70.67735892104363 -33.450203707030695)
PI449,PI449,Parada 6 / (M) San Alberto Hurtado,POINT(-70.69200099736022 -33.453949001888944)
PI450,PI450,Parada 2 / Concón,POINT(-70.69672979809809 -33.45500701493264)
PJ539,PJ539,Parada 9 / (M) Las Rejas,POINT(-70.70602199870825 -33.45711999875622)
PI39,PI39,Avenida 5 de Abril / esq. Quemchi,POINT(-70.718362994941 -33.471106996695525)
PI40,PI40,Avenida 5 de Abril / esq. Yelcho,POINT(-70.71653000371053 -33.470024003975)
PI1067,PI1067,Yelcho / esq. Las Estepas,POINT(-70.71447400074649 -33.471471003706135)
PI1068,PI1068,Yelcho / esq. Av. Aeropuerto,POINT(-70.7118199987729 -33.471913995413)
PI63,PI63,Avenida Las Rejas / esq. Quintralco,POINT(-70.70471500418486 -33.46802899590152)
PI64,PI64,Parada 2 / 5 de Abril - Las Rejas,POINT(-70.70501100447105 -33.465041999106234)
PI45,PI45,Avenida Las Rejas / esq. Psje. Las.Rejas-Sur,POINT(-70.70521700435967 -33.46196799655758)
PI46,PI46,Parada 1 / (M) Las Rejas,POINT(-70.70548303194599 -33.45771904162941)
PI86,PI86,Parada / Museo Artequín,POINT(-70.6844817883576 -33.444189017176086)
PI1490,PI1490,Avenida Matucana / esq. Pasaje 70,POINT(-70.67955545306785 -33.44538099339853)
PI1074,PI1074,Parada / Liceo Iasura Dinator,POINT(-70.6794119944412 -33.44709100156813)
PI1078,PI1078,Avenida Ecuador / esq. Francisco Javier,POINT(-70.69352900370805 -33.45184699545117)
PI347,PI347,Avenida Ecuador / esq. Constantino,POINT(-70.69628500649445 -33.45253162157871)
PI1,PI1,Avenida Las Rejas / esq. Agustín López,POINT(-70.7053410015812 -33.460706998815745)
PI2,PI2,Parada 1 / 5 de Abril - Las Rejas,POINT(-70.70511599540532 -33.464120002383474)
PI49,PI49,Avenida Las Rejas / esq. Quitralco,POINT(-70.70483600405835 -33.46723299714211)
PI1085,PI1085,Yelcho / esq. La Portada,POINT(-70.71470899825444 -33.47133000079581)
PI1086,PI1086,Yelcho / esq. Avenida 5 de Abril,POINT(-70.71615416056497 -33.47010502452535)
PI440,PI440,Parada 3 / San Borja,POINT(-70.68217466206458 -33.45208213134026)
PA374,PA374,Parada 10 / (M) Santa Lucía,POINT(-70.64828101475865 -33.443081982863454)
PA346,PA346,Parada 10 / (M) La Moneda,POINT(-70.65838600014034 -33.4453239989779)
PA348,PA348,Parada 6 / (M) República,POINT(-70.66804300396541 -33.447719000051045)
PA349,PA349,Parada 4 / (M) Unión Latinoamericana,POINT(-70.67265500139453 -33.44893399791446)
PI1141,PI1141,Francia / esq. Card. J. Fco. Fresno,POINT(-70.7199989952912 -33.48081899669128)
PI41,PI41,Avenida 5 de Abril / esq. Av. Aeropuerto,POINT(-70.71333699526134 -33.46853899961264)
PI42,PI42,Avenida 5 de Abril / esq. Av. Aeropuerto,POINT(-70.71120200480563 -33.46754000078358)
PI43,PI43,Avenida 5 de Abril / esq. Pasaje Sevilla,POINT(-70.70888500117437 -33.466337996240384)
PI44,PI44,Parada 5 / 5 de Abril - Las Rejas,POINT(-70.70612886611688 -33.4651841437543)
PI548,PI548,Arica / esq. Toro Mazotte,POINT(-70.69016070423653 -33.45901298980317)
PI551,PI551,Parada 2 / Colegio Villa España,POINT(-70.6985159620273 -33.461771412791755)
PI552,PI552,Avenida 5 de Abril / esq. Las Magnolias,POINT(-70.70232600116243 -33.46352799750963)
PI553,PI553,Parada 6 / 5 de Abril - Las Rejas,POINT(-70.70412890531155 -33.46410511770159)
PI3,PI3,Avenida 5 de Abril / esq. Catalpas Pte.,POINT(-70.70854788770212 -33.46573846640654)
PI4,PI4,Avenida 5 de Abril / esq. Los Duraznos,POINT(-70.71052690131263 -33.466829936854054)
PI1144,PI1144,Santa Corina / esq. Francia,POINT(-70.71975100026962 -33.475364002025685)
PI1145,PI1145,Santa Corina / esq. Las Flores,POINT(-70.71777500276447 -33.47718600052779)
PI1324,PI1324,Parada 4 / Villa Sta. Adela,POINT(-70.71837891404945 -33.50840383710946)
PI1325,PI1325,Parada 4 / Miguel Socías,POINT(-70.7168661666091 -33.50785646267542)
PI1322,PI1322,Parada 4 / El Mirador,POINT(-70.71368200456324 -33.50591999712258)
PA455,PA455,Avenida España / esq. Cabo Arestey,POINT(-70.6703950011101 -33.44925799615948)
PA723,PA723,Sazié / esq. Abate Molina,POINT(-70.67236689943911 -33.45211924606048)
PA655,PA655,Sazié / esq. Bascuñán Guerrero,POINT(-70.67473905215664 -33.452648963509176)
PA15,PA15,Parada / Estadio Victor Jara,POINT(-70.67543539728433 -33.45045444420729)
PI1489,PI1489,Parada 3 / 5 de Abril - Las Rejas,POINT(-70.70521200313708 -33.46435400045353)
PI1239,PI1239,El Mirador / esq. Cam. a Melipilla,POINT(-70.71423000065641 -33.505560998421025)
PI540,PI540,Avenida 5 de Abril / esq. Guadal,POINT(-70.70349799447261 -33.464256999084725)
PI541,PI541,Parada / Liceo Polivalente Guillermo Feliú C.,POINT(-70.70083607792283 -33.46310818791165)
PI542,PI542,Parada 1 / Colegio Villa España,POINT(-70.69811487170217 -33.46176023426629)
PA376,PA376,Parada 2 / (M) La Moneda,POINT(-70.6565548488418 -33.44490746192058)
PI1589,PI1589,Avenida del Ferrocarril / esq. Diagonal Santiago,POINT(-70.69559700221706 -33.47762900333762)
PI1588,PI1588,Avenida del Ferrocarril / esq. Pasaje 35,POINT(-70.69365300211642 -33.47672399878218)
PI342,PI342,Parada 1 / San Borja,POINT(-70.68100700556192 -33.45179983019676)
PI1216,PI1216,Avenida del Ferrocarril / esq. Diagonal Santiago,POINT(-70.69505200064236 -33.47728900048061)
PI1795,PI1795,Avenida del Ferrocarril / esq. Av. Padre A. Hurtado,POINT(-70.68849992862707 -33.474346015869614)
PI1209,PI1209,Obispo Manuel Umaña / esq. Avenida Ecuador,POINT(-70.68547799438308 -33.451154001070876)
PI1211,PI1211,Toro Mazotte / esq. Avenida 5 de Abril,POINT(-70.69094709646991 -33.45823247367258)
PI1268,PI1268,Avenida 5 de Abril / esq. Santa Teresa,POINT(-70.69177599485022 -33.45886699808752)
PI1841,PI1841,General Amengual / esq. Callejón Ugarte,POINT(-70.69546635066855 -33.462916358010546)
PI1842,PI1842,Veteranos del 79 / esq. Padre V. Irarrázaval,POINT(-70.69367763164534 -33.46442889931073)
PI1214,PI1214,Hermanos Eyraud / esq. Arz. Subercaseaux,POINT(-70.69313400280491 -33.46673900281189)
PI1215,PI1215,Padre V. Irarrázaval / esq. Capitán Gálvez,POINT(-70.69313099535236 -33.46828499731719)
PI1586,PI1586,Avenida del Ferrocarril / esq. Pasaje 44,POINT(-70.69755000423356 -33.478439000600545)
PI1587,PI1587,Avenida del Ferrocarril / esq. Pasaje 54,POINT(-70.70061596834466 -33.47952330385598)
PI1594,PI1594,Calle 1 / esq. Urofosfatos,POINT(-70.70031786154532 -33.478268159375595)
PI1593,PI1593,Calle 1 / esq. Diagonal Santiago,POINT(-70.69905200203134 -33.47706299990731)
PI1595,PI1595,Calle 1 / esq. Calle Curva,POINT(-70.69780525632316 -33.47588811817919)
PI1218,PI1218,Hermanos Carrera / esq. Uspallata,POINT(-70.69629500292653 -33.474792997647945)
PI1219,PI1219,Uspallata / esq. Pingüinos,POINT(-70.69605599723722 -33.472773998484506)
PI1220,PI1220,Uspallata / esq. Pingüinos,POINT(-70.69623499521761 -33.47147500254865)
PI1221,PI1221,Uspallata / esq. Capitán Gálvez,POINT(-70.69635500172768 -33.46871399995526)
PI545,PI545,Arica / esq. Av. Padre A. Hurtado,POINT(-70.68959600448166 -33.45916100251927)
PA562,PA562,Maipú / esq. Romero,POINT(-70.67585300258831 -33.44840499559539)
PA552,PA552,Maipú / esq. Erasmo Escala,POINT(-70.67617100243243 -33.44633400389016)
PA563,PA563,Maipú / esq. Agustinas,POINT(-70.67625999491025 -33.443919997915025)
PA707,PA707,Avenida Portales / esq. Herrera,POINT(-70.6772010024556 -33.443354996021064)
PI1308,PI1308,Las Américas / esq. Las Violetas,POINT(-70.71154199779545 -33.49039899940497)
PI1309,PI1309,Las Américas / esq. Los Copihues,POINT(-70.71514299500933 -33.489082997427694)
PI1444,PI1444,Las Palmas / esq. Av.Pdte. S.Allende,POINT(-70.71647099555177 -33.488012998763914)
PI1435,PI1435,Las Palmas / esq. Las Hortensias,POINT(-70.71311300470047 -33.486938998471146)
PI1438,PI1438,Las Palmas / esq. Las Palmitas,POINT(-70.71144399584257 -33.48585200192007)
PI1295,PI1295,Av.Pdte. Salvador Allende / esq. Bremen,POINT(-70.70648900274661 -33.48317900089019)
PI1296,PI1296,Av.Pdte. Salvador Allende / esq. Bremen,POINT(-70.70361800198143 -33.48183900147119)
PA13,PA13,Bascuñán Guerrero / esq. Toesca,POINT(-70.67407012965933 -33.456115124865136)
PA14,PA14,Bascuñán Guerrero / esq. Sazié,POINT(-70.67483790047322 -33.45291086915467)
PA591,PA591,San Alfonso / esq. Toesca,POINT(-70.67553599820904 -33.4559749976995)
PA592,PA592,San Alfonso / esq. Av. Blanco Encalada,POINT(-70.67498700179496 -33.45827899922063)
PA589,PA589,San Alfonso / esq. Antofagasta,POINT(-70.67311999608205 -33.466196996355514)
PI1439,PI1439,Las Palmas / esq. Las Palmitas,POINT(-70.71150599510038 -33.48576599670339)
PI1437,PI1437,Las Palmas / esq. Las Américas,POINT(-70.71317499565549 -33.486863002633235)
PI1436,PI1436,Las Palmas / esq. Las Américas,POINT(-70.7162529999349 -33.48776700273076)
PI1434,PI1434,Las Américas / esq. Los Aromos,POINT(-70.71483195685767 -33.489283004343186)
PI1433,PI1433,Las Américas / esq. Las Violetas,POINT(-70.7118666651353 -33.49036098438032)
PI1446,PI1446,Los Clarines / esq. Av. Félix Margoz,POINT(-70.70967973030743 -33.49242926148984)
PI1824,PI1824,Costanera Norte / esq. Mons. J. Rodríguez,POINT(-70.71667890045036 -33.4801513855595)
PI1375,PI1375,Parada 3 / (M) Cerrillos,POINT(-70.69467396568753 -33.48385797675325)
PI55,PI55,Av. Departamental / esq. Los Libertadores,POINT(-70.69234440933114 -33.484606425095386)
PI1951,PI1951,Av. Departamental / esq. Av. Gral. Velásquez,POINT(-70.68865931138036 -33.484755544078226)
PI1861,PI1861,Avenida Pablo Neruda / esq. Baldomero Lillo,POINT(-70.69845995998001 -33.50671727922074)
PI1862,PI1862,Avenida Pablo Neruda / esq. Av. Aeropuerto,POINT(-70.70154177367023 -33.505223069624535)
PI1946,PI1946,Avenida Aeropuerto / esq. José Aurelio J.,POINT(-70.70329127522282 -33.50680116550368)
PI1947,PI1947,Avenida Aeropuerto / esq. Fernández Albano,POINT(-70.70553692744508 -33.50932381896202)
PI1873,PI1873,Nueva Uno / esq. El Tepual,POINT(-70.70929798320564 -33.51536078904098)
PI1874,PI1874,Nueva Uno / esq. Ing. Juan Cerón R.,POINT(-70.70556680189276 -33.51669279559752)
PI1869,PI1869,Dip. Ángel Fantuzzi H. / esq. Carriel Sur,POINT(-70.70253260022453 -33.515688451360795)
PI1870,PI1870,Obispo Vásquez Valencia / esq. Los Nísperos,POINT(-70.70215762716252 -33.5141334806095)
PI1871,PI1871,Obispo Vásquez Valencia / esq. Los Limoneros,POINT(-70.70476238156247 -33.51300646718984)
PI1872,PI1872,Obispo Vásquez Valencia / esq. Av. Aeropuerto,POINT(-70.70723561254182 -33.51176397827955)
PI1863,PI1863,Avenida Aeropuerto / esq. Calle 1,POINT(-70.70323283737766 -33.506922279243454)
PI1945,PI1945,Av.Fernández Albano / esq. Gral. José Bernales,POINT(-70.70660942935699 -33.5091135336486)
PI1948,PI1948,Calle 2 / esq. Los Libertadores,POINT(-70.7074027704787 -33.506852953153235)
PI1859,PI1859,Av. Los Libertadores / esq. Calle 2,POINT(-70.70921765744596 -33.505802756853605)
PI1624,PI1624,Parada 2 / (M) Cerrillos,POINT(-70.696529973537 -33.484550996006206)
PI1822,PI1822,Mons. Carlos Oviedo / esq. Santa Corina,POINT(-70.71778167647868 -33.47892668693464)
PI1823,PI1823,Costanera Norte / esq. Card. J. Fco. Fresno,POINT(-70.71674797710696 -33.479828933806864)
PH1461,PH1461,Clotario Blest / esq. Lincoln,POINT(-70.68461599790548 -33.51047199731912)
PH1462,PH1462,Lincoln / esq. Inés de Suárez,POINT(-70.68249102583336 -33.51119403231387)
PH1505,PH1505,Lucila Godoy / esq. Isabel Riquelme,POINT(-70.68286299565236 -33.51473699773845)
PH690,PH690,Lucila Godoy / esq. Huasco,POINT(-70.68047400443025 -33.51548000107252)
PH1440,PH1440,Av.Pdte. Salvador Allende / esq. Av. El Parrón,POINT(-70.68037701672507 -33.518088901277)
PH1475,PH1475,El Parrón / esq. Janequeo,POINT(-70.67839848294176 -33.51934810130306)
PG1709,PG1709,Parada 5 / Paradero 17 Gran Avenida,POINT(-70.65765839616064 -33.51583852650443)
PG1613,PG1613,Jorge Cáceres / esq. Angamos,POINT(-70.65402900172063 -33.51657400178493)
PG1612,PG1612,Avenida María / esq. Avenida Lo Ovalle,POINT(-70.65130502953859 -33.51645597126467)
PG283,PG283,Avenida Lo Ovalle / esq. Iquique,POINT(-70.64927500042911 -33.5164649955655)
PG284,PG284,Avenida Lo Ovalle / esq. Covadonga,POINT(-70.64694497514009 -33.51693445782003)
PG285,PG285,Avenida Lo Ovalle / esq. San Francisco,POINT(-70.64484300384882 -33.51735700149943)
PG286,PG286,Avenida Lo Ovalle / esq. Alvear,POINT(-70.6421710012728 -33.51789499938573)
PG287,PG287,Avenida Lo Ovalle / esq. Rivadavia,POINT(-70.63950699590836 -33.51842499742522)
PG1723,PG1723,Parada / Paradero 17 Santa Rosa,POINT(-70.6369610016557 -33.51885499945289)
PE226,PE226,Avenida Lo Ovalle / esq. Psje. Libertador,POINT(-70.63446388359331 -33.518597100967646)
PE1351,PE1351,Avenida Lo Ovalle / esq. Los Vilos,POINT(-70.63184342271714 -33.51832118967844)
PE1350,PE1350,Avenida Lo Ovalle / esq. La Serena,POINT(-70.62809362034064 -33.517907018075775)
PE1392,PE1392,Avenida Lo Ovalle / esq. 15 Oriente,POINT(-70.62594214151834 -33.51726582724678)
PE838,PE838,Avenida Lo Ovalle / esq. Av. Las Industrias,POINT(-70.62435300172275 -33.51656499952783)
PE839,PE839,Avenida Lo Ovalle / esq. 24 Oriente,POINT(-70.62088999932696 -33.51483999877958)
PH22,PH22,Parada / Persa Departamental,POINT(-70.6184689970369 -33.50801399943424)
PH672,PH672,Av. Departamental / esq. Av.Vicuña Mackenna,POINT(-70.61589000084054 -33.50816600052104)
PE1,PE1,Parada 4 / (M) Pedrero,POINT(-70.61284423817642 -33.508375764556575)
PE2,PE2,Parada / Estadio Monumental,POINT(-70.60748148504476 -33.508631436445185)
PD904,PD904,Parada 2 / (M) Pedrero,POINT(-70.61135797991089 -33.50834099974464)
PH23,PH23,Parada / Persa Departamental,POINT(-70.61882799588066 -33.507817995278735)
PH48,PH48,Avenida Lo Ovalle / esq. Vecinal,POINT(-70.62049100055965 -33.51442394344794)
PH49,PH49,Avenida Lo Ovalle / esq. Av. Las Industrias,POINT(-70.62393567916294 -33.516127813999006)
PH241,PH241,Avenida Lo Ovalle / esq. Juan Planas,POINT(-70.63036671499466 -33.517964012865434)
PH245,PH245,Avenida Lo Ovalle / esq. Macaroff,POINT(-70.6430139962456 -33.51765099602835)
PH246,PH246,Avenida Lo Ovalle / esq. San Petersburgo,POINT(-70.64745599413254 -33.516772999372)
PH247,PH247,Avenida Lo Ovalle / esq. María,POINT(-70.6509419966942 -33.516075997665084)
PH248,PH248,Avenida Lo Ovalle / esq. Esmeralda,POINT(-70.65541100106915 -33.515197998247395)
PH249,PH249,Parada 4 / Paradero 17 Gran Avenida,POINT(-70.65773200203543 -33.51473399990043)
PB802,PB802,José Miguel Infante / esq. Toconce,POINT(-70.7183430021341 -33.406541002742635)
PB803,PB803,General Velásquez / esq. Arturo Prat,POINT(-70.71772391552564 -33.40431682911161)
PB804,PB804,General Velásquez / esq. José M. Balmaceda,POINT(-70.71807299886346 -33.40186099665688)
PB65,PB65,Av. José M.Balmaceda / esq. Los Nogales,POINT(-70.71592731541543 -33.40197157075028)
PB66,PB66,Av. José M.Balmaceda / esq. Dichato,POINT(-70.71178499703709 -33.402616002550104)
PB1824,PB1824,Parada / CESFAM Renca,POINT(-70.7101535938971 -33.40313294489859)
PB67,PB67,Nicanor Fajardo / esq. Av. Dgo Santa María,POINT(-70.70964037012448 -33.40456399280054)
PB68,PB68,Domingo Santa María / esq. Aníbal Montt,POINT(-70.70823889018956 -33.40459987616026)
PB69,PB69,Parada 4 / Plaza Renca,POINT(-70.70484226851889 -33.40512229736199)
PB70,PB70,Domingo Santa María / esq. Caupolicán,POINT(-70.69998900776382 -33.40683196929818)
PB71,PB71,Domingo Santa María / esq. Concepción,POINT(-70.69794687329424 -33.40754446771021)
PB72,PB72,Domingo Santa María / esq. Pasaje Mapocho,POINT(-70.69454999647724 -33.40868600264662)
PB805,PB805,Domingo Santa María / esq. Promoncaes,POINT(-70.6924939950087 -33.40940499594183)
PB806,PB806,Domingo Santa María / esq. Los Maquis,POINT(-70.68920999704642 -33.410505995907265)
PB807,PB807,Domingo Santa María / esq. Alberto Pepper,POINT(-70.68619999890105 -33.41151000008716)
PB808,PB808,Domingo Santa María / esq. S. Sanfuentes,POINT(-70.68322300070609 -33.41258499900745)
PB809,PB809,Domingo Santa María / esq. Pedro Nolasco V.,POINT(-70.67987782949281 -33.41372605836449)
PB376,PB376,Salomón Sack / esq. Ley 338,POINT(-70.67809499853561 -33.41440900229799)
PB377,PB377,Salomón Sack / esq. Alc. G. Domínguez,POINT(-70.67592199632898 -33.416687002120916)
PB378,PB378,Salomón Sack / esq. Enrique Soro,POINT(-70.6726290874748 -33.41882707952657)
PB379,PB379,Salomón Sack / esq. Soberanía,POINT(-70.66980699945131 -33.42007100168365)
PB380,PB380,Salomón Sack / esq. El Pino,POINT(-70.66716899648891 -33.42123600158969)
PB381,PB381,Salomón Sack / esq. Gamero,POINT(-70.66558410467512 -33.42193074472193)
PB382,PB382,Gamero / esq. Av. Fermín Vivaceta,POINT(-70.66300599580886 -33.421710000299015)
PB383,PB383,Gamero / esq. Escanilla,POINT(-70.66052195998266 -33.42132165464083)
PB384,PB384,Escanilla / esq. Colón,POINT(-70.66002100000098 -33.42268000082363)
PB385,PB385,Parada / Municipalidad de Independencia,POINT(-70.65578685152565 -33.42202803133536)
PB1970,PB1970,Parada 3 / Mall Barrio Independencia,POINT(-70.65499287482254 -33.42474394898318)
PB1969,PB1969,Parada 3 / Gral. de La.Lastra - Independencia,POINT(-70.65399921043766 -33.428008472874076)
PB159,PB159,Parada 4 / Recoleta Franciscana,POINT(-70.64763999441674 -33.43181800374687)
PB161,PB161,Parada 2 / (M) Patronato,POINT(-70.64669188588107 -33.42889705167436)
PB162,PB162,Parada / Clínica Dávila,POINT(-70.64628600023917 -33.42740600140689)
PB163,PB163,Parada 2 / Recoleta Dominica,POINT(-70.64573227060652 -33.42555889445615)
PB756,PB756,Parada 4 / (M) Cerro Blanco,POINT(-70.6451506086229 -33.42191409685726)
PB757,PB757,Santos Dumont / esq. Avenida La Paz,POINT(-70.65044009744915 -33.42125347855973)
PB387,PB387,Parada 4 / Hospital Clínico U. de Chile,POINT(-70.65548390013653 -33.42054907471882)
PB388,PB388,Gamero / esq. Cnel. Agustín López,POINT(-70.65821496287467 -33.42085470539084)
PB390,PB390,Gamero / esq. Av. Fermín Vivaceta,POINT(-70.66265099470827 -33.42153199617115)
PB391,PB391,Gamero / esq. Fidel Monje,POINT(-70.66485900012343 -33.42187199650723)
PB392,PB392,Salomón Sack / esq. La Obra,POINT(-70.66707800237815 -33.42113300085146)
PB393,PB393,Salomón Sack / esq. Soberanía,POINT(-70.66946000276734 -33.420098002433484)
PB394,PB394,Salomón Sack / esq. Enrique Soro,POINT(-70.67228700746107 -33.41884938640676)
PB395,PB395,Salomón Sack / esq. Alc. G. Domínguez,POINT(-70.67556000251426 -33.41674700366731)
PB396,PB396,Salomón Sack / esq. Dgo. Santa María,POINT(-70.67789800044426 -33.41429700056154)
PB810,PB810,Domingo Santa María / esq. Camilo Vial,POINT(-70.68040000186649 -33.413306003591224)
PB811,PB811,Domingo Santa María / esq. S. Sanfuentes,POINT(-70.68288500148016 -33.412497996318855)
PB812,PB812,Domingo Santa María / esq. Eulogio Altamirano,POINT(-70.68664699600085 -33.411198998034905)
PB813,PB813,Domingo Santa María / esq. Los Alamos,POINT(-70.68946299865894 -33.41024299646638)
PB814,PB814,Domingo Santa María / esq. Los Acacios,POINT(-70.69253799740012 -33.40919500140186)
PB79,PB79,Domingo Santa María / esq. Maruri,POINT(-70.69532899752953 -33.40824399839131)
PB80,PB80,Domingo Santa María / esq. Rivera,POINT(-70.69855199703778 -33.407150996890664)
PB81,PB81,Domingo Santa María / esq. Roquer Bravo,POINT(-70.70126271005468 -33.40632770360195)
PB82,PB82,Parada 1 / Plaza Renca,POINT(-70.70501618158302 -33.40469551025298)
PB83,PB83,Av. José M.Balmaceda / esq. Angamos,POINT(-70.70702197062936 -33.40348089413824)
PB84,PB84,Parada / CESFAM Renca,POINT(-70.70973684302538 -33.40318783883432)
PB85,PB85,Av. José M.Balmaceda / esq. I. Carrera Pinto,POINT(-70.71210806898047 -33.402423938426416)
PB815,PB815,Viña del Mar / esq. Llo Lleo,POINT(-70.7127089965536 -33.402981002623356)
PB816,PB816,Arturo Prat / esq. Francisco Errázuriz,POINT(-70.71423804098843 -33.403500071478845)
PB817,PB817,Arturo Prat / esq. Gral. Velásquez,POINT(-70.7175137928752 -33.404032076623174)
PB818,PB818,Arturo Prat / esq. Manuel Rodríguez,POINT(-70.71980299882438 -33.40430600360761)
PB64,PB64,Av. José M.Balmaceda / esq. Gral. Velásquez,POINT(-70.71830399683486 -33.40161600156586)
PB1880,PB1880,Parada 5 / Plaza Renca,POINT(-70.70627947443485 -33.404451097341905)
PJ1752,PJ1752,Costanera Sur / esq. Meza Bell,POINT(-70.70383499530111 -33.40888899993023)
PJ1753,PJ1753,Costanera Sur / esq. Miguel de Atero,POINT(-70.70163529229308 -33.41013448102089)
PJ535,PJ535,Costanera Sur / esq. Gonzalo Bulnes,POINT(-70.69840199829366 -33.412636997947054)
PJ536,PJ536,Costanera Sur / esq. Leoncio Fernández,POINT(-70.69643499849617 -33.414227999613345)
PJ1739,PJ1739,Leoncio Fernández / esq. Embajador Gómez,POINT(-70.69708379983189 -33.41575845943711)
PJ596,PJ596,Embajador Gómez / esq. Dr. José Tobias,POINT(-70.69894882711004 -33.415700252480875)
PJ2025,PJ2025,Doctor José Tobías / esq. Lazo de La Vega,POINT(-70.69939935254797 -33.412591042533364)
PJ1932,PJ1932,Costanera Sur / esq. Miguel de Atero,POINT(-70.70147326718626 -33.41019957866528)
PJ1931,PJ1931,Costanera Sur / esq. Meza Bell,POINT(-70.70419531052013 -33.408803075501666)
PB86,PB86,Av. José M.Balmaceda / esq. Claudio Matte P.,POINT(-70.71472939850548 -33.40205144300986)
PB1709,PB1709,Av. José M.Balmaceda / esq. Claudio Matte P.,POINT(-70.71692499993047 -33.4017290017772)
PC668,PC668,Nueva Bilbao / esq. Cirio,POINT(-70.53167599863531 -33.427060999562855)
PC669,PC669,Nueva Bilbao / esq. Espigas,POINT(-70.53427355612988 -33.42704419385822)
PC670,PC670,Nueva Bilbao / esq. Av. Padre A. Hurtado,POINT(-70.53821800435963 -33.42701299713478)
PC671,PC671,Av. Padre Hurtado-Sur / esq. Vía Láctea,POINT(-70.53855400466496 -33.42685399986153)
PC672,PC672,Av. Padre Hurtado-Sur / esq. Alejandro Fleming,POINT(-70.5381001316579 -33.424381218522264)
PC448,PC448,Alejandro Fleming / esq. Las Tres Marías,POINT(-70.53673199412405 -33.42382799511267)
PC449,PC449,Alejandro Fleming / esq. Espigas,POINT(-70.53445637907298 -33.42385341253497)
PC450,PC450,Alejandro Fleming / esq. Santa Zita,POINT(-70.53203941194083 -33.423976364886876)
PC478,PC478,Parada / CESFAM Aníbal Ariztía,POINT(-70.53243000323651 -33.416709995908946)
PC541,PC541,La Quebrada / esq. Av. Paul Harris,POINT(-70.53370999903412 -33.41612499942014)
PC1030,PC1030,Av. Cristóbal Colón / esq. Diaguitas,POINT(-70.5367530002429 -33.416106001921186)
PC542,PC542,Parada 2 / Parque Gandarillas,POINT(-70.53869842273434 -33.41627502252525)
PC543,PC543,Av. Cristóbal Colón / esq. Visviri,POINT(-70.54097299939362 -33.41660699978245)
PC544,PC544,Av. Cristóbal Colón / esq. Río Guadiana,POINT(-70.54493599849329 -33.41712200308863)
PC545,PC545,Av. Cristóbal Colón / esq. Imperial,POINT(-70.54690799628662 -33.41737400201433)
PC546,PC546,Av. Cristóbal Colón / esq. Guernica,POINT(-70.54914983068754 -33.41766307416583)
PC547,PC547,Parada 4 / Rotonda Atenas,POINT(-70.55211799553524 -33.41796699813613)
PC548,PC548,Av. Cristóbal Colón / esq. Piacenza,POINT(-70.5577999388127 -33.41749182549451)
PC549,PC549,Av. Cristóbal Colón / esq. H. de Magallanes,POINT(-70.56006457766674 -33.41711909044289)
PC550,PC550,Av. Cristóbal Colón / esq. Av. Manquehue-Sur,POINT(-70.56446260127017 -33.41644590241492)
PC551,PC551,Av. Cristóbal Colón / esq. Domingo Bondi,POINT(-70.56795185274375 -33.41750569727208)
PC552,PC552,Av. Cristóbal Colón / esq. Sebastián Elcano,POINT(-70.57163401226909 -33.41862937767058)
PC553,PC553,Av. Cristóbal Colón / esq. Martín A. Pinzón,POINT(-70.57610825297465 -33.42068137584478)
PC554,PC554,Av. Cristóbal Colón / esq. Av. A. Vespucio-Sur,POINT(-70.57876499455357 -33.42326100190895)
PC699,PC699,Av. Cristóbal Colón / esq. Alicante,POINT(-70.58116206780832 -33.423875423205125)
PC555,PC555,Av. Cristóbal Colón / esq. Málaga,POINT(-70.58309500196934 -33.42430400123904)
PC556,PC556,Av. Cristóbal Colón / esq. Alcántara,POINT(-70.5854542904208 -33.42484710650021)
PC557,PC557,Parada 4 / (M) Cristóbal Colón,POINT(-70.59042565721815 -33.42595932079067)
PC391,PC391,Avenida Tobalaba / esq. Martín de Zamora,POINT(-70.59278350479221 -33.42493623472191)
PC392,PC392,Avenida Tobalaba / esq. Carmen Sylva,POINT(-70.59482299540664 -33.4232840006501)
PC394,PC394,Avenida Tobalaba / esq. Avenida El Bosque,POINT(-70.59780437778865 -33.42090235295919)
PC1107,PC1107,Parada 6 / (M) Tobalaba,POINT(-70.60128021801383 -33.418355556096)
PC155,PC155,Parada 1 / (M) Tobalaba,POINT(-70.6031929487715 -33.41897330566849)
PC1216,PC1216,Tajamar / esq. Avenida Vitacura,POINT(-70.60390708286953 -33.417129230751755)
PC1227,PC1227,Nueva Tajamar / esq. Av. Andrés Bello,POINT(-70.6059263261979 -33.41631262339036)
PC1145,PC1145,El Cerro / esq. Los Conquistadores,POINT(-70.61130833383145 -33.41571098883013)
PC1125,PC1125,Parada 1 / Costanera Center,POINT(-70.60584722173664 -33.41678876234603)
PC738,PC738,Parada 4 / (M) Tobalaba,POINT(-70.6009376916912 -33.4188439130023)
PC379,PC379,Avenida Tobalaba / esq. Avenida El Bosque,POINT(-70.59853829660027 -33.420637025978365)
PC380,PC380,Avenida Tobalaba / esq. Carmen Sylva,POINT(-70.59576600012767 -33.42275800294837)
PC510,PC510,Parada 3 / (M) Cristóbal Colón,POINT(-70.59097299956308 -33.42591399888129)
PC511,PC511,Av. Cristóbal Colón / esq. Marco Polo,POINT(-70.58839600308082 -33.42566099710932)
PC512,PC512,Av. Cristóbal Colón / esq. Alcántara,POINT(-70.58589200121027 -33.425094998729136)
PC513,PC513,Av. Cristóbal Colón / esq. Málaga,POINT(-70.58344399533122 -33.42454000320228)
PC514,PC514,Av. Cristóbal Colón / esq. Flandes,POINT(-70.58163625506444 -33.42413408460322)
PC515,PC515,Av. Cristóbal Colón / esq. Av. A. Vespucio-Sur,POINT(-70.57960652606876 -33.42368708348966)
PC516,PC516,Av. Cristóbal Colón / esq. Félix de Amesti,POINT(-70.57651500067666 -33.42156900193299)
PC517,PC517,Av. Cristóbal Colón / esq. Luis Zegers,POINT(-70.57139599529349 -33.41871099817926)
PC518,PC518,Av. Cristóbal Colón / esq. Domingo Bondi,POINT(-70.56827999417644 -33.41777900053079)
PC519,PC519,Av. Cristóbal Colón / esq. Av. Manquehue-Sur,POINT(-70.56505265212479 -33.41676404198279)
PC520,PC520,Av. Cristóbal Colón / esq. H. de Magallanes,POINT(-70.56067800076536 -33.41718499967318)
PC521,PC521,Av. Cristóbal Colón / esq. Piacenza,POINT(-70.55869000004373 -33.41751899846744)
PC522,PC522,Av. Cristóbal Colón / esq. Robinson Crusoe,POINT(-70.55702599883872 -33.41778799694822)
PC1124,PC1124,Parada 5 / Rotonda Atenas,POINT(-70.5532710029731 -33.41846099713687)
PC1109,PC1109,Parada 3 / Rotonda Atenas,POINT(-70.55157566052232 -33.41818778298403)
PC523,PC523,Av. Cristóbal Colón / esq. Guernica,POINT(-70.54940999582564 -33.417840996254206)
PC524,PC524,Av. Cristóbal Colón / esq. Tordesillas,POINT(-70.5473549983134 -33.4175869976747)
PC525,PC525,Av. Cristóbal Colón / esq. Toconao,POINT(-70.54530175529301 -33.41731909960113)
PC526,PC526,Av. Cristóbal Colón / esq. Alhué,POINT(-70.54348199768994 -33.41709499562829)
PC527,PC527,Av. Cristóbal Colón / esq. Ayquina,POINT(-70.54162187425474 -33.4167757706377)
PC528,PC528,Parada 1 / Parque Gandarillas,POINT(-70.53925399966907 -33.41651999708211)
PC1143,PC1143,Av. Cristóbal Colón / esq. Los Vilos,POINT(-70.53681490422373 -33.41628382801555)
PC529,PC529,Av. Cristóbal Colón / esq. Av. Paul Harris,POINT(-70.53485555802264 -33.41624987573388)
PC306,PC306,Parada / CESFAM Aníbal Ariztía,POINT(-70.5321179679231 -33.4167875319217)
PC534,PC534,Martín de Zamora / esq. Martín de Zamora Int,POINT(-70.57973399489097 -33.421579003695314)
PC535,PC535,Martín de Zamora / esq. San Pascual,POINT(-70.57723799422284 -33.41881399990812)
PC536,PC536,Martín de Zamora / esq. Sebastián Elcano,POINT(-70.57293698126253 -33.4170991803185)
PC537,PC537,Martín de Zamora / esq. Domingo Bondi,POINT(-70.56913100291338 -33.415940002279015)
PC538,PC538,Martín de Zamora / esq. Av. Manquehue-Sur,POINT(-70.56576243587459 -33.414919028556035)
PC539,PC539,Martín de Zamora / esq. Belo Horizonte,POINT(-70.56192499498043 -33.41498499859103)
PC540,PC540,Martín de Zamora / esq. H. de Magallanes,POINT(-70.55988899977636 -33.41534599917727)
PC876,PC876,Parada 5 / (M) Escuela Militar,POINT(-70.58425299787524 -33.414338001379406)
PC58,PC58,Av. Américo Vespucio / esq. Av. Pdte. Riesco,POINT(-70.58608099438678 -33.41066499726494)
PC59,PC59,Av. Américo Vespucio / esq. Los Talaveras,POINT(-70.58706500233426 -33.40835399668576)
PC60,PC60,Av. Américo Vespucio / esq. Av. Pdte. Kennedy,POINT(-70.5860989974133 -33.40564600138901)
PC321,PC321,Parada / Av. Pdte.Kennedy Altura del 5000,POINT(-70.58122300006758 -33.402327999648776)
PC322,PC322,Parada 1 / Mall Parque Arauco,POINT(-70.57856700471805 -33.40127100020105)
PC902,PC902,Cerro Colorado / esq. Cerro Arenales,POINT(-70.5708171801026 -33.400603975643165)
PC903,PC903,Cerro Colorado / esq. Rosario Norte,POINT(-70.57448046815038 -33.40178180886978)
PC904,PC904,Cerro Colorado / esq. A. de Córdova,POINT(-70.57782886210029 -33.40317487553104)
PC905,PC905,Cerro Colorado / esq. A. de Córdova,POINT(-70.58145226841921 -33.404683432313114)
PC965,PC965,Cerro Colorado / esq. Av. A. Vespucio-Norte,POINT(-70.58602599656068 -33.406809002911764)
PC72,PC72,Av. Américo Vespucio / esq. Av. Pdte. Riesco,POINT(-70.58690489583377 -33.41027514498926)
PC73,PC73,Av. Américo Vespucio / esq. Hamlet,POINT(-70.58624583437197 -33.41161793898553)
PC906,PC906,Parada 7 / (M) Escuela Militar,POINT(-70.58513700197251 -33.41406299963151)
PC617,PC617,Parada 1 / (M) Escuela Militar,POINT(-70.58168079880875 -33.41297392190501)
PC928,PC928,Los Militares / esq. Orinoco,POINT(-70.5791520030307 -33.41083799741809)
PC929,PC929,Los Militares / esq. La Gloria,POINT(-70.57738400087028 -33.408759001528374)
PC930,PC930,Los Militares / esq. A. de Córdova,POINT(-70.57416110404853 -33.4072304291918)
PC931,PC931,Los Militares / esq. Rosario Norte,POINT(-70.57289200451466 -33.406689963885775)
PC1253,PC1253,Los Militares / esq. O'Connell,POINT(-70.56966189554258 -33.40558039605535)
PC97,PC97,Av. Manquehue Norte / esq. Av. Pdte. Riesco,POINT(-70.56940082608702 -33.40260203780152)
PC98,PC98,Av. Manquehue Norte / esq. Av. Pdte. Kennedy,POINT(-70.57030100026195 -33.400032995804985)
PC103,PC103,Av. Manquehue Norte / esq. Av. Pdte. Riesco,POINT(-70.57011000396528 -33.40140299834177)
PC104,PC104,Av. Manquehue Norte / esq. Los Militares,POINT(-70.56888000025904 -33.40492000025076)
PC181,PC181,Parada / Omnium,POINT(-70.57807534980975 -33.41187132276817)
PC952,PC952,Parada 2 / Mall Parque Arauco,POINT(-70.57906130505799 -33.40077611762379)
PC953,PC953,Av. Pdte. Kennedy / esq. Arturo Ureta,POINT(-70.58214248914089 -33.40204913231412)
PC1018,PC1018,Av. Pdte. Kennedy / esq. Av. A. Vespucio,POINT(-70.5856857537696 -33.40355082235922)
PC71,PC71,Av. Américo Vespucio / esq. Cerro Colorado,POINT(-70.58656999419479 -33.40519700260591)
PA88,PA88,Parada 7 / Mercado Central,POINT(-70.64898584761974 -33.43365308820519)
PA195,PA195,Parada 1 / Monjitas - San Antonio,POINT(-70.64866000410932 -33.436683365726886)
PA763,PA763,Parada 2 / Teatro Municipal,POINT(-70.64831083883499 -33.4388267798366)
PA91,PA91,Parada 11 / (M) Santa Lucía,POINT(-70.64788253676232 -33.44196538147405)
PA109,PA109,Parada 8 / (M) Santa Lucía,POINT(-70.64611100392254 -33.44307511108118)
PA114,PA114,Parada 2 / Huérfanos - Mac - Iver,POINT(-70.64671127402694 -33.43959817431611)
PA111,PA111,Parada 2 / Iglesia La Merced,POINT(-70.64689910067138 -33.43843205263349)
PA159,PA159,Parada 2 / Monjitas - Mac Iver,POINT(-70.6471426353691 -33.43731171573981)
PA112,PA112,Parada 2 / Casa de Los Velasco,POINT(-70.64725066930107 -33.436118074403275)
PA160,PA160,Parada 2 / Iglesia San Pedro,POINT(-70.64745643413256 -33.43474645737526)
PC503,PC503,Parada 4 / (M) Parque Bustamante,POINT(-70.6330744439712 -33.44305211135099)
PC461,PC461,Rancagua / esq. Avenida Seminario,POINT(-70.630277999148 -33.44103600072731)
PC462,PC462,Rancagua / esq. Avenida Italia,POINT(-70.62733800025622 -33.44041700176096)
PC463,PC463,Rancagua / esq. Avenida Salvador,POINT(-70.6248619997552 -33.4398969966112)
PC464,PC464,Diagonal Rancagua / esq. Av. José M. Infante,POINT(-70.62166399854813 -33.43939299741424)
PC465,PC465,Av. Francisco Bilbao / esq. Av. J. Miguel Claro,POINT(-70.6185337796354 -33.439908434574825)
PC466,PC466,Av. Francisco Bilbao / esq. Av. Antonio Varas,POINT(-70.61399623078405 -33.43921185105031)
PC467,PC467,Parada / Parque Inés de Suarez,POINT(-70.61122399704344 -33.43865900213204)
PC468,PC468,Parada 1 / (M) Inés de Suarez,POINT(-70.60679099577268 -33.4383599995808)
PC469,PC469,Av. Francisco Bilbao / esq. Av. Ricardo Lyon,POINT(-70.60402100057718 -33.43778299742438)
PC470,PC470,Av. Francisco Bilbao / esq. Avenida Los Leones,POINT(-70.60102221047121 -33.43711194896948)
PC471,PC471,Av. Francisco Bilbao / esq. Doc. Roberto del Río,POINT(-70.5979539962967 -33.43646299611781)
PC472,PC472,Av. Francisco Bilbao / esq. Hernando de Aguirre,POINT(-70.59561111183075 -33.43617624511968)
PC473,PC473,Av. Francisco Bilbao / esq. Jorge Matte Gormaz,POINT(-70.59175292524866 -33.43566570422061)
PC474,PC474,Av. Francisco Bilbao / esq. Amapolas,POINT(-70.58858699486167 -33.4351729958704)
PC475,PC475,Parada 3 / (M) Francisco Bilbao,POINT(-70.58496900243752 -33.432025995367354)
PD476,PD476,Av. Francisco Bilbao / esq. Eliécer Parada,POINT(-70.58107869278679 -33.431613413852354)
PD477,PD477,Av. Francisco Bilbao / esq. Emma Valderrama,POINT(-70.57885300481556 -33.43147300246949)
PD478,PD478,Av. Francisco Bilbao / esq. Av. A. Vespucio,POINT(-70.575107632 -33.4313375967825)
PD224,PD224,Av. Francisco Bilbao / esq. Av. S. Elcano,POINT(-70.5704319957167 -33.43121599996624)
PD479,PD479,Av. Francisco Bilbao / esq. Av. Manquehue-Sur,POINT(-70.56532100312754 -33.431074002381024)
PD480,PD480,Av. Francisco Bilbao / esq. Monseñor Edwards,POINT(-70.56023500392958 -33.430825999683336)
PD481,PD481,Parada 1 / Rotonda Tomás Moro,POINT(-70.55500494476829 -33.43058889234104)
PC129,PC129,Avenida Tomás Moro / esq. Lolco,POINT(-70.55411000137566 -33.42794999784009)
PC130,PC130,Avenida Tomás Moro / esq. Alejandro Fleming,POINT(-70.55403199953241 -33.42573700144471)
PC453,PC453,Alejandro Fleming / esq. Santa Zita,POINT(-70.53132499841017 -33.42388699507912)
PC1046,PC1046,Alejandro Fleming / esq. Totoralillo,POINT(-70.53444799483879 -33.42378400182056)
PC455,PC455,Alejandro Fleming / esq. Av. Padre A. Hurtado,POINT(-70.537692664145 -33.42368833165775)
PC1045,PC1045,Alejandro Fleming / esq. Visviri,POINT(-70.5397528776174 -33.4238362310826)
PC456,PC456,Alejandro Fleming / esq. Alhué,POINT(-70.54303299673072 -33.42423699772262)
PC457,PC457,Parada / Plaza María Luisa Bombal,POINT(-70.5459109963705 -33.42455200067877)
PC458,PC458,Parada / Clínica Cordillera,POINT(-70.54946861958945 -33.42489903894566)
PC459,PC459,Alejandro Fleming / esq. Av. Tomás Moro,POINT(-70.55338556289539 -33.42531169191281)
PC127,PC127,Avenida Tomás Moro / esq. Latadia,POINT(-70.55426499758349 -33.42709500077811)
PC128,PC128,Parada 3 / Rotonda Tomás Moro,POINT(-70.55439997000396 -33.43006629226941)
PC482,PC482,Av. Francisco Bilbao / esq. Polobanda,POINT(-70.55636999484574 -33.430445995961286)
PC483,PC483,Av. Francisco Bilbao / esq. Huara Huara,POINT(-70.55962800410049 -33.43057499609672)
PC484,PC484,Av. Francisco Bilbao / esq. Av. Manquehue-Sur,POINT(-70.56479900113963 -33.430807999925655)
PC112,PC112,Av. Francisco Bilbao / esq. Sebastian Elcano,POINT(-70.56957299823851 -33.430955998843366)
PC485,PC485,Av. Francisco Bilbao / esq. Av. A. Vespucio-Sur,POINT(-70.57401999523357 -33.4310859959367)
PC486,PC486,Av. Francisco Bilbao / esq. Latadia,POINT(-70.57827900212617 -33.43122499888318)
PC487,PC487,Av. Francisco Bilbao / esq. Alcántara,POINT(-70.5807376926756 -33.43137105419864)
PC488,PC488,Parada 6 / (M) Francisco Bilbao,POINT(-70.58545191663603 -33.432032204027266)
PC489,PC489,Av. Francisco Bilbao / esq. Amapolas,POINT(-70.58843299965578 -33.43486800131498)
PC490,PC490,Av. Francisco Bilbao / esq. Jorge Matte Gormaz,POINT(-70.59147993101834 -33.43541840765887)
PC491,PC491,Av. Francisco Bilbao / esq. Hernando de Aguirre,POINT(-70.59518715561336 -33.43590339354264)
PC492,PC492,Av. Francisco Bilbao / esq. Doc. Roberto del Río,POINT(-70.59775828048085 -33.436234035116165)
PC493,PC493,Av. Francisco Bilbao / esq. Avenida Los Leones,POINT(-70.60054272585859 -33.43679203585783)
PC494,PC494,Av. Francisco Bilbao / esq. Av. Ricardo Lyon,POINT(-70.60438881688108 -33.43771549786702)
PC495,PC495,Parada 2 / (M) Inés de Suarez,POINT(-70.607964521758 -33.438368504108446)
PC496,PC496,Parada / Parque Inés de Suarez,POINT(-70.61231999668559 -33.438666001747904)
PC497,PC497,Av. Francisco Bilbao / esq. Av. Manuel Montt,POINT(-70.61517499867641 -33.43923099572351)
PC498,PC498,Av. Francisco Bilbao / esq. Av. J. Miguel Claro,POINT(-70.6180165413477 -33.439610276463476)
PC499,PC499,Av. Francisco Bilbao / esq. Av. José M. Infante,POINT(-70.62099023505739 -33.44017006902675)
PC500,PC500,Av. Francisco Bilbao / esq. Avenida Salvador,POINT(-70.62483055615965 -33.4411471020365)
PC501,PC501,Av. Francisco Bilbao / esq. Avenida Italia,POINT(-70.62611189096782 -33.44170320845361)
PC502,PC502,Av. Francisco Bilbao / esq. Avenida Seminario,POINT(-70.62918792814175 -33.44237400786632)
PJ273,PJ273,Salvador Gutiérrez / esq. Neptuno,POINT(-70.71851388225419 -33.4217193235634)
PJ274,PJ274,Salvador Gutiérrez / esq. Samuel Izquierdo,POINT(-70.71382300083326 -33.42251900307723)
PJ275,PJ275,Salvador Gutiérrez / esq. Catamarca,POINT(-70.71027400953814 -33.423250936011875)
PJ276,PJ276,Salvador Gutiérrez / esq. Jujuy,POINT(-70.70596099823916 -33.42412800361684)
PJ277,PJ277,Salvador Gutiérrez / esq. Radal,POINT(-70.70309885186107 -33.424697397177866)
PJ278,PJ278,Salvador Gutiérrez / esq. Santiago de Uriona,POINT(-70.70016999827145 -33.42530600320022)
PJ279,PJ279,Salvador Gutiérrez / esq. La Plata,POINT(-70.69571999459302 -33.42620799803045)
PJ281,PJ281,Salvador Gutiérrez / esq. Mendoza,POINT(-70.69274700040054 -33.42681699778641)
PJ282,PJ282,Mendoza / esq. Padre Tadeo,POINT(-70.69309599661914 -33.42917600185974)
PJ283,PJ283,Mendoza / esq. Avenida Mapocho,POINT(-70.69337600327812 -33.430700996657485)
PJ284,PJ284,Parada 4 / Tropezón,POINT(-70.69268699607036 -33.43183499995825)
PJ285,PJ285,Parada 1 / Villasana - Avenida Mapocho,POINT(-70.68861799859506 -33.43264200257634)
PJ286,PJ286,Parada 1 / Dr. García G. - Av. Mapocho,POINT(-70.68504099896549 -33.43290399916166)
PJ287,PJ287,Parada 3 / Matucana - Av. Mapocho,POINT(-70.68195099586082 -33.433041996908294)
PA387,PA387,Avenida Mapocho / esq. Herrera,POINT(-70.67856099897243 -33.43289900362569)
PA388,PA388,Parada / Población Mapocho,POINT(-70.67555399659317 -33.43260900309976)
PA405,PA405,Avenida Mapocho / esq. General Bulnes,POINT(-70.67146699613191 -33.43232200316051)
PA390,PA390,Avenida Mapocho / esq. Ricardo Cumming,POINT(-70.66941397578186 -33.432205775106894)
PA391,PA391,Avenida Mapocho / esq. Gral. Baquedano,POINT(-70.66655199420829 -33.43213099621941)
PA299,PA299,Hermanos Amunátegui / esq. General Mackenna,POINT(-70.65735267397454 -33.43345473528284)
PA300,PA300,Parada 9 / Estación Mapocho,POINT(-70.65389067389125 -33.43323522937182)
PA409,PA409,Parada / Puente Loreto,POINT(-70.64301600352685 -33.43400599672268)
PA410,PA410,Parada 3 / Puente Purísima,POINT(-70.63915700317868 -33.43490299585817)
PA411,PA411,Parada 1 / Facultad de Derecho,POINT(-70.63558699745472 -33.43572899514825)
PC505,PC505,Parada / Puente Racamalac,POINT(-70.63074619711608 -33.43443491633283)
PC506,PC506,Parada / Clínica Santa María,POINT(-70.62858799679005 -33.4334330037163)
PC507,PC507,Parada 8 / (M) Salvador,POINT(-70.62598999274378 -33.43110531166899)
PC508,PC508,Avenida Santa María / esq. J. Ewards de Ferrari,POINT(-70.62432287350231 -33.42854270048419)
PC317,PC317,Parada / Clínica Indisa,POINT(-70.61686779402812 -33.421428345271536)
PC318,PC318,Avenida Santa María / esq. Av. Pedro de Valdivia,POINT(-70.61515266437797 -33.420917709979165)
PC319,PC319,Avenida Santa María / esq. Padre Letelier,POINT(-70.61185200029144 -33.41912600336861)
PC320,PC320,Avenida Santa María / esq. Puente Los Leones,POINT(-70.60981900032944 -33.417722998617826)
PC211,PC211,Avenida Vitacura / esq. Paul Claudel,POINT(-70.59824754845968 -33.4060214547896)
PC212,PC212,Avenida Vitacura / esq. Navidad,POINT(-70.59632800218884 -33.40422300290834)
PC213,PC213,Avenida Vitacura / esq. Alonso de Córdova,POINT(-70.5941299959743 -33.40218599893019)
PC214,PC214,Parada / Plaza Lo Castillo,POINT(-70.59133954428854 -33.40010552838375)
PC263,PC263,Parada / Plaza Lo Castillo,POINT(-70.59171299573946 -33.400054996009565)
PC264,PC264,Avenida Vitacura / esq. Alonso de Córdova,POINT(-70.59365499583967 -33.40148300238392)
PC265,PC265,Avenida Vitacura / esq. Francisco de Aguirre,POINT(-70.59598699510045 -33.40367899961321)
PC266,PC266,Avenida Vitacura / esq. Nueva Costanera,POINT(-70.59839699832477 -33.405938002852125)
PC338,PC338,Av. Los Conquistadores / esq. Los Hidalgos,POINT(-70.60943566322567 -33.413707542063236)
PC339,PC339,Av. Los Conquistadores / esq. Avenida El Cerro,POINT(-70.61137531702602 -33.41543201040369)
PC340,PC340,Av. Los Conquistadores / esq. Padre Letelier,POINT(-70.61338729643735 -33.417225217696306)
PC341,PC341,Av. Los Conquistadores / esq. Av. Pedro de Valdivia,POINT(-70.61538052859032 -33.41900041755713)
PC342,PC342,Parada / Clínica Indisa,POINT(-70.6173340162208 -33.42072154084849)
PC343,PC343,Avenida Bellavista / esq. Los Piñones,POINT(-70.62537300114337 -33.42849200145701)
PC344,PC344,Avenida Bellavista / esq. Magallanes,POINT(-70.6277299941803 -33.430392997059904)
PC345,PC345,Parada / Clínica Santa María,POINT(-70.62965999957008 -33.4322320019135)
PC346,PC346,Parada / Colegio María Inmaculada,POINT(-70.6327224346114 -33.43402510857776)
PC347,PC347,Parada 4 / Facultad de Derecho,POINT(-70.63508100169244 -33.43466199602876)
PB668,PB668,Parada 2 / Puente Purísima,POINT(-70.63950200139428 -33.43435600273139)
PB669,PB669,Bellavista / esq. Patronato,POINT(-70.6434211424406 -33.43316517421407)
PB670,PB670,Bellavista / esq. Manzano,POINT(-70.64577499832309 -33.43263499984345)
PA397,PA397,Parada / Mercado de Anticuarios,POINT(-70.66520765911842 -33.431389829480715)
PA412,PA412,Andes / esq. Ricardo Cumming,POINT(-70.66869927060645 -33.432957244532766)
PA413,PA413,Andes / esq. General Bulnes,POINT(-70.67087148744339 -33.43306191281293)
PA414,PA414,Andes / esq. Rafael Sotomayor,POINT(-70.67379710076554 -33.43325882210325)
PA415,PA415,Andes / esq. Maipú,POINT(-70.67703500063651 -33.43349200265586)
PJ288,PJ288,Parada 1 / Patricio Lynch - Andes,POINT(-70.68116232365631 -33.43373409063171)
PJ289,PJ289,Parada 2 / Lourdes - Andes,POINT(-70.68698099368478 -33.43410272451685)
PJ290,PJ290,Parada 2 / Alcérreca - Andes,POINT(-70.69081203929268 -33.43394124103277)
PJ291,PJ291,Parada 1 / Tropezón,POINT(-70.69213300081776 -33.430944998603835)
PJ292,PJ292,Salvador Gutiérrez / esq. Mendoza,POINT(-70.69234300096207 -33.4267589968161)
PJ294,PJ294,Salvador Gutiérrez / esq. La Plata,POINT(-70.69523484195352 -33.42618111069413)
PJ295,PJ295,Salvador Gutiérrez / esq. Santiago de Uriona,POINT(-70.6997139985688 -33.42528700331607)
PJ296,PJ296,Salvador Gutiérrez / esq. Radal,POINT(-70.7026417813229 -33.424690056186165)
PJ297,PJ297,Salvador Gutiérrez / esq. Jujuy,POINT(-70.70558699841169 -33.42408099595058)
PJ298,PJ298,Salvador Gutiérrez / esq. Catamarca,POINT(-70.70963899970802 -33.42326599575244)
PJ299,PJ299,Salvador Gutiérrez / esq. Samuel Izquierdo,POINT(-70.71350393602448 -33.42248502176656)
PJ300,PJ300,Salvador Gutiérrez / esq. Neptuno,POINT(-70.71768333545882 -33.42175820926118)
PJ332,PJ332,Av. José J. Pérez / esq. Calle 3,POINT(-70.71673424292081 -33.43166543946971)
PJ397,PJ397,Av. José J. Pérez / esq. Mercurio,POINT(-70.71606184256596 -33.43184994277339)
PJ398,PJ398,Av. José J. Pérez / esq. M. Ibáñez,POINT(-70.71223700345156 -33.43266100236074)
PJ334,PJ334,Parada / Escuela Insigne Gabriela Mistral,POINT(-70.70999935834078 -33.43267195200321)
PJ335,PJ335,Parada 4 / Las Rejas - José J. Pérez,POINT(-70.7077234253054 -33.432559037111645)
PJ400,PJ400,Parada / Radal - José J. Pérez,POINT(-70.70447800145978 -33.43229999699514)
PJ337,PJ337,Av. José J. Pérez / esq. Eduardo Charme,POINT(-70.7018160044359 -33.43215499852924)
PJ338,PJ338,Av. José J. Pérez / esq. Antonio Ebner,POINT(-70.69838066644806 -33.431838108914526)
PJ1775,PJ1775,Av. José J. Pérez / esq. Ladrillero,POINT(-70.69628370325044 -33.43173717720208)
PJ403,PJ403,Parada 5 / Tropezón,POINT(-70.69362653252045 -33.431753975022914)
PA392,PA392,Avenida Mapocho / esq. Almirante Barroso,POINT(-70.66380339445361 -33.43213296227592)
PA228,PA228,Manuel Rodríguez / esq. Rosas,POINT(-70.66066700321801 -33.4354940022525)
PA229,PA229,Parada 13 / (M) Santa Ana,POINT(-70.66048789616396 -33.436669737881346)
PA332,PA332,Parada 2 / Liceo Uno,POINT(-70.65747422810776 -33.43911711304299)
PA417,PA417,Parada 3 / (M) Plaza de Armas,POINT(-70.6514489819476 -33.43854315036441)
PA334,PA334,Merced / esq. Miraflores,POINT(-70.64603371919036 -33.438038353692946)
PA419,PA419,Parada 1 / FAU Univers. de Chile,POINT(-70.63822199744435 -33.443224003960076)
PA420,PA420,Diagonal Paraguay / esq. Av.Vicuña Mackenna,POINT(-70.63414999460993 -33.44202100134143)
PC479,PC479,Avenida Paul Harris / esq. Pozo almonte,POINT(-70.53402500428999 -33.41656999923643)
PC480,PC480,Avenida Paul Harris / esq. Patricia,POINT(-70.53327799724262 -33.41902599786114)
PC481,PC481,Avenida Paul Harris / esq. Punitaqui,POINT(-70.53074649177051 -33.42127542933171)
PC1058,PC1058,Santa Zita / esq. Alejandro Fleming,POINT(-70.5317209583121 -33.423717544925616)
PC559,PC559,Seminario / esq. Rancagua,POINT(-70.629716004229 -33.44139500360982)
PC560,PC560,Seminario / esq. María L. Santander,POINT(-70.63018900355875 -33.43946600371896)
PC561,PC561,Parada 6 / Museo de Los Tajamares,POINT(-70.63074600009722 -33.43701199714361)
PA393,PA393,Parada 1 / Plaza Italia,POINT(-70.6357440932494 -33.43678815902079)
PA395,PA395,Parada 2 / (M) Bellas Artes,POINT(-70.64307804941068 -33.436470050284115)
PA260,PA260,Parada 1 / Santo Domingo - Miraflores,POINT(-70.64558432877321 -33.43552695868773)
PA421,PA421,Parada 2 / San Antonio - Santo Domingo,POINT(-70.64934679856376 -33.43596151807918)
PA422,PA422,Parada 4 / (M) Plaza de Armas,POINT(-70.65191544237204 -33.43625901423333)
PA264,PA264,Parada 2 / (M) Santa Ana,POINT(-70.65733722788163 -33.43684535377014)
PA426,PA426,Andes / esq. Avenida Brasil,POINT(-70.66480500032601 -33.432700996731256)
PA416,PA416,Parada 2 / Matucana - Andes,POINT(-70.68021899869245 -33.433678997119294)
PJ344,PJ344,Parada 2 / J.Miranda - Andes,POINT(-70.68251650563447 -33.43385162682773)
PJ345,PJ345,Parada 1 / Villasana-Andes,POINT(-70.68793224945708 -33.43404153107325)
PJ346,PJ346,Parada 6 / CESFAM Andes,POINT(-70.69196500321426 -33.43391700009232)
PJ347,PJ347,Parada 2 / Bismarck - Andes,POINT(-70.69507600283188 -33.43381399691693)
PJ404,PJ404,Parada 2 / A. Ebner - Andes,POINT(-70.69686500116433 -33.43375100112372)
PJ348,PJ348,Antonio Ebner / esq. Av. José J. Pérez,POINT(-70.69735800142074 -33.432267002861145)
PJ405,PJ405,Av. José J. Pérez / esq. Martín Gil,POINT(-70.70056900037457 -33.43195599571461)
PJ406,PJ406,Parada / Radal - José J. Pérez,POINT(-70.70396295942727 -33.43219024552272)
PJ351,PJ351,Parada 2 / Las Rejas - José J. Pérez,POINT(-70.70622200335914 -33.43233499870418)
PJ352,PJ352,Parada / Escuela Insigne Gabriela Mistral,POINT(-70.70925056804163 -33.43255800612118)
PJ353,PJ353,Av. José J. Pérez / esq. Lo Ampuero,POINT(-70.71187299870135 -33.43259700345584)
PJ354,PJ354,Av. José J. Pérez / esq. Samuel Izquierdo,POINT(-70.71565199623845 -33.43186999825538)
PI544,PI544,Avenida 5 de Abril / esq. Padre V. Irarrázaval,POINT(-70.69366399766234 -33.45971999680708)
PI546,PI546,Arica / esq. Ob. Manuel Umaña,POINT(-70.68415200489936 -33.45906925918117)
PA290,PA290,Parada 1 / Avenida España - Blanco,POINT(-70.66855391832259 -33.457889614780974)
PA433,PA433,Parada 1 / Escuela de Ingeniería,POINT(-70.66423144024544 -33.457210398270426)
PA434,PA434,Parada 1 / Plaza Ercilla,POINT(-70.66107382887773 -33.45694586422639)
PA435,PA435,Parada 4 / (M) Parque O'Higgins,POINT(-70.65684579699175 -33.46064316258938)
PA436,PA436,Avenida Matta / esq. Nataniel Cox,POINT(-70.65181493399642 -33.46004083426412)
PA658,PA658,Avenida Matta / esq. San Diego,POINT(-70.64946999803345 -33.45977500233448)
PA438,PA438,Parada 6 / (M) Matta,POINT(-70.64537931743754 -33.45896064629731)
PA439,PA439,Parada 5 / (M) Matta,POINT(-70.64353212628309 -33.45855822986703)
PA440,PA440,Avenida Matta / esq. Carmen,POINT(-70.63963676163756 -33.457739108058384)
PA666,PA666,Avenida Matta / esq. Sierra Bella,POINT(-70.63712500174917 -33.4572270016169)
PA442,PA442,Avenida Matta / esq. Avenida Portugal,POINT(-70.63346948949201 -33.456431272674166)
PD524,PD524,Parada 3 / (M) Irarrázaval,POINT(-70.62885200419208 -33.455451994989396)
PD525,PD525,Parada 3 / Conjunto Empart Ñuñoa,POINT(-70.62388000034257 -33.4583909969276)
PD644,PD644,Parada 1 / Villa Olímpica,POINT(-70.6185669371706 -33.46148383527855)
PD589,PD589,Parada 1 / Avenida Marathon,POINT(-70.61339492397455 -33.46186617771498)
PD115,PD115,Parada 1 / (M) Estadio Nacional,POINT(-70.6088400016055 -33.46213800169589)
PD116,PD116,Parada 1 / Los Tres Antonios,POINT(-70.60342799656688 -33.463395998645716)
PD590,PD590,Parada 1 / Pedagógico,POINT(-70.59701885541604 -33.464707250632976)
PD592,PD592,Parada 1 / CESFAM Salvador Bustos,POINT(-70.58897199608118 -33.46550499872115)
PD645,PD645,Parada 1 / Centro Olímpico Marlene Ahrens,POINT(-70.58235799841258 -33.467127002239685)
PD535,PD535,Parada 5 / (M) Grecia,POINT(-70.57639499631259 -33.46924000294886)
PD571,PD571,Parada 1 / Los Molineros - Av. Grecia,POINT(-70.56931397842479 -33.47065971765304)
PD572,PD572,Parada 1 / Ictinos - Avenida Grecia,POINT(-70.56369599501946 -33.471751997711735)
PD573,PD573,Parada 1 / Calle 1A - Avenida Grecia,POINT(-70.55849599598761 -33.47278299950376)
PD1322,PD1322,Parada 1 / Tobalaba - Avenida Grecia,POINT(-70.55612192512646 -33.47324909720534)
PD537,PD537,Avenida Grecia / esq. Los Tordos,POINT(-70.55288611223226 -33.47401098618745)
PD538,PD538,Avenida Grecia / esq. Las Garzas,POINT(-70.54809458355992 -33.47496673269929)
PD1323,PD1323,Avenida Grecia / esq. Av. Consistorial,POINT(-70.54403499714657 -33.475762002277506)
PD539,PD539,Parada / Municipalidad de Peñalolén,POINT(-70.54134799992408 -33.47630400019907)
PD540,PD540,Parada 1 / El Acueducto - Jacarandá,POINT(-70.53661111009995 -33.477238767943525)
PD541,PD541,Avenida Grecia / esq. Los Araucanos,POINT(-70.53207399578069 -33.478166999241594)
PD545,PD545,Avenida Grecia / esq. Los Picachos,POINT(-70.53131388625937 -33.47823321068033)
PD548,PD548,Avenida Grecia / esq. Jacarandá,POINT(-70.53522899839109 -33.47737799886946)
PD547,PD547,Avenida Grecia / esq. Amanecer,POINT(-70.53881666113439 -33.476683209343165)
PD1359,PD1359,Parada / Municipalidad de Peñalolén,POINT(-70.54228333041668 -33.475997100476405)
PD549,PD549,Avenida Grecia / esq. Palena,POINT(-70.54684999818876 -33.475097096541674)
PD550,PD550,Avenida Grecia / esq. Pasaje 444,POINT(-70.55138888164477 -33.474188769092166)
PD574,PD574,Parada 2 / Calle 1A - Avenida Grecia,POINT(-70.55680900234458 -33.472986997199556)
PD575,PD575,Parada 2 / Ictinos - Avenida Grecia,POINT(-70.56183699743792 -33.47201699731562)
PD576,PD576,Parada 2 / Los Molineros - Av. Grecia,POINT(-70.56768583377054 -33.47087946757671)
PD577,PD577,Parada 2 / Cruz Almeyda - Avenida Grecia,POINT(-70.5727899954714 -33.46986999664848)
PD553,PD553,Parada 4 / (M) Grecia,POINT(-70.57636287858571 -33.469121297124)
PD578,PD578,Parada 2 / Centro Olímpico Marlene Ahrens,POINT(-70.58118886828055 -33.46735481074618)
PD579,PD579,Parada 2 / CESFAM Salvador Bustos,POINT(-70.5897359947988 -33.46522699619196)
PD559,PD559,Parada 2 / Pedagógico,POINT(-70.59769199527335 -33.4645499982542)
PD581,PD581,Parada 2 / Los Tres Antonios,POINT(-70.6030870025024 -33.463495002678734)
PD582,PD582,Parada 2 / (M) Estadio Nacional,POINT(-70.60767273084923 -33.46214823292399)
PD583,PD583,Parada 2 / Avenida Marathon,POINT(-70.6125470043363 -33.46180099870502)
PD584,PD584,Parada 2 / Villa Olímpica,POINT(-70.61735122655553 -33.46146615706068)
PD585,PD585,Parada 2 / Conjunto Empart Ñuñoa,POINT(-70.62255491405114 -33.4596171876302)
PD564,PD564,Parada 2 / (M) Irarrázaval,POINT(-70.6281499969671 -33.4550099973604)
PA443,PA443,Avenida Matta / esq. Avenida Portugal,POINT(-70.63312121723345 -33.456023456396)
PA444,PA444,Avenida Matta / esq. Lira,POINT(-70.63667572517005 -33.45678019104988)
PA445,PA445,Avenida Matta / esq. Carmen,POINT(-70.63938753386161 -33.457336402815294)
PA446,PA446,Parada 2 / (M) Matta,POINT(-70.64296024934876 -33.458088926607566)
PA447,PA447,Parada 7 / (M) Matta,POINT(-70.64580077359368 -33.45867142713726)
PA448,PA448,Avenida Matta / esq. San Diego,POINT(-70.64880127455199 -33.45931955095567)
PA449,PA449,Avenida Matta / esq. Nataniel Cox,POINT(-70.65140126089845 -33.45970148945777)
PA450,PA450,Parada 1 / (M) Parque O'Higgins,POINT(-70.65687162179869 -33.46028309862717)
PA451,PA451,Parada 4 / Plaza Ercilla,POINT(-70.66132264561128 -33.456667654324136)
PA452,PA452,Parada 4 / Escuela de Ingeniería,POINT(-70.6637839160082 -33.456870350370465)
PA453,PA453,Parada 4 / Avenida España - Blanco,POINT(-70.66814699898934 -33.45753100001852)
PA278,PA278,Parada 2 / Bascuñán - Blanco,POINT(-70.67340890724866 -33.458332789532996)
PI547,PI547,Arica / esq. Jotabeche,POINT(-70.68489195880761 -33.458927447141484)
PI1182,PI1182,Arica / esq. Nicasio Retamales,POINT(-70.68761500081223 -33.45898600241964)
PJ341,PJ341,Parada 1 / Lourdes - Av. Mapocho,POINT(-70.68735589336261 -33.43275535428488)
PJ342,PJ342,Parada 1 / M. Rivas Vicuña - Mapocho,POINT(-70.68413984626837 -33.43293697516736)
PJ343,PJ343,Parada 1 / Matucana - Av. Mapocho,POINT(-70.68074500062284 -33.43301600062856)
PJ1757,PJ1757,Avenida Matucana / esq. Av.San Pablo,POINT(-70.68041116593366 -33.43560610075466)
PJ54,PJ54,Avenida Matucana / esq. Santo Domingo,POINT(-70.68022200086189 -33.43795799792376)
PA1,PA1,Parada 6 / (M) Quinta Normal,POINT(-70.68002107043489 -33.440124053127164)
PA599,PA599,Parada 4 / Hospital San Juan de Dios,POINT(-70.67980500392639 -33.44269499536827)
PA2,PA2,Chacabuco / esq. Romero,POINT(-70.67811137913374 -33.44815540173372)
PA368,PA368,Parada 4 / (M) Estación Central,POINT(-70.67712100129873 -33.45062800376459)
PA335,PA335,Parada 3 / (M) Unión Latinoamericana,POINT(-70.67219394794412 -33.44930137919641)
PA456,PA456,Avenida España / esq. Grajales,POINT(-70.66966199655107 -33.45242600288657)
PA457,PA457,Avenida España / esq. Toesca,POINT(-70.66913500274072 -33.454688995488034)
PA458,PA458,Avenida España / esq. Domeyko,POINT(-70.66864000308857 -33.45682400139796)
PA4,PA4,Parada / Liceo Iasura Dinator,POINT(-70.6792149956305 -33.44698800397027)
PA5,PA5,Parada 3 / Hospital San Juan de Dios,POINT(-70.67955814684481 -33.442902367700555)
PA547,PA547,Parada 3 / (M) Quinta Normal,POINT(-70.67976999683567 -33.440547000016956)
PA725,PA725,Avenida Matucana / esq. Rosas,POINT(-70.6800445946688 -33.43770300429534)
PJ493,PJ493,Avenida Mapocho / esq. Neptuno,POINT(-70.71921942970535 -33.425600093325144)
PJ494,PJ494,Avenida Mapocho / esq. Neuquén,POINT(-70.7166689993092 -33.42612099996069)
PJ495,PJ495,Avenida Mapocho / esq. Samuel Izquierdo,POINT(-70.71475799669199 -33.426490996116826)
PJ496,PJ496,Avenida Mapocho / esq. Lo Ampuero,POINT(-70.71126200151626 -33.427180003790866)
PJ497,PJ497,Avenida Mapocho / esq. Molina Lavín,POINT(-70.70907299517803 -33.427618003678774)
PJ498,PJ498,Avenida Mapocho / esq. Sergio Valdovinos,POINT(-70.70657499854393 -33.42808000399334)
PJ499,PJ499,Avenida Mapocho / esq. Radal,POINT(-70.70417586511107 -33.42849835458416)
PJ500,PJ500,Avenida Mapocho / esq. Martín Gil,POINT(-70.70105899639633 -33.4291079980919)
PJ501,PJ501,Avenida Mapocho / esq. Joaquín Valledor,POINT(-70.69763899715096 -33.42978899904661)
PJ502,PJ502,Avenida Mapocho / esq. Mendoza,POINT(-70.6935019955297 -33.431148995184806)
PJ454,PJ454,Parada 1 / CESFAM Andes,POINT(-70.6925659962453 -33.43367299898021)
PJ455,PJ455,Av. Coronel Robles / esq. Edison,POINT(-70.69251388352572 -33.436580434810885)
PJ136,PJ136,Parada 1 / Basílica de Lourdes,POINT(-70.68601754427435 -33.436992183944895)
PJ53,PJ53,Parada 1 / Matucana - San Pablo,POINT(-70.6809712736856 -33.436011091447156)
PA427,PA427,Parada 1 / Hospital San Juan de Dios,POINT(-70.67898300421487 -33.44153099517696)
PA428,PA428,Compañía de Jesús / esq. Esperanza,POINT(-70.67574999988432 -33.44116600384778)
PA429,PA429,Compañía de Jesús / esq. Cueto,POINT(-70.67258839117994 -33.44081048873251)
PA430,PA430,Compañía de Jesús / esq. Ricardo Cumming,POINT(-70.66868115770151 -33.44038201665903)
PA298,PA298,Parada 7 / (M) Santa Ana,POINT(-70.6610210924943 -33.439538684680095)
PA40,PA40,Parada 1 / Parque Forestal,POINT(-70.63902793760079 -33.436964883970845)
PA383,PA383,Parada 5 / Plaza Italia,POINT(-70.63583771721521 -33.4375520895222)
PC199,PC199,Parada 3 / Museo de Los Tajamares,POINT(-70.63128022822228 -33.43636538296386)
PC200,PC200,Parada 3 / Parque Balmaceda,POINT(-70.62861204069112 -33.435233931992485)
PC563,PC563,Parada 5 / (M) Salvador,POINT(-70.62618172135264 -33.434809512639156)
PC564,PC564,Parada / Hospital Del Salvador,POINT(-70.6257320993572 -33.436336977666066)
PC565,PC565,Avenida Salvador / esq. Rancagua,POINT(-70.62477700332288 -33.439637003533214)
PC566,PC566,Avenida Salvador / esq. Luis Montaner,POINT(-70.62403999799868 -33.44216199992603)
PC567,PC567,Avenida Salvador / esq. Santa Isabel,POINT(-70.62298711722894 -33.445661343136685)
PC568,PC568,Avenida Salvador / esq. Caupolicán,POINT(-70.62233207680822 -33.4478327755868)
PD482,PD482,Avenida Salvador / esq. Avenida Sucre,POINT(-70.62165540883167 -33.45010908155078)
PD528,PD528,Parada 3 / (M) Estadio Nacional,POINT(-70.60938399950687 -33.46210500252818)
PD529,PD529,Parada 3 / Los Tres Antonios,POINT(-70.60388600001353 -33.46313800183717)
PD530,PD530,Parada 3 / Pedagógico,POINT(-70.59745398298911 -33.46470700892579)
PD532,PD532,Parada 3 / CESFAM Salvador Bustos,POINT(-70.5896729961833 -33.4654180008569)
PD593,PD593,Alc. Jorge Monckeberg / esq. Tamaya,POINT(-70.58617941958656 -33.467942488073945)
PD594,PD594,Alc. Jorge Monckeberg / esq. Punitaqui,POINT(-70.5867259945797 -33.47021600201792)
PD595,PD595,Parada 3 / Rotonda Rodrigo de Araya,POINT(-70.58738611822956 -33.47300111041463)
PD596,PD596,Parada 1 / Rotonda Rodrigo de Araya,POINT(-70.58807099831294 -33.47447299998953)
PD597,PD597,Alc. Jorge Monckeberg / esq. Max Jara,POINT(-70.58819399774819 -33.476952002763234)
PD598,PD598,Alc. Jorge Monckeberg / esq. Los Olmos,POINT(-70.58866931888777 -33.479697028203404)
PD599,PD599,El Líbano / esq. Los Plátanos,POINT(-70.58881000227555 -33.482619998146994)
PD600,PD600,El Líbano / esq. Avenida Quilín,POINT(-70.5897799964378 -33.486022996241076)
PD601,PD601,El Líbano / esq. Luis Valenzuela,POINT(-70.59063599887779 -33.48976699520418)
PD602,PD602,El Líbano / esq. Arturo Gonzálvez,POINT(-70.59070200416777 -33.49110799803559)
PD603,PD603,El Líbano / esq. Jorge González B.,POINT(-70.59137600275369 -33.493536003756866)
PD604,PD604,El Líbano / esq. Augusto Winter,POINT(-70.59200299919438 -33.49529700261398)
PD605,PD605,Parada / Mundo Sport,POINT(-70.59227499660683 -33.49711099804921)
PD606,PD606,El Líbano / esq. Dr. A. Neghme,POINT(-70.59251800150064 -33.49889700243405)
PD607,PD607,Dr. Amador Neghme R. / esq. Juan Jofré,POINT(-70.59000200209277 -33.499829995860395)
PD608,PD608,Avenida Las Torres / esq. Gral.Horacio Toro,POINT(-70.58430833197708 -33.50089709575896)
PD1396,PD1396,Avenida Las Torres / esq. Central,POINT(-70.58264707915198 -33.501218965477946)
PD609,PD609,Parada 1 / Hosp.Dr.Luis Tisné,POINT(-70.57967800044483 -33.50177500132772)
PD610,PD610,Avenida Las Torres / esq. Avenida Los Mares,POINT(-70.5765590009767 -33.50236399689346)
PD1053,PD1053,Avenida Las Torres / esq. Los Torneros,POINT(-70.57321900384395 -33.50301800193245)
PD611,PD611,Avenida Las Torres / esq. Gral. Balmaceda,POINT(-70.57079499497651 -33.50353899993686)
PD612,PD612,Avenida Las Torres / esq. Los Arrieros,POINT(-70.56717399946302 -33.504232001561576)
PD613,PD613,Avenida Las Torres / esq. Los Mimbreros,POINT(-70.56447299952772 -33.50474399884402)
PD614,PD614,Avenida Las Torres / esq. Avenida Tobalaba,POINT(-70.56127199742338 -33.505370000912855)
PD462,PD462,Avenida Tobalaba / esq. Peatones A,POINT(-70.56103099610814 -33.506922999900695)
PD463,PD463,Avenida Tobalaba / esq. Av. Sn. Luis de Macul,POINT(-70.56094795172149 -33.508379062757285)
PD137,PD137,Avenida Tobalaba / esq. Av. Ramón Carnicer,POINT(-70.56077400302425 -33.51037900236759)
PE1321,PE1321,Av. Departamental / esq. Los Nogales,POINT(-70.55894009886818 -33.511821645567686)
PE273,PE273,Av. Departamental / esq. Los Nogales,POINT(-70.55689174709786 -33.51197505629065)
PC201,PC201,Parada 3 / (M) Salvador,POINT(-70.62606021006663 -33.43343328885887)
PC569,PC569,José Manuel Infante / esq. Av. Eliodoro Yáñez,POINT(-70.62352510610943 -33.43312624699215)
PC570,PC570,José Manuel Infante / esq. Los Naranjos,POINT(-70.6223015410793 -33.4369307655606)
PC571,PC571,José Manuel Infante / esq. Av. Francisco Bilbao,POINT(-70.62131599491383 -33.440032996867394)
PC572,PC572,José Manuel Infante / esq. Clemente Fabres,POINT(-70.6205330022347 -33.442176000718256)
PC573,PC573,José Manuel Infante / esq. Santa Isabel,POINT(-70.61958099519909 -33.44485600229492)
PC574,PC574,José Manuel Infante / esq. Caupolicán,POINT(-70.61886999972866 -33.44705699859342)
PD500,PD500,José Manuel Infante / esq. Avenida Sucre,POINT(-70.61842251308711 -33.449004581463875)
PD501,PD501,José Manuel Infante / esq. Av. Irarrázaval,POINT(-70.61782274843742 -33.452856190659084)
PD111,PD111,Parada 5 / (M) Mons. Eyzaguirre,POINT(-70.61394227189163 -33.45473359462563)
PD429,PD429,Dublé Almeyda / esq. H. Covarrubias,POINT(-70.61147118646912 -33.45501383769593)
PD112,PD112,Dublé Almeyda / esq. Campos de Deportes,POINT(-70.60951747552788 -33.45524476650709)
PD113,PD113,Campos de Deportes / esq. Crescente Errázuriz,POINT(-70.60981590261771 -33.45827673320747)
PD114,PD114,Campos de Deportes / esq. Avenida Grecia,POINT(-70.61033900381351 -33.46156999679439)
PD615,PD615,Av. Departamental / esq. Los Cerezos,POINT(-70.55205099934169 -33.51211500146396)
PD616,PD616,Av. Departamental / esq. Los Nogales,POINT(-70.55590886333582 -33.51193644500647)
PD617,PD617,Av. Departamental / esq. Mariano Sánchez F.,POINT(-70.55972318480147 -33.511586454762465)
PD1409,PD1409,Avenida Tobalaba / esq. Jorge Prieto L.,POINT(-70.56070106725818 -33.51012489236024)
PD618,PD618,Avenida Tobalaba / esq. Av. Sn. Luis de Macul,POINT(-70.5608500004127 -33.50843799637079)
PD619,PD619,Avenida Tobalaba / esq. Quebrada de Macul,POINT(-70.56094000412858 -33.50689099526379)
PD1452,PD1452,Avenida Las Torres / esq. Nueva 1,POINT(-70.56191348640841 -33.50508000076775)
PD620,PD620,Avenida Las Torres / esq. Los Verduleros,POINT(-70.56442199782083 -33.5045270038429)
PD626,PD626,Parada 2 / Hosp.Dr.Luis Tisné,POINT(-70.57956899998443 -33.501592003149796)
PD627,PD627,Avenida Las Torres / esq. El Torreón,POINT(-70.58248600354261 -33.501039999088064)
PD628,PD628,Avenida Las Torres / esq. Av. A. Vespucio,POINT(-70.58479196253168 -33.50053774397382)
PD629,PD629,Dr. Amador Neghme R. / esq. Sn. Vicente De Paul,POINT(-70.59054999765519 -33.49951200140561)
PD161,PD161,Parada 4 / Los Tres Antonios,POINT(-70.60279093349654 -33.46368129924797)
PD519,PD519,Avenida Salvador / esq. Colo Colo,POINT(-70.62080930055163 -33.45244634439997)
PD520,PD520,Avenida Salvador / esq. Avenida Sucre,POINT(-70.62147193925561 -33.450425742054016)
PD521,PD521,Avenida Salvador / esq. Caupolicán,POINT(-70.62215800379288 -33.44810599923542)
PC575,PC575,Avenida Salvador / esq. Santa Isabel,POINT(-70.62275091561489 -33.44594039511477)
PC576,PC576,Avenida Salvador / esq. Pedro León Gallo,POINT(-70.62368599418288 -33.44292699676752)
PC577,PC577,Avenida Salvador / esq. Rancagua,POINT(-70.62456499467116 -33.43991899740567)
PC578,PC578,Parada / Hospital Del Salvador,POINT(-70.62545099754209 -33.436849999071654)
PC579,PC579,Parada 6 / (M) Salvador,POINT(-70.62627152433744 -33.433990284020545)
PC195,PC195,Parada 2 / Parque Balmaceda,POINT(-70.62924894992571 -33.43514649217913)
PC196,PC196,Parada 2 / Museo de Los Tajamares,POINT(-70.63163800152806 -33.436187001008406)
PA822,PA822,Avenida Brasil / esq. Catedral,POINT(-70.66458484227189 -33.43857310341695)
PA462,PA462,Catedral / esq. Ricardo Cumming,POINT(-70.66819999606366 -33.439074996069394)
PA689,PA689,Catedral / esq. Cueto,POINT(-70.67219599945658 -33.43947499809637)
PA463,PA463,Catedral / esq. Esperanza,POINT(-70.67535500383318 -33.43980899682065)
PA7,PA7,Parada 1 / (M) Quinta Normal,POINT(-70.67985699969691 -33.43969000256891)
PJ503,PJ503,Parada 4 / CESFAM Andes,POINT(-70.6932690036684 -33.43386300008013)
PJ504,PJ504,Parada 2 / Ladrillero - Andes,POINT(-70.69581799713191 -33.43378899802042)
PJ505,PJ505,Avenida Mapocho / esq. Santa Fe,POINT(-70.69766376784607 -33.42968190262689)
PJ506,PJ506,Avenida Mapocho / esq. Santiago de Uriona,POINT(-70.70081160297366 -33.429044070920156)
PJ507,PJ507,Avenida Mapocho / esq. Radal,POINT(-70.70368527370181 -33.42849550059301)
PJ508,PJ508,Avenida Mapocho / esq. Jujuy,POINT(-70.70677399832661 -33.42793699645417)
PJ509,PJ509,Avenida Mapocho / esq. Prensa Libre,POINT(-70.70854899717955 -33.42760000080011)
PJ510,PJ510,Avenida Mapocho / esq. Catamarca,POINT(-70.71080599799797 -33.42715699585451)
PJ511,PJ511,Avenida Mapocho / esq. Samuel Izquierdo,POINT(-70.714272999919 -33.42645700285939)
PJ512,PJ512,Avenida Mapocho / esq. Espech,POINT(-70.71660799580306 -33.42599200104435)
PJ513,PJ513,Avenida Mapocho / esq. Neptuno,POINT(-70.71868400145294 -33.425598001219)
PD162,PD162,Parada 6 / (M) Estadio Nacional,POINT(-70.60813100344718 -33.46198800266801)
PD163,PD163,Campos de Deportes / esq. Los Pescadores,POINT(-70.6099190000415 -33.46123099893158)
PD164,PD164,Campos de Deportes / esq. Av. Castillo Velasco,POINT(-70.60938799563844 -33.45806099873703)
PD321,PD321,Parada 2 / Irarrázaval - Campos del Deporte,POINT(-70.60983851073502 -33.45350810787157)
PD322,PD322,Parada 2 / (M) Mons. Eyzaguirre,POINT(-70.6137993576389 -33.45306789861559)
PD323,PD323,Avenida Irarrázaval / esq. José M. Infante,POINT(-70.61752599595458 -33.45293599735526)
PD324,PD324,Parada 2 / Irarrázaval - Salvador,POINT(-70.62020099715006 -33.45331199957182)
PI754,PI754,Av. Gral. Oscar Bonilla / esq. Ministro Gana,POINT(-70.71865200234103 -33.45667999585936)
PJ96,PJ96,Parada 5 / (M) Pajaritos,POINT(-70.71696899630203 -33.45699799662617)
PI457,PI457,Parada 3 / (M) Ecuador,POINT(-70.70054599472326 -33.45633199641875)
PI339,PI339,Parada 3 / Concón,POINT(-70.69595482909631 -33.455253986553245)
PI439,PI439,Parada 3 / (M) Universidad de Santiago,POINT(-70.68788443275447 -33.45340729254503)
PA337,PA337,Parada 8 / (M) Los Héroes,POINT(-70.66194498121307 -33.44689959331644)
PA37,PA37,Parada 1 / Museo Militar,POINT(-70.6579819953348 -33.45604399858622)
PA469,PA469,Parada 8 / Plaza Ercilla,POINT(-70.6594420037022 -33.456478997330045)
PD643,PD643,Parada 1 / Conjunto Empart Ñuñoa,POINT(-70.6234728543098 -33.45879902365877)
PI1272,PI1272,Ictinos / esq. Calle 37,POINT(-70.56243200388673 -33.47081699806857)
PD486,PD486,Ictinos / esq. Laura Rodríguez,POINT(-70.56190099512689 -33.46949000058342)
PD488,PD488,Avenida Oriental / esq. Parque 2,POINT(-70.5582859950455 -33.46774700019693)
PD489,PD489,Parada / CESFAM La Faena,POINT(-70.55560999590448 -33.46850899666342)
PD490,PD490,Avenida Oriental / esq. Avenida Tobalaba,POINT(-70.55266229621604 -33.46947060742068)
PD491,PD491,Av. Las Parcelas / esq. Pasaje 445,POINT(-70.55107799574917 -33.4698369956463)
PD492,PD492,Av. Las Parcelas / esq. Laguna Salada,POINT(-70.54757889142016 -33.47053109228167)
PD493,PD493,Av. Las Parcelas / esq. Lago Rosselot,POINT(-70.54480000460144 -33.47110499962817)
PD494,PD494,Av. Las Parcelas / esq. Av. Consistorial,POINT(-70.54180600140378 -33.471719002114305)
PD495,PD495,Av. Las Parcelas / esq. Amanecer,POINT(-70.53891899787216 -33.47229000225539)
PD496,PD496,Av. Las Parcelas / esq. El Alto,POINT(-70.53641700377345 -33.47274799615053)
PD996,PD996,Quebrada Camarones / esq. Lago O'Higgins,POINT(-70.5354209963442 -33.47002500100549)
PD997,PD997,Quebrada Camarones / esq. Valle Hermoso,POINT(-70.53397599622905 -33.46708000091278)
PD1686,PD1686,Valle Hermoso / esq. Río Claro,POINT(-70.5318461086331 -33.46754095130271)
PD502,PD502,Parada / CESFAM Cardenal R.Silva Henríquez,POINT(-70.53238299610523 -33.46970899896126)
PD503,PD503,Río Claro / esq. Av. Las Parcelas,POINT(-70.53338926689814 -33.47314355455656)
PD793,PD793,Los Baqueanos / esq. Las Perdices,POINT(-70.53195599475694 -33.47364799573842)
PD1366,PD1366,Dip. Laura Rodríguez / esq. Calle 9-B,POINT(-70.55924399484498 -33.47005999738036)
PD1367,PD1367,Dip. Laura Rodríguez / esq. Andrea López Z.,POINT(-70.55653199695094 -33.47082099745437)
PD1365,PD1365,Dip. Laura Rodríguez / esq. Avenida Tobalaba,POINT(-70.55422599748755 -33.47145099617936)
PD394,PD394,Avenida Tobalaba / esq. Av. Las Parcelas,POINT(-70.55344695699442 -33.470948898415756)
PD1371,PD1371,Avenida Tobalaba / esq. Avenida Oriental,POINT(-70.55232200442796 -33.46955399758831)
PD798,PD798,Los Baqueanos / esq. Río Claro,POINT(-70.5331289348107 -33.473313435814504)
PD498,PD498,Parada / CESFAM Cardenal R.Silva Henríquez,POINT(-70.53240499727737 -33.470059002440465)
PD499,PD499,Río Claro / esq. Valle Hermoso,POINT(-70.531749000117 -33.46780600361653)
PD1424,PD1424,Valle Hermoso / esq. Qda. de Camarones,POINT(-70.53368899600106 -33.466876002783316)
PD1022,PD1022,Quebrada Camarones / esq. Lago O'Higgins,POINT(-70.53541799669561 -33.46972499542869)
PD1023,PD1023,Quebrada Camarones / esq. Av. Las Parcelas,POINT(-70.53619099904869 -33.47255100399824)
PD505,PD505,Av. Las Parcelas / esq. Quebrada de Suca,POINT(-70.53849300155976 -33.47223699650565)
PD506,PD506,Av. Las Parcelas / esq. Av. Consistorial,POINT(-70.54129474100023 -33.4716881066691)
PD507,PD507,Av. Las Parcelas / esq. Lago Cochrane,POINT(-70.54305888190183 -33.47132793641375)
PD508,PD508,Av. Las Parcelas / esq. Calle diez,POINT(-70.54570333952665 -33.47078111333856)
PD509,PD509,Av. Las Parcelas / esq. Alborada,POINT(-70.54721747356342 -33.470471375933336)
PD510,PD510,Av. Las Parcelas / esq. Pasaje 447,POINT(-70.55124500369261 -33.46969099886557)
PD369,PD369,Avenida Tobalaba / esq. Laura Rodríguez,POINT(-70.55363699892412 -33.471024002072475)
PD1412,PD1412,Parada 7 / Tobalaba - Avenida Grecia,POINT(-70.5550003256393 -33.472907346799985)
PA551,PA551,Parada 2 / (M) Unión Latinoamericana,POINT(-70.67511549775597 -33.44960636716114)
PI454,PI454,Parada 2 / San Borja,POINT(-70.68257399709202 -33.45172799638686)
PI345,PI345,Parada 2 / (M) Universidad de Santiago,POINT(-70.68690699683113 -33.45273199746617)
PI458,PI458,Parada 2 / (M) Ecuador,POINT(-70.700815003295 -33.45597548853969)
PJ165,PJ165,Parada 6 / (M) Las Rejas,POINT(-70.708042003597 -33.457576001692985)
PJ215,PJ215,Avenida Ecuador / esq. Isla Decepción,POINT(-70.71225200424954 -33.45771499684713)
PI759,PI759,Parada 2 / (M) Pajaritos,POINT(-70.71569599733515 -33.45702999895194)
PI760,PI760,Av. Gral. Oscar Bonilla / esq. Ministro Gana,POINT(-70.71841200173215 -33.45650900333234)
PJ908,PJ908,Avenida Dorsal / esq. Min Gana,POINT(-70.71907499753493 -33.45155399651184)
PJ909,PJ909,Avenida Dorsal / esq. Hiram,POINT(-70.7166740015318 -33.451127003836234)
PJ1038,PJ1038,Avenida Dorsal / esq. Isla Decepción,POINT(-70.713945823718 -33.45069558752007)
PJ911,PJ911,Avenida Dorsal / esq. España,POINT(-70.71163045817904 -33.45024474875742)
PJ912,PJ912,Avenida Dorsal / esq. Las Palmas,POINT(-70.70969999985572 -33.44991999748779)
PJ913,PJ913,Avenida Dorsal / esq. Av. Las Rejas-Norte,POINT(-70.70717300130751 -33.44952500189836)
PJ19,PJ19,Avenida Las Rejas / esq. Nueva Imperial,POINT(-70.70725699632402 -33.446727003035775)
PJ34,PJ34,Nueva Imperial / esq. Radal,POINT(-70.70292400423597 -33.445980999760366)
PJ33,PJ33,Radal / esq. Porto Seguro,POINT(-70.70275099432355 -33.447945997047604)
PI1393,PI1393,Radal / esq. Buzo Sobenes,POINT(-70.70282300133145 -33.4501620031334)
PI1392,PI1392,Radal / esq. La Coruña,POINT(-70.70232319143103 -33.452141119048065)
PI1395,PI1395,Radal / esq. Avenida Ecuador,POINT(-70.70178285460011 -33.45397042962848)
PA683,PA683,Parada / CESFAM N°5,POINT(-70.67398099546928 -33.451215001348324)
PA832,PA832,U. Latinoamericana / esq. Blanco Encalada,POINT(-70.67235501859649 -33.45814554707494)
PA590,PA590,San Alfonso / esq. Manuel de Amat,POINT(-70.6730559891071 -33.468220043314126)
PA680,PA680,Parada / Penitenciaría,POINT(-70.65997700299555 -33.47349099570335)
PA672,PA672,Luis Cousiño / esq. Av. Gral. Rondizzoni,POINT(-70.65954534766439 -33.47039581521819)
PA628,PA628,Nataniel Cox / esq. Franklin,POINT(-70.64976400473984 -33.47247000332022)
PA495,PA495,Arauco / esq. Chiloé,POINT(-70.64552500194839 -33.4720019993556)
PA496,PA496,Arauco / esq. Av. Santa Rosa,POINT(-70.64235899941795 -33.471782001136404)
PA497,PA497,Arauco / esq. San Isidro,POINT(-70.63953499699352 -33.47161000083145)
PA498,PA498,Arauco / esq. Santiago Concha,POINT(-70.6370760008564 -33.471464002124556)
PA499,PA499,Arauco / esq. Sierra Bella,POINT(-70.63339599932344 -33.47124299664059)
PA638,PA638,Arauco / esq. Avenida Portugal,POINT(-70.62976399465025 -33.47070700017743)
PA639,PA639,Arauco / esq. Santa Elena,POINT(-70.62736800427265 -33.47026099699774)
PH797,PH797,Santa Elena / esq. Carlos Fernández,POINT(-70.62625053151831 -33.47325708453073)
PH1552,PH1552,Parada 3 / Paradero 2 Av.Vicuña Mackenna,POINT(-70.62360567860947 -33.47503335351948)
PD1319,PD1319,Av. Rodrigo de Araya / esq. Til Til,POINT(-70.61899287037602 -33.474785127251884)
PD1317,PD1317,Av. Rodrigo de Araya / esq. Avenida Marathon,POINT(-70.61421299587411 -33.47474399866599)
PD647,PD647,Avenida Marathon / esq. Avenida Zañartu,POINT(-70.61345599525215 -33.4730010014763)
PD648,PD648,Avenida Marathon / esq. Guillermo Mann,POINT(-70.61348599710107 -33.47099600028578)
PD649,PD649,Avenida Marathon / esq. Calle 2,POINT(-70.61381799482808 -33.46814899707255)
PD1588,PD1588,Avenida Marathon / esq. Carlos Dittborn,POINT(-70.61462694404042 -33.4658659787065)
PD653,PD653,Guillermo Mann / esq. Calle 6,POINT(-70.61864199858788 -33.470822997313206)
PD654,PD654,Guillermo Mann / esq. Lo Encalada,POINT(-70.62092800422111 -33.470940999710805)
PD655,PD655,Parada 4 / Paradero 1 Av.Vicuña Mackenna,POINT(-70.62354484104173 -33.471541287675436)
PA637,PA637,Franklin / esq. Avenida Portugal,POINT(-70.62887500305567 -33.4715129980199)
PA505,PA505,Franklin / esq. Sierra Bella,POINT(-70.63278599469344 -33.47218700310832)
PA506,PA506,Franklin / esq. Carmen,POINT(-70.63533498192321 -33.4723630302258)
PA535,PA535,Siria / esq. Francisco Pizarro,POINT(-70.66963000381182 -33.47309399590787)
PJ878,PJ878,Avenida Dorsal / esq. Los Ediles,POINT(-70.70967499584516 -33.449835995708675)
PJ879,PJ879,Avenida Dorsal / esq. España,POINT(-70.71129493767671 -33.45009291649728)
PJ880,PJ880,Avenida Dorsal / esq. Santa Marta,POINT(-70.71463742224915 -33.45070715258772)
PJ882,PJ882,Avenida Dorsal / esq. Pardo Villalón,POINT(-70.71685200420805 -33.4510609969075)
PA6,PA6,Parada 2 / Hospital San Juan de Dios,POINT(-70.67966951059606 -33.441743102121904)
PD784,PD784,Parada 1 / Irarrázaval - Salvador,POINT(-70.61918680082866 -33.453353415572955)
PD332,PD332,Avenida Irarrázaval / esq. Capitán Fuentes,POINT(-70.61692805975544 -33.45309287076737)
PD333,PD333,Parada 1 / (M) Mons. Eyzaguirre,POINT(-70.61391947124035 -33.453218608919414)
PD334,PD334,Parada 1 / Irarrázaval - Campos del Deporte,POINT(-70.60819399987285 -33.45389999850811)
PD335,PD335,Parada 1 / (M) Ñuñoa,POINT(-70.60580699715938 -33.45415699685126)
PD336,PD336,Avenida Irarrázaval / esq. Exequiel Fernández,POINT(-70.60102058350286 -33.45463874890061)
PD337,PD337,Parada 4 / (M) Chile España,POINT(-70.59869693107923 -33.45492354307111)
PD338,PD338,Parada 3 / Plaza Ñuñoa,POINT(-70.59434865380351 -33.455371628598854)
PD339,PD339,Avenida Irarrázaval / esq. Santa Julia,POINT(-70.59000392453893 -33.455548190782494)
PD340,PD340,Parada / Casa de La Cultura Ñuñoa,POINT(-70.58667300130422 -33.45560599604569)
PD341,PD341,Avenida Irarrázaval / esq. Alc. J. Monckeberg,POINT(-70.58329699508327 -33.45495199987462)
PD342,PD342,Parada 1 / (M) Villa Frei,POINT(-70.58092400046893 -33.454699002444684)
PD343,PD343,Ramón Cruz / esq. Dublé Almeyda,POINT(-70.5804911585112 -33.458638176832885)
PD344,PD344,Ramón Cruz / esq. Av. Castillo Velasco,POINT(-70.58071999027604 -33.46060214387087)
PD658,PD658,Ramón Cruz / esq. José María Narbona,POINT(-70.58104899555065 -33.46304900008253)
PD659,PD659,Ramón Cruz / esq. Raúl Silva Castro,POINT(-70.5813599973126 -33.464743998971564)
PD660,PD660,Parada 5 / Centro Olímpico Marlene Ahrens,POINT(-70.58172500214224 -33.466783998390646)
PD567,PD567,Ramón Cruz / esq. Peatones 16,POINT(-70.58223500297424 -33.46970200095445)
PD568,PD568,Ramón Cruz / esq. Av. Rodrigo de Araya,POINT(-70.58221797714675 -33.47201950700906)
PD661,PD661,Ramón Cruz / esq. Amanda Labarca H,POINT(-70.581723001312 -33.47412000011919)
PD662,PD662,Ramón Cruz / esq. Enrique Molina G.,POINT(-70.58240928216308 -33.47694548338573)
PD663,PD663,Ramón Cruz / esq. I. Carrera Pinto,POINT(-70.58305999483791 -33.4788230032925)
PD664,PD664,Ramón Cruz / esq. Los Limoneros,POINT(-70.58379686188007 -33.480852296183606)
PD665,PD665,Ramón Cruz / esq. Los Plátanos,POINT(-70.5847158744219 -33.48360844802764)
PD666,PD666,Ramón Cruz / esq. Madreselvas,POINT(-70.58523799904322 -33.48512299621886)
PD667,PD667,Ramón Cruz / esq. Avenida Quilín,POINT(-70.58575599813895 -33.486617997579664)
PD668,PD668,Avenida Quilín / esq. Los Evangelistas,POINT(-70.58483599802273 -33.48786000178161)
PD1440,PD1440,Avenida Quilín / esq. Sn. Vicente de Paul,POINT(-70.5832552153237 -33.488451206732485)
PD669,PD669,San Vicente de Paul / esq. San Lucas,POINT(-70.58490200447037 -33.490863002273436)
PD670,PD670,San Vicente de Paul / esq. Peatones Sn. Vicente,POINT(-70.5864298374937 -33.492967068394655)
PD671,PD671,San Vicente de Paul / esq. Eduardo Fabini,POINT(-70.58748989740228 -33.494547320068385)
PD672,PD672,San Vicente de Paul / esq. Campo Lindo,POINT(-70.58854987814951 -33.49606804194146)
PD673,PD673,San Vicente de Paul / esq. Cuadro Verde,POINT(-70.58971663715344 -33.497715578523106)
PD674,PD674,San Vicente de Paul / esq. Avenida Las Torres,POINT(-70.5907600034212 -33.49916400371263)
PD270,PD270,Av. Américo Vespucio / esq. Armando Pesantes,POINT(-70.58926600124154 -33.50432299706836)
PD675,PD675,Parada 10 / (M) Macul,POINT(-70.59008119425457 -33.507290424039695)
PD1642,PD1642,Parada 6 / (M) Macul,POINT(-70.58966799526848 -33.50960800408947)
PD273,PD273,Av. Américo Vespucio / esq. Av. Sn. Luis de Macul,POINT(-70.58933700408218 -33.5071219997197)
PD676,PD676,Av. San Luis de Macul / esq. Calle 334,POINT(-70.58891999592049 -33.50654799772465)
PD677,PD677,Av. San Luis de Macul / esq. Hojas Secas,POINT(-70.58476655685185 -33.50566407347539)
PD678,PD678,Av. San Luis de Macul / esq. Embalse La Palma,POINT(-70.58308887247362 -33.50584812668453)
PD679,PD679,Av. San Luis de Macul / esq. 4 Oriente,POINT(-70.5806624692972 -33.50611807198831)
PD680,PD680,Av. San Luis de Macul / esq. Pasaje Peatones 3,POINT(-70.57825699932165 -33.50639100392915)
PD681,PD681,Av. San Luis de Macul / esq. Los Cerezos,POINT(-70.57539100172109 -33.506705000096034)
PD133,PD133,Av. San Luis de Macul / esq. Los Soldadores,POINT(-70.57242688104216 -33.50705723213602)
PD134,PD134,Av. San Luis de Macul / esq. Pasaje Fresia,POINT(-70.5685659943589 -33.50756799522366)
PD135,PD135,Av. San Luis de Macul / esq. Gabriela Mistral,POINT(-70.56485196798023 -33.50805566234059)
PD136,PD136,Av. San Luis de Macul / esq. Avenida Tobalaba,POINT(-70.56113300029594 -33.508535002106896)
PE274,PE274,Av. Departamental / esq. Los Cerezos,POINT(-70.55375800343087 -33.51213700401248)
PD350,PD350,Parada 5 / (M) Ñuñoa,POINT(-70.60551132847957 -33.45566394584168)
PD351,PD351,Dublé Almeyda / esq. Exequiel Fernández,POINT(-70.59994048995188 -33.456353190278314)
PD352,PD352,Parada 7 / (M) Chile España,POINT(-70.59676794641815 -33.45677214773136)
PD1370,PD1370,Parada 1 / Plaza Ñuñoa,POINT(-70.59424310246854 -33.45685999252179)
PD353,PD353,Dublé Almeyda / esq. Brown Sur,POINT(-70.59224115356454 -33.4569686302349)
PD354,PD354,Dublé Almeyda / esq. Los Jardines,POINT(-70.58882499941025 -33.457165001553065)
PD355,PD355,Dublé Almeyda / esq. Juan Moya Morales,POINT(-70.58701083186345 -33.457845643551835)
PD356,PD356,Dublé Almeyda / esq. Alc. J. Monckeberg,POINT(-70.58426905937856 -33.45834687583575)
PD432,PD432,Dublé Almeyda / esq. Ramón Cruz Montt,POINT(-70.58064074400285 -33.45896360864233)
PD139,PD139,Av. San Luis de Macul / esq. Nueva 1,POINT(-70.56178599922774 -33.50837800379351)
PD140,PD140,Av. San Luis de Macul / esq. Las Cepas,POINT(-70.56380599513095 -33.508115001345296)
PD141,PD141,Av. San Luis de Macul / esq. Los Arrieros,POINT(-70.56706486164241 -33.50768342901931)
PD142,PD142,Av. San Luis de Macul / esq. Los Boteros,POINT(-70.57023052723468 -33.5072760668692)
PD143,PD143,Av. San Luis de Macul / esq. Nueva,POINT(-70.57255100332485 -33.50695899816421)
PD144,PD144,Av. San Luis de Macul / esq. Los Cerezos,POINT(-70.57484599442085 -33.50665399716232)
PD683,PD683,Av. San Luis de Macul / esq. Nevado 3 Cruces,POINT(-70.57866498497683 -33.506234973767974)
PD684,PD684,Av. San Luis de Macul / esq. Nevado Incahuasi,POINT(-70.57976821672753 -33.50608396521972)
PD685,PD685,Av. San Luis de Macul / esq. Central,POINT(-70.58352000367555 -33.50567799590908)
PD686,PD686,Av. San Luis de Macul / esq. Gral.Horacio Toro,POINT(-70.58518099473945 -33.50549199518632)
PD687,PD687,Av. San Luis de Macul / esq. Av. A. Vespucio,POINT(-70.58905219330545 -33.506520401329304)
PD274,PD274,Av. Américo Vespucio / esq. Chillán,POINT(-70.58836718751577 -33.503843913410414)
PD173,PD173,Parada 2 / (M) Las Torres,POINT(-70.58720900013172 -33.50099999901303)
PD689,PD689,San Vicente de Paul / esq. Calle 2,POINT(-70.58976899995122 -33.497984995241524)
PD690,PD690,San Vicente de Paul / esq. Campo Lindo,POINT(-70.58872299641764 -33.4965159969803)
PD691,PD691,San Vicente de Paul / esq. 1 Oriente,POINT(-70.58759899702305 -33.49488099675926)
PD692,PD692,San Vicente de Paul / esq. Sebastián Apóstol,POINT(-70.58646000275967 -33.49327600076867)
PD693,PD693,San Vicente de Paul / esq. San Lucas,POINT(-70.58504699836375 -33.491263002992994)
PD694,PD694,San Vicente de Paul / esq. Avenida Quilín,POINT(-70.58324299771387 -33.48867700100461)
PD695,PD695,Avenida Quilín / esq. Ramón Cruz Montt,POINT(-70.58549174877211 -33.48692306886862)
PD696,PD696,Ramón Cruz / esq. Las Madreselvas,POINT(-70.58513910946395 -33.48562840308757)
PD697,PD697,Ramón Cruz / esq. 3 Norte,POINT(-70.58446600421894 -33.48320000252153)
PD698,PD698,Ramón Cruz / esq. 4 Norte,POINT(-70.58399993818377 -33.4818157788013)
PD699,PD699,Ramón Cruz / esq. I. Carrera Pinto,POINT(-70.58318199964113 -33.47950200335836)
PD700,PD700,Ramón Cruz / esq. Enrique Molina G.,POINT(-70.58238499596021 -33.4772800037347)
PD701,PD701,Ramón Cruz / esq. Amanda Labarca H,POINT(-70.58173999418054 -33.474740001024124)
PD702,PD702,Ramón Cruz / esq. Av. Rodrigo de Araya,POINT(-70.58167300090668 -33.47254700208656)
PD703,PD703,Ramón Cruz / esq. Playa 2,POINT(-70.58222600073675 -33.47028299605006)
PD704,PD704,Parada 6 / Centro Olímpico Marlene Ahrens,POINT(-70.58176000254815 -33.46824899620424)
PD705,PD705,Ramón Cruz / esq. María Celeste,POINT(-70.58122599773796 -33.46533200032611)
PD706,PD706,Ramón Cruz / esq. José María Narbona,POINT(-70.58098399943079 -33.46352800007879)
PD707,PD707,Ramón Cruz / esq. Av. Castillo Velasco,POINT(-70.58065599812913 -33.46112699840694)
PD708,PD708,Ramón Cruz / esq. Dublé Almeyda,POINT(-70.58041400185719 -33.45943899860262)
PD1391,PD1391,Ramón Cruz / esq. Valparaíso,POINT(-70.58008499438942 -33.457130002545966)
PD313,PD313,Parada 2 / (M) Villa Frei,POINT(-70.58097292758399 -33.45451921065968)
PD314,PD314,Avenida Irarrázaval / esq. Ortúzar,POINT(-70.58388199985738 -33.454898000589324)
PD315,PD315,Parada / Casa de La Cultura Ñuñoa,POINT(-70.58649499892225 -33.45541300006352)
PD316,PD316,Avenida Irarrázaval / esq. Pedro Torres,POINT(-70.58949699776021 -33.45537999781195)
PD317,PD317,Parada 2 / Plaza Ñuñoa,POINT(-70.59383900388988 -33.45518199784465)
PD318,PD318,Parada 5 / (M) Chile España,POINT(-70.59905999805572 -33.454676997419206)
PD319,PD319,Parada 2 / (M) Ñuñoa,POINT(-70.603023999393 -33.45425399968489)
PD320,PD320,Avenida Irarrázaval / esq. Marchant Pereira,POINT(-70.60703799746042 -33.45385199775526)
PA41,PA41,Parada 6 / (M) Universidad Católica,POINT(-70.63940899981124 -33.43924100210247)
PA642,PA642,Parada / Museo Artequín,POINT(-70.68379200056746 -33.444023001931996)
PA640,PA640,Parada / Estadio Marista,POINT(-70.68800500092364 -33.444113995845406)
PJ1074,PJ1074,Nueva Imperial / esq. Barros Arana,POINT(-70.69621110529428 -33.44519431882142)
PJ1608,PJ1608,Nueva Imperial / esq. Victorino Laynez,POINT(-70.69797100014411 -33.445553002818286)
PJ1610,PJ1610,Nueva Imperial / esq. Gaspar de Orense,POINT(-70.70005200231289 -33.445943998424816)
PJ1607,PJ1607,Nueva Imperial / esq. Radal,POINT(-70.70200100183406 -33.44592999812728)
PJ1609,PJ1609,Nueva Imperial / esq. Santa Petronila,POINT(-70.70491700203104 -33.44591099575808)
PJ1611,PJ1611,Nueva Imperial / esq. Avenida Las Rejas,POINT(-70.70705499410869 -33.44594199558596)
PJ1582,PJ1582,Av. Las Rejas-Norte / esq. Ciudadela,POINT(-70.70729499756222 -33.447727998804275)
PJ1819,PJ1819,Avenida Dorsal / esq. Las Acacias,POINT(-70.70756438650545 -33.44951426347619)
PJ883,PJ883,Avenida Dorsal / esq. Claudio Zúñiga,POINT(-70.71921103645906 -33.45148112822094)
PJ56,PJ56,Parada / INBA,POINT(-70.68304955053625 -33.43858517236819)
PJ57,PJ57,Parada 2 / Basílica de Lourdes,POINT(-70.686339732866 -33.438817413894036)
PJ58,PJ58,Parada 4 / (M) Gruta de Lourdes,POINT(-70.69071056439641 -33.43911212176526)
PJ42,PJ42,Av. Apóstol Santiago / esq. Compañía de Jesús,POINT(-70.69207799691775 -33.44138300307242)
PJ43,PJ43,Av. Apóstol Santiago / esq. Nueva Imperial,POINT(-70.69229599641803 -33.44427700022197)
PJ44,PJ44,Av. Apóstol Santiago / esq. Porto Seguro,POINT(-70.69243700201805 -33.446943995110765)
PA168,PA168,Parada 4 / (M) Santa Lucía,POINT(-70.64450906660109 -33.44254665321192)
PA341,PA341,Parada 3 / (M) Universidad Católica,POINT(-70.64117538613442 -33.440795524538885)
PA342,PA342,Parada 7 / Plaza Italia,POINT(-70.63683503475728 -33.4378840661194)
PA172,PA172,Parada 1 / (M) Parque Bustamante,POINT(-70.63361021916796 -33.44296618786598)
PA174,PA174,Parada 1 / (M) Santa Isabel,POINT(-70.63203799988347 -33.448215001040055)
PD427,PD427,Parada 12 / (M) Irarrázaval,POINT(-70.62894552981838 -33.453415620315916)
PD497,PD497,Av. Las Parcelas / esq. Río Claro,POINT(-70.53359100166796 -33.47332900202869)
PC1044,PC1044,Parada 3 / (M) Santa Isabel,POINT(-70.63119962731918 -33.44729607011208)
PA487,PA487,Av. General Bustamante / esq. Malaquías Concha,POINT(-70.62996267934385 -33.449413509712066)
PD426,PD426,Parada 11 / (M) Irarrázaval,POINT(-70.62924142637446 -33.452080408108145)
PD504,PD504,Av. Las Parcelas / esq. Qda. de Camarones,POINT(-70.53595700345612 -33.472713999227544)
PD511,PD511,Parada / CESFAM La Faena,POINT(-70.55529100356704 -33.46847300368608)
PD512,PD512,Avenida Oriental / esq. Diego Rojas,POINT(-70.5578079777852 -33.467774807010485)
PD513,PD513,Avenida Oriental / esq. Calle 19-A,POINT(-70.55945899450346 -33.467317995778195)
PD514,PD514,Ictinos / esq. Laura Rodríguez,POINT(-70.56183099802601 -33.46909300110503)
PD515,PD515,Parada 5 / Ictinos - Avenida Grecia,POINT(-70.56280661625412 -33.47155706565367)
PD563,PD563,Parada 4 / Conjunto Empart Ñuñoa,POINT(-70.62223600080273 -33.45995400134524)
PD209,PD209,Parada 7 / (M) Irarrázaval,POINT(-70.63122899833944 -33.450733001304094)
PC82,PC82,Parada 2 / (M) Santa Isabel,POINT(-70.63185299712745 -33.44861700039328)
PC84,PC84,Parada 2 / (M) Parque Bustamante,POINT(-70.63331279411399 -33.443656569386015)
PC86,PC86,Parada 4 / Plaza Italia,POINT(-70.63512800019441 -33.43757200260965)
PA42,PA42,Parada 4 / (M) Universidad Católica,POINT(-70.64030091711534 -33.43985611985216)
PA385,PA385,Parada 3 / (M) Santa Lucía,POINT(-70.64529760606625 -33.44242934268345)
PA50,PA50,Parada 1 / Teatro Teletón,POINT(-70.65860443334246 -33.435669563648105)
PD1453,PD1453,Av. Francisco Bilbao / esq. V. Pérez Rosales,POINT(-70.5523098086041 -33.43052375487911)
PD1007,PD1007,Parada / Parque Padre Hurtado,POINT(-70.54748599472369 -33.43000000297658)
PD1008,PD1008,Parada / Portal La Reina,POINT(-70.53966300149392 -33.42915799999245)
PC975,PC975,Parada / Portal La Reina,POINT(-70.54069687055345 -33.4287515663691)
PC976,PC976,Parada / Parque Padre Hurtado,POINT(-70.54843729718327 -33.42962207793214)
PC977,PC977,Parada 2 / Rotonda Tomás Moro,POINT(-70.55384100075347 -33.43022599794272)
PA182,PA182,Parada 2 / (M) Santa Lucía,POINT(-70.64597408101737 -33.44259133164089)
PC1225,PC1225,Padre Letelier / esq. Los Españoles,POINT(-70.61202162814519 -33.41839407848718)
PJ2002,PJ2002,Parada 1 / EIM Pajaritos,POINT(-70.71507401079863 -33.45778157355562)
PJ565,PJ565,Neptuno / esq. P. Lorenzo Eiting,POINT(-70.7195189978082 -33.42798600184277)
PJ566,PJ566,Neptuno / esq. Avenida Mapocho,POINT(-70.718956003489 -33.42585499992761)
PJ567,PJ567,Neptuno / esq. Manantiales,POINT(-70.71821400353262 -33.42310599842874)
PJ568,PJ568,Neptuno / esq. Salvador Gutiérrez,POINT(-70.71795555728335 -33.421935983012524)
PJ569,PJ569,Neptuno / esq. Sara Gajardo,POINT(-70.71720277697948 -33.41872765559077)
PJ570,PJ570,Parada / CESFAM Lo Amor,POINT(-70.71694600160777 -33.417675995170846)
PJ571,PJ571,Neptuno / esq. Avenida Carrascal,POINT(-70.71596388501439 -33.41534432256715)
PJ572,PJ572,Samuel Izquierdo / esq. Emilio Campodónico,POINT(-70.7113277769118 -33.415474879622444)
PJ573,PJ573,Samuel Izquierdo / esq. Los Sauces,POINT(-70.71028399971883 -33.41300799658794)
PJ574,PJ574,Samuel Izquierdo / esq. Carmen Lidia,POINT(-70.70962222056109 -33.41148598546672)
PJ1880,PJ1880,Carmen Lidia / esq. Tegualda,POINT(-70.707816659657 -33.412005435308124)
PJ576,PJ576,Carmen Lidia / esq. Lo Espinoza,POINT(-70.7062495645979 -33.412323223748515)
PJ577,PJ577,Lazo de La Vega / esq. Los Suspiros,POINT(-70.7052469990773 -33.41279199764001)
PJ578,PJ578,Lazo de La Vega / esq. Meza Bell,POINT(-70.70358600461792 -33.412709003481396)
PJ579,PJ579,Lazo de La Vega / esq. Miguel de Atero,POINT(-70.70166199948835 -33.41259299985428)
PJ580,PJ580,Gonzalo Bulnes / esq. Dr. Marcelo Fitte,POINT(-70.69803888221347 -33.417049076435646)
PJ581,PJ581,Gonzalo Bulnes / esq. Dr. C. Ottolenghi,POINT(-70.69791500475446 -33.41883200246874)
PJ582,PJ582,Parada 3 / Escuela E. Hurtado,POINT(-70.69772799673706 -33.42142699716019)
PJ1729,PJ1729,Avenida Carrascal / esq. Santa Fe,POINT(-70.69608755274612 -33.42236792920994)
PJ451,PJ451,Parada / Municipalidad de Quinta Normal,POINT(-70.69327898409371 -33.4230830174162)
PJ452,PJ452,Avenida Carrascal / esq. Av.Walker Martínez,POINT(-70.69113589501993 -33.423402457987024)
PJ2067,PJ2067,Avenida Carrascal / esq. Villasana,POINT(-70.68735000182707 -33.42442999742516)
PJ584,PJ584,Villasana / esq. Claudio Vicuña M.,POINT(-70.68755934601296 -33.42633610554398)
PJ585,PJ585,Villasana / esq. Juan de Barros,POINT(-70.68797492622932 -33.429268968807726)
PJ586,PJ586,Villasana / esq. Avenida Mapocho,POINT(-70.68845299907187 -33.43227299730174)
PJ587,PJ587,Villasana / esq. Andes,POINT(-70.68857000150638 -33.433735003522685)
PJ588,PJ588,Villasana / esq. Martínez de Rozas,POINT(-70.68860799958271 -33.4347520001743)
PJ589,PJ589,Villasana / esq. Av.San Pablo,POINT(-70.68855726698112 -33.437155065992954)
PJ52,PJ52,Parada 3 / Basílica de Lourdes,POINT(-70.68692399887922 -33.43717600003231)
PJ98,PJ98,Parada 3 / Matucana - San Pablo,POINT(-70.6818433259488 -33.43612216564065)
PJ45,PJ45,Parada 1 / (M) Gruta de Lourdes,POINT(-70.69208571430455 -33.43767876909286)
PJ591,PJ591,Parada 2 / CESFAM Andes,POINT(-70.69228972610306 -33.43415916195625)
PJ47,PJ47,Parada 2 / Tropezón,POINT(-70.69217200198612 -33.43201000205378)
PJ48,PJ48,Parada 4 / Salvador Gutiérrez - Walker Martínez,POINT(-70.69154627716948 -33.42725289134194)
PJ456,PJ456,Parada 2 / Salvador Gutiérrez - Walker Martínez,POINT(-70.69138600063401 -33.42614500007642)
PJ457,PJ457,Augusto Matte / esq. Avenida Carrascal,POINT(-70.68990489404749 -33.423905040905964)
PJ458,PJ458,Parada / Municipalidad de Quinta Normal,POINT(-70.69364694894084 -33.42287906908449)
PJ2068,PJ2068,Avenida Carrascal / esq. Embajador Gómez,POINT(-70.69575400253814 -33.42231099553824)
PJ593,PJ593,Embajador Gómez / esq. Mercedes Marín,POINT(-70.69607599774663 -33.418899001692324)
PJ594,PJ594,Embajador Gómez / esq. Dr. Marcelo Fitte,POINT(-70.69616299417584 -33.41769499991212)
PJ595,PJ595,Embajador Gómez / esq. Leoncio Fernández,POINT(-70.69691299801569 -33.415947996394834)
PJ597,PJ597,Los Sauces / esq. Miguel de Atero,POINT(-70.70100499660941 -33.41414099518841)
PJ1751,PJ1751,Los Sauces / esq. Meza Bell,POINT(-70.70299000008433 -33.41425000240728)
PJ598,PJ598,Los Sauces / esq. Lo Espinoza,POINT(-70.70489999609029 -33.414362001848055)
PJ599,PJ599,Los Sauces / esq. Pasaje 3,POINT(-70.70801899628809 -33.413561001273266)
PJ600,PJ600,Los Sauces / esq. Samuel Izquierdo,POINT(-70.71001392941984 -33.41287465299127)
PA460,PA460,Catedral / esq. Almirante Barroso,POINT(-70.66224089827516 -33.43847829520023)
PA622,PA622,Martínez de Rozas / esq. Cautín,POINT(-70.6698389993572 -33.43380700195342)
PA621,PA621,Martínez de Rozas / esq. Cueto,POINT(-70.67276700349365 -33.43399500196388)
PJ1018,PJ1018,Córdova y Figueroa / esq. Martínez de Rozas,POINT(-70.69362500253024 -33.4349280015774)
PJ741,PJ741,Córdova y Figueroa / esq. Av.San Pablo,POINT(-70.69318400005645 -33.4380249986679)
PA643,PA643,Esperanza / esq. Huérfanos,POINT(-70.67541802440506 -33.44216703891493)
PA556,PA556,Esperanza / esq. Moneda,POINT(-70.67531699942566 -33.444473999442074)
PA474,PA474,Esperanza / esq. Romero,POINT(-70.67494501685937 -33.44707897461692)
PA558,PA558,Esperanza / esq. Alameda,POINT(-70.67445395672081 -33.449257994583824)
PJ13,PJ13,Parada 7 / (M) Blanqueado,POINT(-70.70741000135298 -33.44133099650361)
PJ1039,PJ1039,Isla Decepción / esq. Pedro De Córdova,POINT(-70.71335300307977 -33.4520600010928)
PJ1040,PJ1040,Isla Decepción / esq. Obispo Rodríguez,POINT(-70.71267099668181 -33.455029995826145)
PI758,PI758,Isla Decepción / esq. Av. Gral. O. Bonilla,POINT(-70.71267700075872 -33.45728999883972)
PI756,PI756,Santa Marta / esq. Eldin,POINT(-70.7141369972266 -33.45559599919182)
PI757,PI757,Obispo Rodríguez / esq. Isla Decepción,POINT(-70.71284300247841 -33.45533299980562)
PJ1041,PJ1041,Isla Decepción / esq. Pedro De Córdova,POINT(-70.71308699974246 -33.45247200032031)
PJ1042,PJ1042,Isla Decepción / esq. Avenida Dorsal,POINT(-70.71361900335673 -33.45083700110456)
PJ1044,PJ1044,Santa Marta / esq. La Comuna,POINT(-70.71497761489049 -33.44863202870456)
PJ1045,PJ1045,Santa Marta / esq. Avenida Portales,POINT(-70.71533556419526 -33.44557504323238)
PJ1046,PJ1046,Avenida Portales / esq. Necochea,POINT(-70.7125479990619 -33.445694998598086)
PJ1047,PJ1047,Avenida Portales / esq. Los Ediles,POINT(-70.71028399977816 -33.445905002112944)
PJ775,PJ775,Avenida Portales / esq. Av. Las Rejas-Norte,POINT(-70.70756589542414 -33.44609242525461)
PJ20,PJ20,Avenida Las Rejas / esq. Catedral,POINT(-70.7072979243122 -33.44415932450469)
PJ21,PJ21,Parada 4 / (M) Blanqueado,POINT(-70.70725099752246 -33.44168199932685)
PJ776,PJ776,Parada / CESFAM Sta. Anita (Lo Prado),POINT(-70.70911400370679 -33.43963600310808)
PJ777,PJ777,9 de Julio / esq. Santa Anita,POINT(-70.71073699876273 -33.43947800397482)
PJ1077,PJ1077,9 de Julio / esq. Necochea,POINT(-70.71271000276126 -33.43898599573276)
PJ779,PJ779,9 de Julio / esq. Rapel,POINT(-70.71706599898603 -33.43861900138776)
PJ780,PJ780,9 de Julio / esq. San Germán,POINT(-70.71935700291395 -33.43850000088021)
PJ781,PJ781,San Germán / esq. Los Copihues,POINT(-70.71982399818579 -33.44082099540188)
PJ1810,PJ1810,Salvador Gutiérrez / esq. Santa Fe,POINT(-70.69722388276085 -33.42587092144992)
PJ863,PJ863,Santa Fe / esq. Avenida Carrascal,POINT(-70.69600086151128 -33.42264002152559)
PJ1961,PJ1961,Costanera Sur / esq. Los Suspiros,POINT(-70.70706011437356 -33.40859089309706)
PJ6,PJ6,Parada / Escuela Diego Portales,POINT(-70.70210625841527 -33.42169561421513)
PJ7,PJ7,Radal / esq. Salvador Gutiérrez,POINT(-70.70291199735425 -33.42445999841767)
PJ145,PJ145,Parada 2 / (M) Blanqueado,POINT(-70.70700300459319 -33.44136000308715)
PJ953,PJ953,Parada / Villa Caupolicán,POINT(-70.71018359666806 -33.442212023418826)
PJ146,PJ146,Avenida San Pablo / esq. Necochea,POINT(-70.71277000328163 -33.442765996397554)
PJ147,PJ147,Parada 1 / (M) Lo Prado,POINT(-70.7155882674791 -33.4431850686988)
PJ148,PJ148,Parada / Municipalidad de Lo Prado,POINT(-70.71922271549181 -33.443689074003586)
PJ176,PJ176,Parada / Municipalidad de Lo Prado,POINT(-70.71919653372699 -33.443819965461905)
PJ177,PJ177,Parada 2 / (M) Lo Prado,POINT(-70.71607621880779 -33.4433850650387)
PJ178,PJ178,Avenida San Pablo / esq. Casilda,POINT(-70.71239099680692 -33.44284999643511)
PJ131,PJ131,Parada / Villa Caupolicán,POINT(-70.71047000217084 -33.44241600364545)
PJ179,PJ179,Parada 6 / (M) Blanqueado,POINT(-70.70816808322233 -33.4418301064954)
PJ180,PJ180,Parada / Escuela Inglaterra,POINT(-70.70442096735975 -33.44081931220339)
PJ133,PJ133,Parada / Radal - San Pablo,POINT(-70.70266199512658 -33.44034999873468)
PJ1738,PJ1738,Radal / esq. Santo Domingo,POINT(-70.70255300333484 -33.44184999840888)
PJ978,PJ978,Radal / esq. Catedral,POINT(-70.70263200005088 -33.443835000845716)
PJ979,PJ979,Radal / esq. Cura Marchant,POINT(-70.7026829941495 -33.445435997328076)
PI340,PI340,Parada 3 / (M) San Alberto Hurtado,POINT(-70.68936599613177 -33.45376000182675)
PJ999,PJ999,Costanera Sur / esq. Pasaje C,POINT(-70.71885611062683 -33.41128115974347)
PJ1871,PJ1871,Santa Adriana / esq. Brisas del Río,POINT(-70.7163777699071 -33.4130332080464)
PJ1000,PJ1000,Brisas del Río / esq. Santa Edelmira,POINT(-70.71432499955854 -33.411735989322686)
PJ575,PJ575,Carmen Lidia / esq. Estadio,POINT(-70.71170213781491 -33.41109330706006)
PJ8,PJ8,Radal / esq. Avenida Mapocho,POINT(-70.70397999446513 -33.42820800068984)
PJ1003,PJ1003,Radal / esq. Cónsul Poinsett,POINT(-70.70409095537062 -33.42966773589503)
PJ1004,PJ1004,Radal / esq. Av. José J. Pérez,POINT(-70.70431299547369 -33.43200499917515)
PJ661,PJ661,Radal / esq. Vicuña Rozas,POINT(-70.70442684746712 -33.43572625126542)
PJ1005,PJ1005,Radal / esq. Pasaje F,POINT(-70.70361641900323 -33.43770297076255)
PJ1006,PJ1006,Radal / esq. Av.San Pablo,POINT(-70.70260899579021 -33.440050998917954)
PJ181,PJ181,Parada / Plaza Simón Bolívar,POINT(-70.69874299912048 -33.43928700193015)
PJ135,PJ135,Avenida San Pablo / esq. Cruchaga Montt,POINT(-70.69481899590731 -33.438730002863984)
PJ1731,PJ1731,Parada 7 / (M) Gruta de Lourdes,POINT(-70.69296296668605 -33.43947131404247)
PJ189,PJ189,Santo Domingo / esq. Barros Arana,POINT(-70.69596651178624 -33.43988957802696)
PJ143,PJ143,Parada / Plaza Simón Bolívar,POINT(-70.6997751720824 -33.439417894433845)
PJ190,PJ190,Parada / Radal - San Pablo,POINT(-70.70228699709511 -33.44008800311875)
PJ1063,PJ1063,Radal / esq. Martínez de Rozas,POINT(-70.70371199606393 -33.437310999565184)
PJ1760,PJ1760,Radal / esq. Andes,POINT(-70.70441726481114 -33.43537703728389)
PJ1761,PJ1761,Radal / esq. Av. José J. Pérez,POINT(-70.70426490482149 -33.43257757451399)
PJ1762,PJ1762,Radal / esq. Cónsul Poinsett,POINT(-70.7040580004264 -33.43011999930629)
PJ26,PJ26,Radal / esq. Padre Tadeo,POINT(-70.70375199600339 -33.42764999550132)
PJ27,PJ27,Radal / esq. Salvador Gutiérrez,POINT(-70.70294999859564 -33.42493876594469)
PJ1564,PJ1564,Hoevel / esq. Santiago de Uriona,POINT(-70.6996889493075 -33.4233459739246)
PJ1007,PJ1007,Santa Edelmira / esq. Estadio,POINT(-70.71184999958861 -33.41225265518057)
PJ1008,PJ1008,Santa Edelmira / esq. Brisas del Río,POINT(-70.71393888551354 -33.41162210513978)
PJ1009,PJ1009,Brisas del Río / esq. Santa Adriana,POINT(-70.71595399631195 -33.412988001807264)
PJ465,PJ465,Avenida Carrascal / esq. Pedro Gil de Castro,POINT(-70.71922599428467 -33.413228998992565)
PI400,PI400,Parada 3 / (M) Las Rejas,POINT(-70.70591091995537 -33.457587674948236)
PI1813,PI1813,Parada 7 / (M) Estación Central,POINT(-70.67871247355015 -33.45102794521285)
PA369,PA369,Parada 5 / (M) República,POINT(-70.6688868780006 -33.44839781538603)
PA370,PA370,Parada 9 / (M) Los Héroes,POINT(-70.66303999991372 -33.447145995183725)
PA338,PA338,Parada 6 / (M) La Moneda,POINT(-70.6556799946123 -33.44543899638952)
PA340,PA340,Parada 9 / (M) Santa Lucía,POINT(-70.6465005015915 -33.4431071121536)
PC147,PC147,Parada 1 / Museo de Los Tajamares,POINT(-70.63017947390945 -33.43592708749371)
PC148,PC148,Parada 1 / Parque Balmaceda,POINT(-70.62752744197138 -33.434689317872255)
PC149,PC149,Parada 1 / (M) Salvador,POINT(-70.62536694580915 -33.43277128962432)
PC150,PC150,Parada 1 / Torres de Tajamar,POINT(-70.62103452306253 -33.429833235664034)
PC151,PC151,Parada 1 / (M) Manuel Montt,POINT(-70.61780965763727 -33.42853973644599)
PC2,PC2,Parada 7 / (M) Pedro de Valdivia,POINT(-70.61590200149014 -33.426915002768986)
PC152,PC152,Parada 3 / Guardia Vieja,POINT(-70.6113357039216 -33.42418429731651)
PC153,PC153,Parada 3 / (M) Los Leones,POINT(-70.60976777905745 -33.42296265241465)
PC1329,PC1329,Parada 8 / (M) Tobalaba,POINT(-70.60444673147849 -33.41946059665872)
PC1016,PC1016,Parada 3 / (M) Tobalaba,POINT(-70.60267499494273 -33.4176309958145)
PC187,PC187,Parada 2 / Hospital Metropolitano,POINT(-70.60581999542228 -33.41912299608688)
PC188,PC188,Parada 6 / (M) Los Leones,POINT(-70.60948437749818 -33.42149931498082)
PC189,PC189,Parada 8 / (M) Pedro de Valdivia,POINT(-70.61233199503575 -33.42336299761715)
PC21,PC21,Parada 2 / (M) Pedro de Valdivia,POINT(-70.6152223287936 -33.42596193439166)
PC191,PC191,Parada 2 / Biblioteca de Providencia,POINT(-70.61696587772916 -33.42728041930662)
PC192,PC192,Parada 2 / (M) Manuel Montt,POINT(-70.62011549434462 -33.42865446653222)
PC193,PC193,Parada 2 / Torres de Tajamar,POINT(-70.62282299587818 -33.430264997347194)
PC194,PC194,Parada 2 / (M) Salvador,POINT(-70.62631815668426 -33.43326703522127)
PA343,PA343,Parada 10 / Plaza Italia,POINT(-70.63625599480358 -33.43730001025771)
PI403,PI403,Parada 8 / (M) Estación Central,POINT(-70.6807980694583 -33.45129015976725)
PI470,PI470,Parada 4 / (M) Las Rejas,POINT(-70.70654900237307 -33.45773799818284)
PA336,PA336,Parada 3 / (M) República,POINT(-70.66774948259835 -33.44808944049202)
PA366,PA366,Parada 4 / (M) Los Héroes,POINT(-70.66047200378114 -33.445791998399656)
PA705,PA705,Parada 6 / Puente Bulnes,POINT(-70.67170297698239 -33.42863081561874)
PC61,PC61,Av. Américo Vespucio / esq. Psje. Las Hualtatas,POINT(-70.58657799755628 -33.402329998791316)
PJ37,PJ37,J. Walker Martínez / esq. Avenida Carrascal,POINT(-70.69132099641784 -33.422871998788764)
PB73,PB73,Av. Apóstol Santiago / esq. Mariano La Torre,POINT(-70.69349197753353 -33.410334815444266)
PB74,PB74,Av. Apóstol Santiago / esq. Gabriela Mistral,POINT(-70.69290400466842 -33.41177900236768)
PB75,PB75,Av. Apóstol Santiago / esq. Av. Jorge Hirmas,POINT(-70.69250578310015 -33.4135881257725)
PJ36,PJ36,J. Walker Martínez / esq. Card. José Mª Caro,POINT(-70.69098399496427 -33.42104699832299)
PJ38,PJ38,Parada 3 / Salvador Gutiérrez - Walker Martínez,POINT(-70.69190899994553 -33.426423002978346)
PI169,PI169,Parada 5 / (M) Estación Central,POINT(-70.67800891954896 -33.45207965844401)
PJ49,PJ49,J. Walker Martínez / esq. Julio Verne,POINT(-70.69071075672059 -33.422385346583305)
PJ50,PJ50,J. Walker Martínez / esq. Costanera-Sur,POINT(-70.69040499800622 -33.420547996139106)
PB76,PB76,Av. Apóstol Santiago / esq. Av. Jorge Hirmas,POINT(-70.6918239964021 -33.41480300096251)
PB77,PB77,Av. Apóstol Santiago / esq. Pedro Prado,POINT(-70.69250682548075 -33.41153240864561)
PB78,PB78,Av. Apóstol Santiago / esq. Av. Dgo Santa María,POINT(-70.69329111118817 -33.40954644340594)
PA380,PA380,Parada 4 / Estación Mapocho,POINT(-70.65136999431677 -33.43256899917595)
PJ51,PJ51,Parada 3 / (M) Gruta de Lourdes,POINT(-70.69015200224474 -33.43788500319902)
PA372,PA372,Parada 8 / Plaza Italia,POINT(-70.63750311539297 -33.43826948782059)
PC202,PC202,Parada 3 / Torres de Tajamar,POINT(-70.62224593809744 -33.43020969035022)
PC1,PC1,Parada 3 / (M) Manuel Montt,POINT(-70.61936692347827 -33.42948869992532)
PC204,PC204,Parada 1 / Guardia Vieja,POINT(-70.61089314492745 -33.42381199759782)
PC205,PC205,Parada 1 / (M) Los Leones,POINT(-70.60864159687152 -33.4221844619528)
PC160,PC160,Parada 4 / (M) Escuela Militar,POINT(-70.5822330029706 -33.4134539996368)
PC161,PC161,Parada / Omnium,POINT(-70.57783500144272 -33.411985000384895)
PC162,PC162,Avenida Apoquindo / esq. Rosa O'Higgins,POINT(-70.57601499449358 -33.411482995829864)
PC163,PC163,Avenida Apoquindo / esq. Luis Zegers,POINT(-70.57345778204092 -33.410647824958104)
PC1066,PC1066,Parada 4 / (M) Manquehue,POINT(-70.5695270024961 -33.40951799521354)
PC165,PC165,Avenida Apoquindo / esq. E. Dell'Orto,POINT(-70.56356199715734 -33.407949003046575)
PC278,PC278,Avenida Las Condes / esq. Juan Montalvo,POINT(-70.56004899939698 -33.40640500202145)
PC279,PC279,Avenida Las Condes / esq. General C. Urzúa,POINT(-70.55772582269071 -33.40502452958314)
PC280,PC280,Avenida Las Condes / esq. Paul Klee,POINT(-70.55443800149165 -33.40105400228188)
PC298,PC298,Avenida Las Condes / esq. Av. Las Tranqueras,POINT(-70.55474698333529 -33.401041147961465)
PC299,PC299,Avenida Las Condes / esq. Belén,POINT(-70.55706244336807 -33.404370992582614)
PC300,PC300,Avenida Las Condes / esq. Ntra. Sra. del Rosario,POINT(-70.56047900033073 -33.40642100331717)
PC177,PC177,Parada 8 / (M) Manquehue,POINT(-70.56474094235541 -33.408027396834164)
PC178,PC178,Parada 7 / (M) Manquehue,POINT(-70.56902380671733 -33.40914304347888)
PC179,PC179,Parada 9 / (M) Manquehue,POINT(-70.57172614443893 -33.40992919400494)
PC180,PC180,Avenida Apoquindo / esq. Warren Smith,POINT(-70.57403518182744 -33.41060316289537)
PC182,PC182,Parada 9 / (M) Escuela Militar,POINT(-70.5825307516759 -33.41332665780779)
PC183,PC183,Parada / Cerro Navidad,POINT(-70.58670012263016 -33.41468520467708)
PC184,PC184,Parada 1 / (M) Alcántara,POINT(-70.58975675550671 -33.4153206946346)
PC1106,PC1106,Parada / Municipalidad de Las Condes,POINT(-70.59368876248006 -33.41611240715195)
PC185,PC185,Parada 1 / (M) El Golf,POINT(-70.59655433917288 -33.416702610471305)
PC186,PC186,Avenida Apoquindo / esq. El Bosque Norte,POINT(-70.59940994159398 -33.41742537347428)
PC270,PC270,Parada 4 / Hospital Metropolitano,POINT(-70.60550699847735 -33.418322997821235)
PC271,PC271,Parada 10 / (M) Los Leones,POINT(-70.60769599566686 -33.42045199607138)
PC301,PC301,Parada 4 / (M) Los Leones,POINT(-70.61028410911037 -33.42200135648438)
PC190,PC190,Parada 4 / (M) Pedro de Valdivia,POINT(-70.6146399956306 -33.42540799992162)
PC273,PC273,Parada 4 / (M) Manuel Montt,POINT(-70.6189810028716 -33.42817100271487)
PC274,PC274,Parada 4 / Torres de Tajamar,POINT(-70.62194124775978 -33.429672937462676)
PC1192,PC1192,Avenida Providencia / esq. Av. Eliodoro Yáñez,POINT(-70.62507460783496 -33.43209381474994)
PC276,PC276,Parada 4 / Parque Balmaceda,POINT(-70.62851600083562 -33.43478099555118)
PC277,PC277,Parada 4 / Museo de Los Tajamares,POINT(-70.63088799604544 -33.43587900042179)
PA375,PA375,Parada 2 / (M) Universidad de Chile,POINT(-70.65219088066557 -33.44391168055564)
PA377,PA377,Parada 2 / (M) Los Héroes,POINT(-70.66198047315946 -33.44616945259823)
PA378,PA378,Parada 1 / (M) Estación Central,POINT(-70.67892968482501 -33.45016811284307)
PA8,PA8,Parada 2 / Santo Domingo - Matucana,POINT(-70.67993792973549 -33.43875407875842)
PJ137,PJ137,Martínez de Rozas / esq. Patricio Lynch,POINT(-70.68125617906877 -33.43456826506147)
PJ138,PJ138,Martínez de Rozas / esq. Rivas Vicuña,POINT(-70.68362334176172 -33.43471172932006)
PJ139,PJ139,Martínez de Rozas / esq. Villasana,POINT(-70.6883628807648 -33.43497247831209)
PJ140,PJ140,Martínez de Rozas / esq. Av. Coronel Robles,POINT(-70.69197942339981 -33.435190117665684)
PJ141,PJ141,Martínez de Rozas / esq. Antonio Ebner,POINT(-70.69564067704854 -33.43552130002434)
PJ142,PJ142,Santa Genoveva / esq. Alejandro Fierro,POINT(-70.69832899816176 -33.43657400086388)
PJ183,PJ183,Santa Genoveva / esq. Av.San Pablo,POINT(-70.6979179946154 -33.43877100145216)
PJ41,PJ41,Parada 5 / (M) Gruta de Lourdes,POINT(-70.69216999441528 -33.438987997177605)
PI66,PI66,Parada 1 / Estadio USACH,POINT(-70.69204387259364 -33.451232749212366)
PC206,PC206,Parada 7 / (M) Los Leones,POINT(-70.60630058227815 -33.42021426238706)
PC586,PC586,Parada 3 / (M) Escuela Militar,POINT(-70.58156499930556 -33.41318599656014)
PC164,PC164,Parada 3 / (M) Manquehue,POINT(-70.56757695361703 -33.40901333475069)
PC166,PC166,Parada / Estadio Italiano,POINT(-70.56048599667956 -33.40756499713069)
PC167,PC167,Parada 2 / (M) Hernando de Magallanes,POINT(-70.55596899702367 -33.40803700284121)
PC168,PC168,Parada 1 / INACAP Apoquindo,POINT(-70.552193994887 -33.408528998417815)
PC137,PC137,Avenida Apoquindo / esq. Torremolino,POINT(-70.54869399994722 -33.40824599688852)
PC138,PC138,Camino El Alba / esq. Cardenal Newman,POINT(-70.54083333083528 -33.40566654091769)
PC170,PC170,Camino El Alba / esq. Av. Paul Harris,POINT(-70.53839102349922 -33.40509202734778)
PC171,PC171,Avenida Paul Harris / esq. General Blanche,POINT(-70.53737399667229 -33.40745799514022)
PC302,PC302,Avenida Paul Harris / esq. Río Guadiana,POINT(-70.53634499991368 -33.41003999669191)
PC303,PC303,Avenida Paul Harris / esq. Río Guadiana,POINT(-70.53573300227121 -33.411592001750215)
PC304,PC304,Avenida Paul Harris / esq. León Blanco,POINT(-70.53490274618068 -33.4137379573305)
PC305,PC305,Avenida Paul Harris / esq. Av. Cristóbal Colón,POINT(-70.53418700449105 -33.41581000026033)
PC311,PC311,Avenida Paul Harris / esq. León Blanco,POINT(-70.53471699625673 -33.413913997089956)
PC312,PC312,Avenida Paul Harris / esq. Río Guadiana,POINT(-70.53540500223949 -33.41210300096229)
PC313,PC313,Avenida Paul Harris / esq. Almte. Soublette,POINT(-70.53636499922236 -33.40966799752959)
PC314,PC314,Avenida Paul Harris / esq. Camino El Alba,POINT(-70.53768096182363 -33.4063388816811)
PC315,PC315,Camino El Alba / esq. Waterloo,POINT(-70.54083332085925 -33.40548876846716)
PC316,PC316,Camino El Alba / esq. Av. Padre A. Hurtado,POINT(-70.54306869258527 -33.40599990059605)
PC121,PC121,Parada 6 / (M) Los Dominicos,POINT(-70.54617484406805 -33.40788360379805)
PC122,PC122,Avenida Apoquindo / esq. Zanzíbar Pnte.,POINT(-70.54887161595296 -33.40807560265177)
PC174,PC174,Parada 2 / INACAP Apoquindo,POINT(-70.5513617990219 -33.40828388869687)
PC1105,PC1105,Parada 1 / (M) Hernando de Magallanes,POINT(-70.55417942992429 -33.40815261638943)
PC175,PC175,Avenida Apoquindo / esq. General C. Urzúa,POINT(-70.55808600050476 -33.40750900335971)
PC176,PC176,Parada / Estadio Italiano,POINT(-70.5608028022828 -33.40740280050378)
PI80,PI80,Parada 1 / (M) San Alberto Hurtado,POINT(-70.69079399676568 -33.453188998539154)
PI81,PI81,Parada 2 / Estadio USACH,POINT(-70.69126300129054 -33.451705000583196)
PI82,PI82,Av. General Velásquez / esq. El Belloto,POINT(-70.69192799899747 -33.449641000693966)
PI83,PI83,Parada / Plaza Jacarandá,POINT(-70.69192999543134 -33.44710500037112)
PI84,PI84,Av. General Velásquez / esq. Avenida Portales,POINT(-70.69176993970981 -33.44488713541363)
PA668,PA668,Parada 12 / (M) Los Héroes,POINT(-70.66014099597932 -33.44650500305167)
PD329,PD329,Parada 13 / (M) Irarrázaval,POINT(-70.6272039994617 -33.45245899994112)
PD330,PD330,Avenida Irarrázaval / esq. Matta-Oriente,POINT(-70.62350200376308 -33.45323600140089)
PD409,PD409,Parada / Plaza Los Guindos,POINT(-70.57663628107494 -33.45440090418556)
PD410,PD410,Parada 3 / (M) Plaza Egaña,POINT(-70.57114400331156 -33.45364299534136)
PD1091,PD1091,Avenida Larrain / esq. Lynch Sur,POINT(-70.5654107613296 -33.45305398516166)
PD412,PD412,Avenida Larrain / esq. Rubén Darío-Norte,POINT(-70.56236799624017 -33.452721995946675)
PD413,PD413,Parada 4 / (M) Fernando Castillo Velasco,POINT(-70.55905500209427 -33.452296995928116)
PD1634,PD1634,Parada 5 / (M) Fernando Castillo Velasco,POINT(-70.55806018585803 -33.452195312466316)
PD414,PD414,Avenida Larrain / esq. Los Maitenes,POINT(-70.55572400104478 -33.451908999975565)
PD415,PD415,Avenida Larrain / esq. Los Litres,POINT(-70.55379086651023 -33.45168504964465)
PD416,PD416,Avenida Larrain / esq. Pepe Vila,POINT(-70.55139900049868 -33.4513799994901)
PD247,PD247,Avenida Larrain / esq. El Olmo,POINT(-70.54936299726849 -33.451155003375646)
PD248,PD248,Parada / Aeródromo Tobalaba,POINT(-70.54675887648602 -33.450897842340616)
PD249,PD249,Avenida Larrain / esq. Jorge Alessandri,POINT(-70.54381626540325 -33.45121709751358)
PD417,PD417,Parada 1 / Hospital Militar,POINT(-70.54048610830374 -33.45158599341781)
PD418,PD418,Andacollo / esq. Pasaje 8,POINT(-70.53635299773028 -33.452472997377946)
PD419,PD419,Andacollo / esq. Pasaje 12,POINT(-70.53674699948128 -33.455816000707706)
PD1017,PD1017,Mamiña / esq. Quillagua,POINT(-70.53365499897339 -33.456780001367996)
PD420,PD420,Parinacota / esq. Pasaje 3,POINT(-70.5320980023523 -33.45593199725058)
PD1435,PD1435,Parinacota / esq. Avenida Larraín,POINT(-70.5316210018949 -33.45253199518656)
PD726,PD726,Parada / Club de Campo Militar,POINT(-70.5307119234374 -33.46258089374361)
PD727,PD727,Av. Las Perdices / esq. Av. José Arrieta,POINT(-70.53130199457782 -33.46516900159379)
PA171,PA171,Barón P. de Coubertin / esq. Av.Vicuña Mackenna,POINT(-70.63465549950605 -33.44022318866465)
PD428,PD428,Parada 16 / (M) Irarrázaval,POINT(-70.62772397177649 -33.45482734489363)
PD347,PD347,Parada / Matta Oriente Altura del 500,POINT(-70.62423056247037 -33.45438441427628)
PD348,PD348,Dublé Almeyda / esq. Avenida Salvador,POINT(-70.6207899790499 -33.45417738788202)
PD349,PD349,Dublé Almeyda / esq. José M. Infante,POINT(-70.61812955831519 -33.454470790087484)
PD431,PD431,Dublé Almeyda / esq. Los 3 Antonios,POINT(-70.60300400355959 -33.45593600398162)
PD433,PD433,Dublé Almeyda / esq. Los Aliaga,POINT(-70.5776600864255 -33.459734685282626)
PD434,PD434,Dublé Almeyda / esq. Av. A. Vespucio,POINT(-70.57346490297212 -33.460098063282736)
PD220,PD220,Av. Américo Vespucio / esq. Blest Gana,POINT(-70.57116900186521 -33.45576299822737)
PD435,PD435,Blest Gana / esq. Paula Jaraquemada,POINT(-70.5682678991837 -33.45558016570404)
PD436,PD436,Blest Gana / esq. Carlos Nazarit,POINT(-70.56378992080421 -33.45502320887817)
PD437,PD437,Blest Gana / esq. Julio Montebruno,POINT(-70.560108003352 -33.45462599741378)
PD438,PD438,Blest Gana / esq. Avenida Tobalaba,POINT(-70.55807524042318 -33.45433307062641)
PD738,PD738,Parada / Club de Campo Militar,POINT(-70.53056299997793 -33.46263799780955)
PD1420,PD1420,Talinay / esq. Caquena,POINT(-70.53064790865585 -33.45907748929597)
PD440,PD440,Talinay / esq. Quillagua,POINT(-70.53353610494199 -33.458918192481036)
PD441,PD441,Quillagua / esq. Mamiña,POINT(-70.53344391935649 -33.45687855092932)
PD442,PD442,Quillagua / esq. Pasaje 6,POINT(-70.53307066469723 -33.45421235670578)
PD1666,PD1666,Quillagua / esq. Castillo Velasco,POINT(-70.53280832944772 -33.452480713756685)
PD444,PD444,Avenida Larrain / esq. Andacollo,POINT(-70.53613499983827 -33.45181000280712)
PD445,PD445,Parada 2 / Hospital Militar,POINT(-70.53972000244846 -33.45145099985394)
PD299,PD299,Avenida Larrain / esq. Carlos Ossandón,POINT(-70.54314242953966 -33.4511305142526)
PD300,PD300,Parada / Aeródromo Tobalaba,POINT(-70.54630299743656 -33.45076299550459)
PD302,PD302,Avenida Larrain / esq. V. Pérez Rosales,POINT(-70.55097999724298 -33.451095002824715)
PD446,PD446,Avenida Larrain / esq. Valladolid,POINT(-70.55329599682601 -33.451426001891654)
PD447,PD447,Avenida Larrain / esq. Palmas de Mallorca,POINT(-70.5552425467788 -33.45166176820835)
PD448,PD448,Parada 2 / (M) Fernando Castillo Velasco,POINT(-70.55823200403191 -33.45201999948099)
PD449,PD449,Avenida Larrain / esq. Rubén Darío-Norte,POINT(-70.56215193895805 -33.45248538866762)
PD450,PD450,Avenida Larrain / esq. J. Carrera Nte.,POINT(-70.56687899495208 -33.45307800212874)
PD451,PD451,Parada 5 / (M) Plaza Egaña,POINT(-70.57143299759132 -33.45341199684047)
PD452,PD452,Parada / Plaza Los Guindos,POINT(-70.57555712683953 -33.45377332894727)
PA357,PA357,Avenida 10 de Julio / esq. Avenida Portugal,POINT(-70.63421224924456 -33.451535113711664)
PA358,PA358,Portugal / esq. Argomedo,POINT(-70.63475672870837 -33.44999104061011)
PA686,PA686,Portugal / esq. Santa Isabel,POINT(-70.63515046246202 -33.44842006801354)
PA359,PA359,Parada / Claustro Del 900,POINT(-70.63581549359053 -33.44621897881407)
PA360,PA360,Parada 2 / Posta Central,POINT(-70.63668889104358 -33.44471808293099)
PA361,PA361,Parada 4 / FAU Univers. de Chile,POINT(-70.63754710054593 -33.44322910544352)
PD16,PD16,Av. Pedro de Valdivia / esq. Los Olmos,POINT(-70.60598500179233 -33.478982002495414)
PD20,PD20,Av. Escuela Agrícola / esq. Vía Láctea,POINT(-70.60493799796353 -33.49055999539511)
PD21,PD21,Av. Escuela Agrícola / esq. Exequiel Fernández,POINT(-70.60202900271098 -33.49033200312161)
PD1306,PD1306,Av. Escuela Agrícola / esq. Concejo de Mieres,POINT(-70.60039299729941 -33.490294997383856)
PD70,PD70,Avenida Macul / esq. Víctor Dgo. Silva,POINT(-70.5998699957225 -33.493024000702185)
PD71,PD71,Avenida Macul / esq. Los Cisnes,POINT(-70.59857600459456 -33.496325999452466)
PD72,PD72,Avenida Macul / esq. Carab.Daniel Silva,POINT(-70.59678924468564 -33.49877542821339)
PD73,PD73,Parada / Plaza Pinto Durán,POINT(-70.59526964598999 -33.50081005016254)
PD1417,PD1417,Avenida Macul / esq. Juan XXIII,POINT(-70.5938652889419 -33.50270845625335)
PD74,PD74,Parada / Liceo Camilo Ortúzar,POINT(-70.59181421688163 -33.50549707462295)
PD75,PD75,Parada 1 / (M) Macul,POINT(-70.58986299413294 -33.50828099654747)
PE7,PE7,Parada / CESFAM La Florida,POINT(-70.58547294086833 -33.51424879487476)
PE8,PE8,Parada / Liceo Técnico La Florida,POINT(-70.58391443404031 -33.51633409261108)
PE9,PE9,Avenida La Florida / esq. Real Pontevera,POINT(-70.58256100292965 -33.51807899849363)
PE1383,PE1383,Avenida La Florida / esq. Los Cardenales,POINT(-70.58043052905995 -33.519521857918335)
PE30,PE30,Avenida La Florida / esq. Los Aralios,POINT(-70.5817869954581 -33.518376001770505)
PE31,PE31,Parada / Liceo Técnico La Florida,POINT(-70.5833650020616 -33.516548998542476)
PE32,PE32,Parada / CESFAM La Florida,POINT(-70.58521399937499 -33.51403599557832)
PD85,PD85,Parada 2 / (M) Macul,POINT(-70.58907592899918 -33.50890402380621)
PD147,PD147,Parada / Liceo Camilo Ortúzar,POINT(-70.59146100271448 -33.50563799671199)
PD87,PD87,Avenida Macul / esq. El Líbano,POINT(-70.59356889629021 -33.50279133287068)
PD148,PD148,Parada / Plaza Pinto Durán,POINT(-70.59486609647672 -33.50102176500089)
PD149,PD149,Avenida Macul / esq. Dr. A. Neghme,POINT(-70.59648297972386 -33.49880398650154)
PD88,PD88,Avenida Macul / esq. Jorge González B.,POINT(-70.5980651472535 -33.49669180647946)
PD89,PD89,Avenida Macul / esq. Víctor Dgo. Silva,POINT(-70.59964784468555 -33.49344860904972)
PD1305,PD1305,Av. Escuela Agrícola / esq. Exequiel Fernández,POINT(-70.60146899505622 -33.49018099951272)
PD37,PD37,Av. Escuela Agrícola / esq. Psje Salar De Tara,POINT(-70.60407000294916 -33.49035499654887)
PD38,PD38,Av. Pedro de Valdivia / esq. Coipué,POINT(-70.60620299719896 -33.48915699758226)
PD1637,PD1637,Av. Pedro de Valdivia / esq. Los Industriales,POINT(-70.60615648716073 -33.48711085858212)
PD39,PD39,Av. Pedro de Valdivia / esq. Quilín-Sur,POINT(-70.60610418723952 -33.485543114301834)
PD40,PD40,Av. Pedro de Valdivia / esq. Los Plátanos,POINT(-70.60597999693611 -33.48228100021507)
PD41,PD41,Av. Pedro de Valdivia / esq. Los Olmos,POINT(-70.60587892323922 -33.47941407253337)
PD42,PD42,Av. Pedro de Valdivia / esq. Los Espinos,POINT(-70.60580484547636 -33.4771919258487)
PD43,PD43,Av. Pedro de Valdivia / esq. Av. Rodrigo de Araya,POINT(-70.60624500276506 -33.474366003888825)
PD44,PD44,Parada / Velódromo,POINT(-70.60646599726292 -33.470555002776536)
PD45,PD45,Parada / Liceo C.Silva Donoso,POINT(-70.60656000477348 -33.46888999866408)
PD46,PD46,Parada / Liceo Diego Portales,POINT(-70.6064479988298 -33.46421099763413)
PD47,PD47,Parada 8 / (M) Estadio Nacional,POINT(-70.6061229949411 -33.462558997958325)
PD48,PD48,Av. Pedro de Valdivia / esq. Av. Castillo Velasco,POINT(-70.6055117215719 -33.45840605864795)
PD1626,PD1626,Parada 6 / (M) Ñuñoa,POINT(-70.60521261965938 -33.456163551351224)
PD80,PD80,Exequiel Fernández / esq. Av. Castillo Velasco,POINT(-70.59998870551611 -33.45851498168862)
PD81,PD81,Exequiel Fernández / esq. Juan Gomez Millas,POINT(-70.60016498221938 -33.461585338045595)
PD82,PD82,Exequiel Fernández / esq. Avenida Grecia,POINT(-70.60029438297406 -33.464293851761795)
PA714,PA714,Romero / esq. Chacabuco,POINT(-70.67770555103837 -33.448197102776135)
PA350,PA350,Parada 7 / (M) Universidad de Chile,POINT(-70.651770995225 -33.444414000818135)
PJ112,PJ112,Parada 7 / (M) Las Rejas,POINT(-70.70774600306727 -33.45749899832461)
PG446,PG446,Carvajal / esq. Ciencias,POINT(-70.66274249385059 -33.51560462651889)
PG447,PG447,Sergio Ceppi / esq. Colón,POINT(-70.6669918672543 -33.51559976991174)
PG448,PG448,Sergio Ceppi / esq. Nueva 1,POINT(-70.66962717568195 -33.51481393439649)
PG1592,PG1592,Quellón / esq. Locarno,POINT(-70.67153800076699 -33.51585500221057)
PG1165,PG1165,Locarno / esq. Berna,POINT(-70.66965199428363 -33.51660200176565)
PG451,PG451,Colón / esq. Zurich Sur,POINT(-70.66806599553095 -33.518117001019114)
PG452,PG452,General Freire / esq. Ciencias,POINT(-70.66424399736437 -33.51975500038596)
PG272,PG272,Av. J. J. Prieto Vial / esq. Zurich Sur,POINT(-70.67368486618086 -33.517003871740094)
PG426,PG426,Ciencias / esq. Zurich Sur,POINT(-70.66394599662776 -33.51892399836381)
PC964,PC964,Rosario Norte / esq. Cerro Colorado,POINT(-70.57575200331347 -33.40217899752487)
PI67,PI67,Parada 7 / (M) San Alberto Hurtado,POINT(-70.69135289200685 -33.453251084236136)
PH579,PH579,Central Nino García / esq. 5 Sur,POINT(-70.6792810000539 -33.480644001344366)
PH580,PH580,Central Nino García / esq. Mariquina,POINT(-70.67941611790614 -33.48254097772508)
PH495,PH495,Valenzuela Llanos / esq. Elmin Moissan,POINT(-70.67707800053667 -33.480866998460705)
PH496,PH496,Valenzuela Llanos / esq. Orompello,POINT(-70.67666400200805 -33.47918800039132)
PB1632,PB1632,Antonia Silva / esq. Avenida El Salto,POINT(-70.63039000056742 -33.40204800168549)
PB1142,PB1142,Muñoz Gamero / esq. Las Violetas,POINT(-70.63473010441749 -33.401503074088694)
PB1143,PB1143,Muñoz Gamero / esq. María del Pilar,POINT(-70.63812284947734 -33.40129509660193)
PB1144,PB1144,Parada 4 / Municipalidad de Recoleta,POINT(-70.64251199501707 -33.4009180012328)
PB307,PB307,Avenida Recoleta / esq. Diag. José M. Caro,POINT(-70.64310388032153 -33.40314123291513)
PB308,PB308,Parada 1 / (M) Einstein,POINT(-70.64324057072095 -33.40541423016607)
PB325,PB325,Parada 2 / (M) Einstein,POINT(-70.64309195998709 -33.40608803631554)
PB1397,PB1397,Av. Card. José Mª Caro / esq. Gabriel Palma,POINT(-70.6437210045289 -33.4029179974017)
PB1398,PB1398,Av. Card. José Mª Caro / esq. Fray Luis de La Peña,POINT(-70.64601328840511 -33.40112506261792)
PB1180,PB1180,Av. Card. José Mª Caro / esq. Muñoz Gamero,POINT(-70.64720054177465 -33.40034676004142)
PB1183,PB1183,Muñoz Gamero / esq. Las Violetas,POINT(-70.63509845325181 -33.40160606085937)
PB1184,PB1184,Muñoz Gamero / esq. Sofía,POINT(-70.63111900479895 -33.4015019983242)
PB1498,PB1498,Av. Hipódromo Chile / esq. Av. Fermín Vivaceta,POINT(-70.66740296996899 -33.4063570331667)
PB1965,PB1965,Parada 3 / Einstein - Independencia,POINT(-70.66278699724846 -33.403705881367614)
PB1277,PB1277,Avenida Einstein / esq. Agua Santa,POINT(-70.66063333410301 -33.403163765215936)
PB1278,PB1278,Avenida Einstein / esq. El Guanaco,POINT(-70.65785499750291 -33.40294200307515)
PB1279,PB1279,Avenida Einstein / esq. La Quintrala,POINT(-70.65548199560759 -33.40334699760683)
PB1280,PB1280,Avenida Einstein / esq. La Conquista,POINT(-70.65288048425404 -33.40392001795245)
PB1281,PB1281,Avenida Einstein / esq. Obispo del Pozo,POINT(-70.64947675241072 -33.40458105821019)
PB1282,PB1282,Avenida Einstein / esq. La Colonia,POINT(-70.6464538738525 -33.405199354033385)
PB1283,PB1283,Parada 3 / (M) Einstein,POINT(-70.64361852558542 -33.40578433969228)
PB1508,PB1508,Av. Card. José Mª Caro / esq. Ob. Cristóbal Molina,POINT(-70.64534599833432 -33.40180999111464)
PB1509,PB1509,Av. Card. José Mª Caro / esq. Avenida Recoleta,POINT(-70.64319699482142 -33.4034810002665)
PB1269,PB1269,Parada 4 / (M) Einstein,POINT(-70.6438139963058 -33.40557599663917)
PB1270,PB1270,Avenida Einstein / esq. La Colonia,POINT(-70.64594500332886 -33.40514700115444)
PB1271,PB1271,Avenida Einstein / esq. Obispo del Pozo,POINT(-70.64906588329697 -33.40448897890076)
PB1272,PB1272,Avenida Einstein / esq. La Conquista,POINT(-70.65254799442062 -33.40380099621452)
PB1273,PB1273,Avenida Einstein / esq. La Quintrala,POINT(-70.65514900059136 -33.403269996839036)
PB1265,PB1265,Avenida Einstein / esq. El Guanaco,POINT(-70.65741700410081 -33.40280200293571)
PB1274,PB1274,Avenida Einstein / esq. Agua Santa,POINT(-70.66014721927792 -33.40299154734347)
PB1275,PB1275,Parada 6 / Einstein - Independencia,POINT(-70.66282429859906 -33.40360158090589)
PB1962,PB1962,Parada 1 / (M) Pza. Chacabuco,POINT(-70.66140369899634 -33.40666807431144)
PB1499,PB1499,Av. Hipódromo Chile / esq. Freirina,POINT(-70.66387595138443 -33.406709031041885)
PB160,PB160,Parada 2 / Recoleta Franciscana,POINT(-70.64725599774337 -33.43051200157845)
PB319,PB319,Parada 2 / (M) Cerro Blanco,POINT(-70.64483981107111 -33.422508123939636)
PB320,PB320,Avenida Recoleta / esq. Schlack,POINT(-70.64376478661644 -33.41836620550311)
PB321,PB321,Avenida Recoleta / esq. Unión,POINT(-70.64362389326094 -33.41689312974327)
PB322,PB322,Parada 2 / (M) Cementerios,POINT(-70.6434389970409 -33.41351799957501)
PB323,PB323,Avenida Recoleta / esq. Doctor Ostornol,POINT(-70.6433229989623 -33.41084300180261)
PB324,PB324,Parada / Avenida Chile,POINT(-70.64319799893879 -33.408578996359886)
PB309,PB309,Parada / Avenida Chile,POINT(-70.64337654317787 -33.407999125262336)
PB310,PB310,Avenida Recoleta / esq. Saliano,POINT(-70.6434677621338 -33.41054694258425)
PB311,PB311,Parada 3 / (M) Cementerios,POINT(-70.64369781306705 -33.41344097154087)
PB312,PB312,Avenida Recoleta / esq. Schlack,POINT(-70.64387129863066 -33.41718186337051)
PB313,PB313,Avenida Recoleta / esq. Urrutia,POINT(-70.64405757371416 -33.41888854232887)
PB314,PB314,Parada 1 / (M) Cerro Blanco,POINT(-70.64479335685918 -33.421636039900896)
PB315,PB315,Parada 1 / Recoleta Dominica,POINT(-70.64576800339897 -33.42485600393363)
PB316,PB316,Parada / Clínica Dávila,POINT(-70.6464098444544 -33.42708579538125)
PB317,PB317,Parada 1 / (M) Patronato,POINT(-70.6470739975619 -33.429313996223506)
PB318,PB318,Parada 3 / Recoleta Franciscana,POINT(-70.64795478204178 -33.43157270796656)
PC349,PC349,Parada 6 / (M) Pedro de Valdivia,POINT(-70.61361599460558 -33.42445999997798)
PC1081,PC1081,Parada 2 / Facultad de Derecho,POINT(-70.63615299761403 -33.434754000346935)
PB1888,PB1888,Av. Apóstol Santiago / esq. Mercedes Badilla,POINT(-70.69160950859431 -33.41446213408138)
PB732,PB732,Duque de Kent / esq. H. de La Concepción,POINT(-70.62449699698382 -33.40048299690808)
PB733,PB733,Duque de Kent / esq. Bolivia,POINT(-70.62170761186975 -33.40196806652001)
PB734,PB734,Bolivia / esq. Los Turistas,POINT(-70.62021289914972 -33.40034909590724)
PB1618,PB1618,H. de la Concepción / esq. Santa Adela,POINT(-70.62095232475323 -33.40014030208125)
PB672,PB672,H. de la Concepción / esq. Duque de Kent,POINT(-70.62337399490946 -33.400799000788595)
PB673,PB673,Duque de Kent / esq. Cuba,POINT(-70.62463100198602 -33.400266000918926)
PB1312,PB1312,Colón / esq. Avenida Dorsal,POINT(-70.69399848401545 -33.40000399660862)
PB2023,PB2023,Avenida Dorsal / esq. Camino Lo Ruiz,POINT(-70.68697244376925 -33.40256838563015)
PB2025,PB2025,Parada 3 / Norte Sur - Dorsal,POINT(-70.68235325243782 -33.40315451810753)
PB1314,PB1314,Bajos de Jiménez / esq. Eugenio Matte,POINT(-70.67888699998072 -33.40536300148519)
PB1315,PB1315,Bajos de Jiménez / esq. Rosa Salas,POINT(-70.67790657530638 -33.40667278551323)
PB1316,PB1316,Nueva 1 / esq. Nueva de Matte,POINT(-70.67688831555026 -33.40874850676735)
PB1317,PB1317,Nueva 1 / esq. F. Gazziero,POINT(-70.67654499965286 -33.41166499653878)
PB1318,PB1318,Nueva 1 / esq. Dgo. Santa María,POINT(-70.67627700159522 -33.414211999098015)
PB397,PB397,Domingo Santa María / esq. 16 Norte,POINT(-70.67302799624339 -33.414968002949074)
PB1319,PB1319,Domingo Santa María / esq. Enrique Soro,POINT(-70.67058599719775 -33.415359999397545)
PB1320,PB1320,Domingo Santa María / esq. Hnos. Amunátegui,POINT(-70.66781585319906 -33.41551840539041)
PB1321,PB1321,Domingo Santa María / esq. Av. Fermín Vivaceta,POINT(-70.66457791747389 -33.41562874788813)
PB899,PB899,Bezanilla / esq. Emilio Oelckers,POINT(-70.66328800045164 -33.41783899813651)
PB900,PB900,Bezanilla / esq. Escanilla,POINT(-70.66082999519936 -33.417775001200475)
PB1899,PB1899,Parada 5 / (M) Hospitales,POINT(-70.65593607699468 -33.417755001667686)
PB758,PB758,Parada / Hospital San José,POINT(-70.65276299674008 -33.417637000577294)
PB759,PB759,Parada / Cementerio General,POINT(-70.65122499741736 -33.417722003626615)
PB760,PB760,Profesor A. Zañartu / esq. Monserrat,POINT(-70.64927593724127 -33.41803474649934)
PB761,PB761,Profesor A. Zañartu / esq. Avenida Recoleta,POINT(-70.64403724906212 -33.416531770913394)
PB763,PB763,El Salto Chico / esq. Arz. Valdivieso,POINT(-70.64120099439397 -33.41436499889406)
PB764,PB764,Arzobispo Valdivieso / esq. Puma,POINT(-70.63949000229567 -33.41383500334388)
PB1302,PB1302,Arzobispo Valdivieso / esq. Francisco Silva,POINT(-70.63541937556356 -33.41260109890869)
PB1303,PB1303,Arzobispo Valdivieso / esq. Comandante Véliz,POINT(-70.6332549985848 -33.411578000054135)
PB1304,PB1304,Arzobispo Valdivieso / esq. Alicanto,POINT(-70.63072093614211 -33.411543893801415)
PB1294,PB1294,Arzobispo Valdivieso / esq. 7 Norte,POINT(-70.62771503067556 -33.41112366698535)
PB1295,PB1295,Arzobispo Valdivieso / esq. Los Cipreses,POINT(-70.63070800266243 -33.41145199569128)
PB1296,PB1296,Arzobispo Valdivieso / esq. Comandante Véliz,POINT(-70.63283200335434 -33.41145200081485)
PB1297,PB1297,Arzobispo Valdivieso / esq. Francisco Silva,POINT(-70.6351589211023 -33.412412577823126)
PB1298,PB1298,Arzobispo Valdivieso / esq. Avenida El Salto,POINT(-70.63817051005815 -33.4132877290403)
PB754,PB754,Arzobispo Valdivieso / esq. Orleans,POINT(-70.64069299666178 -33.41399700003345)
PB755,PB755,Parada 1 / (M) Cementerios,POINT(-70.6438190001883 -33.41489700309942)
PB1323,PB1323,Profesor A. Zañartu / esq. Monserrat,POINT(-70.64817988511159 -33.41791991370156)
PB1324,PB1324,Parada / Hospital San José,POINT(-70.65255087427846 -33.417491151752984)
PB1510,PB1510,Parada / Hospital de Niños Roberto del Río,POINT(-70.65373680183481 -33.41492059049461)
PB1565,PB1565,Domingo Santa María / esq. Av. Independencia,POINT(-70.65664566263088 -33.41541285741384)
PB1326,PB1326,Domingo Santa María / esq. Maruri,POINT(-70.65890639494218 -33.41559202623218)
PB1327,PB1327,Domingo Santa María / esq. Escanilla,POINT(-70.66164131616323 -33.41561844408177)
PB1328,PB1328,Domingo Santa María / esq. Av. Fermín Vivaceta,POINT(-70.66410102748239 -33.41556310948025)
PB1329,PB1329,Domingo Santa María / esq. Luis Weinstein,POINT(-70.66783402320834 -33.415431035644595)
PB1330,PB1330,Domingo Santa María / esq. La Cañas,POINT(-70.6707069982386 -33.41520900015075)
PB1331,PB1331,Domingo Santa María / esq. La Cañas,POINT(-70.67268199465141 -33.41489100046627)
PB1332,PB1332,Domingo Santa María / esq. Nueva 1,POINT(-70.67592999883136 -33.414356002320574)
PB1333,PB1333,Nueva 1 / esq. F. Gazziero,POINT(-70.67637400151831 -33.412068998635725)
PB1334,PB1334,Nueva 1 / esq. Nueva de Matte,POINT(-70.6767390019762 -33.40900199922885)
PB1335,PB1335,Bravo de Saravia / esq. Bajos de Jiménez,POINT(-70.67737799410538 -33.406987998003544)
PB1336,PB1336,Bajos de Jiménez / esq. Eugenio Matte,POINT(-70.67866592767324 -33.40547411324112)
PB1337,PB1337,Bajos de Jiménez / esq. 14 de la fama,POINT(-70.68080417517108 -33.402902597731114)
PB1563,PB1563,Parada 4 / Norte Sur - Dorsal,POINT(-70.68194565479138 -33.40220923305855)
PB2024,PB2024,Avenida Dorsal / esq. Camino Lo Ruiz,POINT(-70.68570362639225 -33.402753337308994)
PB2022,PB2022,Avenida Dorsal / esq. Colón,POINT(-70.69347588472381 -33.40034089249824)
PB1389,PB1389,Av. Jorge Hirmas / esq. Eulogio Altamirano,POINT(-70.68771899578792 -33.41660899589451)
PB1390,PB1390,Av. Jorge Hirmas / esq. Eduardo Parra,POINT(-70.68339999870781 -33.417992002704906)
PB1391,PB1391,Av. Jorge Hirmas / esq. Issa Pichara P.,POINT(-70.68170300358128 -33.41866100110072)
PA838,PA838,Parada 11 / Estación Mapocho,POINT(-70.65313980230425 -33.43161658019636)
PB865,PB865,Artesanos / esq. Av. Independencia,POINT(-70.65261379290664 -33.430850077133584)
PB866,PB866,General Borgoño / esq. Maruri,POINT(-70.65466465915834 -33.430456964205504)
PB867,PB867,Prieto / esq. Cnel. Agusto López,POINT(-70.65629911769709 -33.42991560099173)
PB1392,PB1392,Av. Jorge Hirmas / esq. Carlos Palacios,POINT(-70.68043576888766 -33.418804081786725)
PB1393,PB1393,Av. Jorge Hirmas / esq. Ascanio Bascuñán,POINT(-70.68309685190866 -33.41787706745843)
PB1394,PB1394,Av. Jorge Hirmas / esq. Ramón Barros Luco,POINT(-70.68830799699067 -33.41622700272359)
PB1513,PB1513,Av. Jorge Hirmas / esq. Mercedes Badilla,POINT(-70.69071999898667 -33.41549299696157)
PB1088,PB1088,Baquedano / esq. Caupolicán,POINT(-70.70273525795422 -33.40057938298339)
PB1582,PB1582,Caupolicán / esq. Avenida Dorsal,POINT(-70.70208300950993 -33.40221165788736)
PB1641,PB1641,Caupolicán / esq. José M. Balmaceda,POINT(-70.70161199946634 -33.403029001531955)
PB2012,PB2012,Parada 3 / Plaza Renca,POINT(-70.70397700129999 -33.405169997755785)
PJ2065,PJ2065,Mendoza / esq. Salvador Gutiérrez,POINT(-70.69262493621576 -33.42662339291374)
PB2013,PB2013,Parada 2 / Plaza Renca,POINT(-70.70361700063391 -33.40487200288219)
PB2014,PB2014,Avenida Dorsal / esq. Caupolicán,POINT(-70.70229546215957 -33.402817075264956)
PB2017,PB2017,Avenida Dorsal / esq. Av.Apóstol Santiago,POINT(-70.69820913449286 -33.40063781839661)
PB2016,PB2016,Avenida Dorsal / esq. Av.Apóstol Santiago,POINT(-70.69861424968876 -33.40072663861873)
PB2020,PB2020,Avenida Dorsal / esq. Colón,POINT(-70.6946174410548 -33.40020337714269)
PB1572,PB1572,Los Acacios / esq. Pasaje Agata,POINT(-70.69159000185833 -33.40358599708302)
PB1694,PB1694,Los Acacios / esq. Los Pimientos,POINT(-70.69186199522777 -33.406368000839244)
PB1570,PB1570,Los Acacios / esq. Los Aromos,POINT(-70.69238599658144 -33.40756699531877)
PB1125,PB1125,Los Olivos / esq. Avenida La Paz,POINT(-70.6546019101833 -33.4231420648112)
PB1126,PB1126,Los Olivos / esq. Avenida La Paz,POINT(-70.65139118071208 -33.42338606817505)
PB1127,PB1127,Los Olivos / esq. Fariña,POINT(-70.64903300233875 -33.42401499941387)
PB1128,PB1128,Parada 3 / Recoleta Dominica,POINT(-70.64630099631803 -33.42500700182878)
PA156,PA156,Parada 1 / (M) Santa Lucía,POINT(-70.64636159028406 -33.44184809561378)
PB211,PB211,Parada / Vega Central,POINT(-70.65159599948134 -33.43063900170073)
PB213,PB213,Avenida La Paz / esq. Juárez Larga,POINT(-70.65115799950573 -33.42566199551772)
PB386,PB386,Avenida La Paz / esq. Olivos,POINT(-70.65098799919944 -33.423584995745635)
PB1992,PB1992,Dr. Carlos Lorca T. / esq. Avenida La Paz,POINT(-70.65136780856238 -33.421136444685786)
PB1073,PB1073,Los Acacios / esq. Los Pimientos,POINT(-70.69185100046602 -33.406756998741066)
PB1074,PB1074,Los Acacios / esq. Los Tilos,POINT(-70.69157076386256 -33.404816138755464)
PB1075,PB1075,Los Acacios / esq. Avenida Dorsal,POINT(-70.69135638067246 -33.40192682461415)
PB2021,PB2021,Avenida Dorsal / esq. Colón,POINT(-70.69381186320946 -33.40016008025192)
PA222,PA222,San Pablo / esq. Herrera,POINT(-70.67821856059834 -33.43565174175558)
PA223,PA223,San Pablo / esq. Rafael Sotomayor,POINT(-70.67406715374797 -33.435133491930785)
PA224,PA224,San Pablo / esq. General Bulnes,POINT(-70.67123409683839 -33.43506051568054)
PA225,PA225,San Pablo / esq. Maturana,POINT(-70.66805640718835 -33.434942060213814)
PA247,PA247,Parada 2 / Brasil - Rosas,POINT(-70.66426517888387 -33.43616339304835)
PA248,PA248,Rosas / esq. Ricardo Cumming,POINT(-70.66858536183368 -33.436581040785384)
PA249,PA249,Rosas / esq. García Reyes,POINT(-70.67133588472497 -33.43674510104787)
PA250,PA250,Rosas / esq. Cueto,POINT(-70.67244109769429 -33.43683480934241)
PA251,PA251,Rosas / esq. Maipú,POINT(-70.67663393154052 -33.43709282748792)
PA355,PA355,Rosas / esq. Avenida Matucana,POINT(-70.67985007385154 -33.43733237632288)
PA161,PA161,Parada 1 / Mercado Central,POINT(-70.64832260610726 -33.433266022777126)
PA158,PA158,Parada 8 / Estación Mapocho,POINT(-70.65250799648047 -33.43311199650052)
PC105,PC105,Parada 1 / (M) Manquehue,POINT(-70.56779020921914 -33.40777634804871)
PC373,PC373,Parada 6 / (M) Manquehue,POINT(-70.5694878597766 -33.409271051515)
PC70,PC70,Av. Américo Vespucio / esq. Psje. Las Hualtatas,POINT(-70.58730046346491 -33.40176484329108)
PC74,PC74,Parada 6 / (M) Escuela Militar,POINT(-70.58472859901421 -33.41457866027717)
PC75,PC75,Av. Américo Vespucio / esq. AV. Pdte. Errázuriz,POINT(-70.58312507683928 -33.4181589110862)
PC76,PC76,Av. Américo Vespucio / esq. Martín de Zamora,POINT(-70.58098338094203 -33.42167139395148)
PC77,PC77,Av. Américo Vespucio / esq. Av. Cristóbal Colón,POINT(-70.57973399349976 -33.42331486653597)
PC78,PC78,Av. Américo Vespucio / esq. Av.Isabel La Católica,POINT(-70.57731500032044 -33.425826999176465)
PC79,PC79,Av. Américo Vespucio / esq. Latadía,POINT(-70.5755089240502 -33.42788512373736)
PC80,PC80,Av. Américo Vespucio / esq. Av. Francisco Bilbao,POINT(-70.57500791621662 -33.43067628131677)
PD183,PD183,Av. Américo Vespucio / esq. Los Grillos,POINT(-70.5743270038375 -33.4341570037796)
PD357,PD357,Parada 5 / (M) Príncipe de Gales,POINT(-70.57233900208072 -33.43929400190089)
PD358,PD358,Avenida Tobalaba / esq. Sn. Vicente de Paul,POINT(-70.5686589980933 -33.44322799655111)
PD359,PD359,Avenida Tobalaba / esq. Avenida Echeñique,POINT(-70.56710699750231 -33.44465599990856)
PD360,PD360,Avenida Tobalaba / esq. Av. Simón Bolivar,POINT(-70.56458992173603 -33.44696194299456)
PD361,PD361,Avenida Tobalaba / esq. Dr. G. Benavides,POINT(-70.56245500178325 -33.44858999521198)
PD362,PD362,Parada 1 / (M) Fernando Castillo Velasco,POINT(-70.55928399801658 -33.4518859969679)
PD363,PD363,Avenida Tobalaba / esq. Blest Gana,POINT(-70.55767087543377 -33.45406608539505)
PD364,PD364,Avenida Tobalaba / esq. Nuncio Laghi,POINT(-70.55636300417285 -33.455940998334725)
PD365,PD365,Avenida Tobalaba / esq. Fco. de Villagra,POINT(-70.55447399514495 -33.458763995750175)
PD1665,PD1665,Avenida Tobalaba / esq. Av. José Arrieta,POINT(-70.55138640058956 -33.46340095463489)
PD367,PD367,Avenida Tobalaba / esq. Padre A. Hurtado,POINT(-70.5502779991102 -33.466064997298)
PD368,PD368,Avenida Tobalaba / esq. Pasaje 3,POINT(-70.55082286788512 -33.46753006396072)
PD656,PD656,Avenida Tobalaba / esq. Avenida Oriental,POINT(-70.55216799872512 -33.46920400187947)
PD370,PD370,Parada 5 / Tobalaba - Avenida Grecia,POINT(-70.55564002582446 -33.47452205819995)
PD371,PD371,Avenida Tobalaba / esq. Cnel. A. Sepúlveda,POINT(-70.55709399649848 -33.477153999701784)
PD931,PD931,El Valle / esq. Afluente,POINT(-70.56793400389171 -33.477290995021924)
PD932,PD932,El Valle / esq. Santa María,POINT(-70.57149800148987 -33.47647200191581)
PD384,PD384,Santa María / esq. Venezuela,POINT(-70.57249699846959 -33.47779299783546)
PD408,PD408,Santa María / esq. Av. Los Presidentes,POINT(-70.57409189730804 -33.48115345305725)
PD379,PD379,Av. Los Presidentes / esq. San Carlos,POINT(-70.57627199817854 -33.480631002175066)
PD381,PD381,Parada 4 / (M) Los Presidentes,POINT(-70.57831499709988 -33.4799939953723)
PD280,PD280,Av. Américo Vespucio / esq. Avenida El valle,POINT(-70.57744699609205 -33.47553300006134)
PD973,PD973,El Valle / esq. Valencia,POINT(-70.57612499414697 -33.4757050000896)
PD974,PD974,El Valle / esq. Santa María,POINT(-70.57205391435389 -33.47658209907182)
PD975,PD975,El Valle / esq. Afluente,POINT(-70.56837700069987 -33.477383995615966)
PD976,PD976,El Valle / esq. Caracas,POINT(-70.56606799852952 -33.47804599830981)
PD891,PD891,El Duraznal / esq. Cnel. A. Sepúlveda,POINT(-70.56510493313897 -33.476617429252876)
PD857,PD857,Parada / CESFAM Lo Hermida,POINT(-70.5633739972975 -33.47670100072777)
PD858,PD858,Alejandro Sepúlveda / esq. Pasaje B,POINT(-70.55971900331093 -33.477388995114055)
PD859,PD859,Alejandro Sepúlveda / esq. Avenida Tobalaba,POINT(-70.55780700035857 -33.477763996129276)
PD392,PD392,Avenida Tobalaba / esq. El Continente,POINT(-70.55623988445464 -33.47614786246207)
PD393,PD393,Parada 4 / Tobalaba - Avenida Grecia,POINT(-70.55536299945283 -33.47428000113533)
PD395,PD395,Avenida Tobalaba / esq. Padre A. Hurtado,POINT(-70.55059200484526 -33.46742500237351)
PD396,PD396,Avenida Tobalaba / esq. Calle 127,POINT(-70.55043299811696 -33.465076995797155)
PD397,PD397,Avenida Tobalaba / esq. Av. José Arrieta,POINT(-70.5513260027901 -33.46324499788695)
PD398,PD398,Avenida Tobalaba / esq. Fco. de Villagra,POINT(-70.55361959970226 -33.459775371492746)
PD399,PD399,Avenida Tobalaba / esq. Nuncio Laghi,POINT(-70.55613499629388 -33.45612200139998)
PD400,PD400,Avenida Tobalaba / esq. Blest Gana,POINT(-70.5573229959046 -33.454389996331464)
PD401,PD401,Parada 3 / (M) Fernando Castillo Velasco,POINT(-70.55867575259708 -33.45238706111638)
PD402,PD402,Avenida Tobalaba / esq. Amado Nervo,POINT(-70.56157532480556 -33.44920792733566)
PD403,PD403,Avenida Tobalaba / esq. Av. Simón Bolivar,POINT(-70.56382161666762 -33.44739207475812)
PD404,PD404,Avenida Tobalaba / esq. Av. Echenique,POINT(-70.5664489613551 -33.44512162089929)
PD405,PD405,Avenida Tobalaba / esq. Sn. Vicente de Paul,POINT(-70.56816095178338 -33.44345558154025)
PD406,PD406,Loreley / esq. Reina Victoria,POINT(-70.56927608143629 -33.439878645271925)
PD407,PD407,Parada 6 / (M) Príncipe de Gales,POINT(-70.57319800259503 -33.43782400121259)
PD181,PD181,Av. Américo Vespucio / esq. Los Grillos,POINT(-70.57395897968135 -33.43471692073616)
PD182,PD182,Av. Américo Vespucio / esq. Av. Francisco Bilbao,POINT(-70.57425335547407 -33.43153160894714)
PC52,PC52,Av. Américo Vespucio / esq. Manuel Barrios,POINT(-70.5746849981214 -33.42910199924297)
PC53,PC53,Av. Américo Vespucio / esq. Av.Isabel La Católica,POINT(-70.57617300372605 -33.42624699574737)
PC54,PC54,Av. Américo Vespucio / esq. Av. Cristóbal Colón,POINT(-70.5786499067154 -33.42360021531458)
PC55,PC55,Av. Américo Vespucio / esq. Martín de Zamora,POINT(-70.57994630136862 -33.421926213367186)
PC56,PC56,Av. Américo Vespucio / esq. Del Inca,POINT(-70.582099488964 -33.41876595034128)
PC57,PC57,Parada 8 / (M) Escuela Militar,POINT(-70.58446599710453 -33.41389099765751)
PC386,PC386,Avenida Tobalaba / esq. Eliécer Parada,POINT(-70.58260484151067 -33.433942721012116)
PD372,PD372,Avenida Tobalaba / esq. Avenida El valle,POINT(-70.5580799985632 -33.479584997603595)
PD373,PD373,Avenida Tobalaba / esq. Las Viñas,POINT(-70.55829400297455 -33.482262997176875)
PD374,PD374,Avenida Tobalaba / esq. Av. Los Presidentes,POINT(-70.55850299484123 -33.48584799828467)
PD375,PD375,Av. Los Presidentes / esq. Los Lagos,POINT(-70.56438099888759 -33.484245997661624)
PD376,PD376,Av. Los Presidentes / esq. Caracas,POINT(-70.56738999542648 -33.48331500105279)
PD377,PD377,Av. Los Presidentes / esq. Huancayo,POINT(-70.57058992028932 -33.48232604046379)
PD378,PD378,Av. Los Presidentes / esq. Santa María,POINT(-70.57392089668484 -33.4813555798151)
PD385,PD385,Av. Los Presidentes / esq. Illimani,POINT(-70.57136800238796 -33.482202003289736)
PD386,PD386,Av. Los Presidentes / esq. Caracas,POINT(-70.56798499721631 -33.4832389966793)
PD387,PD387,Av. Los Presidentes / esq. Los Lagos,POINT(-70.56462599950724 -33.48426900322091)
PD979,PD979,Av. Los Presidentes / esq. Avenida Tobalaba,POINT(-70.56047699477257 -33.48573900231263)
PD388,PD388,Av. Los Presidentes / esq. Avenida Tobalaba,POINT(-70.55926699946951 -33.486027996810265)
PD390,PD390,Avenida Tobalaba / esq. Camilo Mori,POINT(-70.55821899457749 -33.48288999514853)
PD391,PD391,Avenida Tobalaba / esq. Avenida El valle,POINT(-70.55796180527415 -33.479950086183955)
PD467,PD467,Avenida Tobalaba / esq. Hamburgo,POINT(-70.57795500469007 -33.43629100254528)
PD468,PD468,Avenida Tobalaba / esq. Av. Eliécer Parada,POINT(-70.58215099669461 -33.434068998404925)
PC978,PC978,Parada 2 / (M) Francisco Bilbao,POINT(-70.58446238092372 -33.43204575408192)
PC388,PC388,Avenida Tobalaba / esq. Las Azucenas,POINT(-70.58666100209763 -33.429905995335616)
PC389,PC389,Avenida Tobalaba / esq. El Vergel,POINT(-70.58874999771557 -33.42809399656553)
PC390,PC390,Parada 2 / (M) Cristóbal Colón,POINT(-70.59082569373419 -33.42641901514726)
PD1400,PD1400,M. Sánchez Fontecilla / esq. Camilo Mori,POINT(-70.55744079777455 -33.48268866819722)
PD1401,PD1401,M. Sánchez Fontecilla / esq. Avenida El Valle,POINT(-70.55716693426767 -33.47974641443087)
PD1399,PD1399,M. Sánchez Fontecilla / esq. Antupirén,POINT(-70.55522223591824 -33.475613511536494)
PD1402,PD1402,M. Sánchez Fontecilla / esq. Avenida Grecia,POINT(-70.55446996489842 -33.47392365333299)
PC1318,PC1318,Parada 11 / (M) Pedro de Valdivia,POINT(-70.61340480063276 -33.425391195370175)
PC1319,PC1319,Parada 12 / (M) Pedro de Valdivia,POINT(-70.61231971783494 -33.42487322538514)
PD459,PD459,Avenida Tobalaba / esq. Calle 127,POINT(-70.55074705404311 -33.464651781252)
PD460,PD460,Avenida Tobalaba / esq. Avenida Quilín,POINT(-70.56045500269012 -33.49847200126409)
PD1357,PD1357,Avenida Tobalaba / esq. Los Nogales,POINT(-70.5611509983207 -33.50248300060745)
PD461,PD461,Avenida Tobalaba / esq. Avenida Las Torres,POINT(-70.56114499483414 -33.50493499741545)
PE40,PE40,Parada 1 / Terminal María Angélica,POINT(-70.55737799882337 -33.51794400352227)
PE41,PE41,María Angélica / esq. Los Naranjos,POINT(-70.55543299580579 -33.517509000086214)
PE503,PE503,María Angélica / esq. Las Araucarias,POINT(-70.55222299842022 -33.51664599920694)
PE504,PE504,María Angélica / esq. María Cristina,POINT(-70.54886499676654 -33.51456000314288)
PE505,PE505,Av. Las Perdices / esq. Santa Berta,POINT(-70.54721766617084 -33.515982052099126)
PE506,PE506,Av. Las Perdices / esq. San Francisco,POINT(-70.5468519981701 -33.51962899838456)
PE507,PE507,San Francisco / esq. María Cristina,POINT(-70.5483819949205 -33.519690998160044)
PE508,PE508,San Francisco / esq. Las Bellotas,POINT(-70.55030399876487 -33.51980400389479)
PE1517,PE1517,Las Araucarias / esq. Paseo. Los. Limones,POINT(-70.55229936730474 -33.518600566467256)
PE1336,PE1336,Las Araucarias / esq. San Francisco,POINT(-70.55239996838024 -33.519960458826496)
PE1387,PE1387,San Francisco / esq. Borde Los Fresnos,POINT(-70.55018199686177 -33.5198279957701)
PE1401,PE1401,San Francisco / esq. Las Perdices,POINT(-70.5472027723122 -33.519858209281466)
PE1337,PE1337,Av. Las Perdices / esq. Santa Berta,POINT(-70.54703635664116 -33.516182630246)
PE1338,PE1338,Av. Las Perdices / esq. María Angélica,POINT(-70.54788199851873 -33.51445000394977)
PE1503,PE1503,María Angélica / esq. María Cristina,POINT(-70.54854696914458 -33.51438998022308)
PE824,PE824,María Angélica / esq. Las Araucarias,POINT(-70.55177665024628 -33.51646075588579)
PE511,PE511,María Angélica / esq. Calle 1,POINT(-70.55504299466087 -33.517287997818094)
PE42,PE42,Parada 2 / Terminal María Angélica,POINT(-70.55791299957554 -33.51790900212089)
PE37,PE37,Avenida Tobalaba / esq. Cerro Calán,POINT(-70.55952200118084 -33.51471199569689)
PE39,PE39,Avenida Tobalaba / esq. Av. Departamental,POINT(-70.56045199842028 -33.51195100271257)
PD464,PD464,Avenida Tobalaba / esq. Avenida Las Torres,POINT(-70.56102099828871 -33.50552100179705)
PD465,PD465,Avenida Tobalaba / esq. Portal Sur,POINT(-70.56099090020169 -33.50189153089554)
PD466,PD466,Avenida Tobalaba / esq. Avenida Quilín,POINT(-70.56058699521492 -33.49924100042329)
PJ113,PJ113,Parada 8 / (M) Las Rejas,POINT(-70.70704800103066 -33.45734299541247)
PD469,PD469,Parada / Sánchez Fontecilla Altura del 13000,POINT(-70.55865827134082 -33.495430098293454)
PD470,PD470,M. Sánchez Fontecilla / esq. Av. Quilín-Norte,POINT(-70.55855991926151 -33.492706740122074)
PD471,PD471,M. Sánchez Fontecilla / esq. Valle del Aconcagua,POINT(-70.55819479082707 -33.48989086204095)
PD472,PD472,M. Sánchez Fontecilla / esq. Av. Los Presidentes,POINT(-70.55778891201224 -33.486998188319525)
PC420,PC420,Camino El Alba / esq. Vital Apoquindo,POINT(-70.53354300486073 -33.40216100237825)
PC421,PC421,Camino El Alba / esq. Cam. del Observatorio,POINT(-70.53590299885015 -33.40378399694643)
PC422,PC422,Camino El Alba / esq. Cam. del Observatorio,POINT(-70.53749899888612 -33.40456399644541)
PC1020,PC1020,General Blanche / esq. Círculo Apolo,POINT(-70.54065211770006 -33.40871479673963)
PC1068,PC1068,Parada 2 / (M) Los Dominicos,POINT(-70.54501502931694 -33.40823742056652)
PC1064,PC1064,Parada 1 / (M) Los Dominicos,POINT(-70.54486600419709 -33.4072840025906)
PC396,PC396,Camino El Alba / esq. Vital Apoquindo,POINT(-70.53597199732967 -33.404010003163116)
PC397,PC397,Camino El Alba / esq. Cam. del Algarrobo,POINT(-70.53362900528433 -33.40242000605875)
PA78,PA78,Parada 8 / (M) Santa Ana,POINT(-70.66019790227335 -33.439106644187675)
PA230,PA230,Manuel Rodríguez / esq. Agustinas,POINT(-70.66032899469447 -33.441002001885174)
PA231,PA231,Manuel Rodríguez / esq. Alameda,POINT(-70.66105899982053 -33.44428000178956)
PA243,PA243,Parada 5 / (M) Santa Ana,POINT(-70.65930886275353 -33.43949460642378)
PC125,PC125,Avenida Tomás Moro / esq. Nicosia,POINT(-70.55333700093817 -33.42068000016483)
PC1137,PC1137,Alejandro Fleming / esq. Florencio Barrios,POINT(-70.55213099763273 -33.42518800205719)
PC131,PC131,Avenida Tomás Moro / esq. A. de Camargo,POINT(-70.55348499730042 -33.42246600048646)
PC132,PC132,Avenida Tomás Moro / esq. Nicosia,POINT(-70.5532320737678 -33.42098705791769)
PC133,PC133,Avenida Tomás Moro / esq. Monroe,POINT(-70.55277500386077 -33.41526599744654)
PC134,PC134,Avenida Tomás Moro / esq. Imperial,POINT(-70.55238699751537 -33.41324500075561)
PC135,PC135,Avenida Tomás Moro / esq. Tomás Moro Int.,POINT(-70.55227600202582 -33.41179899818334)
PC136,PC136,Parada 4 / INACAP Apoquindo,POINT(-70.55179599991827 -33.40872299615651)
PD241,PD241,Av.Príncipe de Gales / esq. V. Pérez Rosales,POINT(-70.55235590369863 -33.43946640903053)
PD1288,PD1288,Parada / Príncipe de Gales Altura del 8700,POINT(-70.5412109980679 -33.44076799565752)
PD1289,PD1289,Av.Príncipe de Gales / esq. P. Subercaseaux,POINT(-70.53863400274908 -33.4410699968767)
PD1290,PD1290,Av.Príncipe de Gales / esq. V. Llanos,POINT(-70.53479421942275 -33.4419220259248)
PD1013,PD1013,Valenzuela Llanos / esq. Avenida Echeñique,POINT(-70.53534897586032 -33.44297487983471)
PD1014,PD1014,Valenzuela Llanos / esq. Fray Jorge,POINT(-70.53736800072424 -33.44593099865616)
PD1015,PD1015,Valenzuela Llanos / esq. Llacolén,POINT(-70.5388009978705 -33.44804099568045)
PD1016,PD1016,Valenzuela Llanos / esq. Laureano Guevara,POINT(-70.54006490875511 -33.44983302875954)
PD250,PD250,Parada 3 / Hospital Militar,POINT(-70.54016100235543 -33.451947000646086)
PD251,PD251,Dip. Laura Rodríguez / esq. Pasaje 16,POINT(-70.5403449941749 -33.45378800088973)
PD252,PD252,Dip. Laura Rodríguez / esq. Melinka,POINT(-70.54066786576844 -33.4560720539946)
PD253,PD253,Dip. Laura Rodríguez / esq. Talinay,POINT(-70.54098599726433 -33.45821299665719)
PD1419,PD1419,Talinay / esq. Doñihue,POINT(-70.53884731649735 -33.45870197710032)
PD1062,PD1062,Talinay / esq. Toconao,POINT(-70.53675399517479 -33.45883799954145)
PD1369,PD1369,Talinay / esq. Comb. de Iquique,POINT(-70.5346688603553 -33.45894139193273)
PD1019,PD1019,Talinay / esq. Camarones,POINT(-70.53208610831925 -33.45911932388826)
PD998,PD998,Quebrada Camarones / esq. Av. José Arrieta,POINT(-70.53317399512085 -33.46524700035497)
PD1187,PD1187,Talinay / esq. Toconao,POINT(-70.5364469966844 -33.458747003573436)
PD1418,PD1418,Talinay / esq. Huapi,POINT(-70.53890650311085 -33.45860819016952)
PD1079,PD1079,Talinay / esq. Laura Rodríguez,POINT(-70.54076399863631 -33.45840499895239)
PD296,PD296,Dip. Laura Rodríguez / esq. Pasaje 8,POINT(-70.54054700237623 -33.45584899730779)
PD297,PD297,Dip. Laura Rodríguez / esq. Pasaje 15,POINT(-70.54021541142502 -33.45355104646087)
PD298,PD298,Parada 4 / Hospital Militar,POINT(-70.53997554204201 -33.45193511870497)
PD780,PD780,Valenzuela Llanos / esq. Las Tres Pascualas,POINT(-70.53929199678032 -33.44909700181111)
PD781,PD781,Valenzuela Llanos / esq. Caliboro,POINT(-70.53816899831148 -33.44742499701693)
PD782,PD782,Valenzuela Llanos / esq. Av. Simón Bolivar,POINT(-70.53718600207553 -33.44597799591856)
PD1002,PD1002,Valenzuela Llanos / esq. Av. Príncipe de Gales,POINT(-70.53461400142513 -33.44224200398434)
PD1254,PD1254,Av.Príncipe de Gales / esq. Óscar Castro,POINT(-70.53775213196742 -33.441028513378)
PD1255,PD1255,Parada / Príncipe de Gales Altura del 8700,POINT(-70.54084544926309 -33.4406663288559)
PD1256,PD1256,Av.Príncipe de Gales / esq. Carlos Ossandón,POINT(-70.54305399584574 -33.440415998367996)
PD1257,PD1257,Parada / Príncipe de Gales Altura del 8200,POINT(-70.54635500244771 -33.44002999788967)
PD1258,PD1258,Av.Príncipe de Gales / esq. C. Silva Vildósola,POINT(-70.5495050037131 -33.43964699661695)
PD1361,PD1361,Av.Príncipe de Gales / esq. V. Pérez Rosales,POINT(-70.5516599953509 -33.439412000059896)
PD308,PD308,Av.Príncipe de Gales / esq. M.Toro y Zambrano,POINT(-70.55572777649873 -33.43918507689613)
PD1259,PD1259,Parada / Príncipe de Gales Altura del 7100,POINT(-70.55841026582674 -33.438764932102416)
PD1260,PD1260,Av.Príncipe de Gales / esq. Monseñor Edwards,POINT(-70.56109175379508 -33.438636902850284)
PD1199,PD1199,Av.Príncipe de Gales / esq. John Jackson,POINT(-70.56591222474887 -33.43833993321892)
PD1200,PD1200,Parada / Club de Campo Banco Central,POINT(-70.56941799771472 -33.43810099943904)
PD1201,PD1201,Av.Príncipe de Gales / esq. Las Arañas,POINT(-70.57169499795191 -33.43795599990159)
PC419,PC419,Camino del Algarrobo / esq. Los Pintores,POINT(-70.53295999570317 -33.40086900087953)
PC172,PC172,General Blanche / esq. Puerto Arturo,POINT(-70.53830101247647 -33.407945965049514)
PC398,PC398,Camino del Algarrobo / esq. Los Pintores,POINT(-70.53282199784427 -33.40091100072755)
PB143,PB143,El Salto / esq. Muñoz Gamero,POINT(-70.63011067648853 -33.40125909511014)
PB144,PB144,El Salto / esq. Víctor Cuccuini,POINT(-70.63197799833326 -33.40379499531832)
PB145,PB145,El Salto / esq. Avenida Einstein,POINT(-70.63355890571326 -33.406029952318534)
PB146,PB146,El Salto / esq. Avenida México,POINT(-70.63473100333125 -33.407735001456544)
PB147,PB147,El Salto / esq. Patria Vieja,POINT(-70.63556764642455 -33.40902209773378)
PB148,PB148,El Salto / esq. Doctor Ostornol,POINT(-70.63696799722405 -33.411125997049055)
PB149,PB149,El Salto / esq. Arz. Valdivieso,POINT(-70.63861900286885 -33.41322399728119)
PB150,PB150,Avenida Perú / esq. Desiderio Lemus,POINT(-70.63867542105602 -33.41558501299294)
PB151,PB151,Avenida Perú / esq. Delfina León,POINT(-70.63939600100856 -33.417673996950725)
PB152,PB152,Parada / Parque de la Infancia,POINT(-70.6407679993073 -33.420782995546865)
PB153,PB153,Avenida Perú / esq. Santos Dumont,POINT(-70.6404248592742 -33.42262055859729)
PB1497,PB1497,Domínica / esq. Montevideo,POINT(-70.64326694949617 -33.42607848492682)
PB165,PB165,Avenida Perú / esq. La Virgen,POINT(-70.63970500194824 -33.42523399518829)
PB166,PB166,Avenida Perú / esq. Santos Dumont,POINT(-70.64007399658948 -33.42307900005454)
PB167,PB167,Parada / Parque de la Infancia,POINT(-70.64040299532607 -33.42120899677823)
PB168,PB168,Avenida Perú / esq. Unión,POINT(-70.63919600296863 -33.417770999007445)
PB169,PB169,Avenida Perú / esq. Desiderio Lemus,POINT(-70.63840930970453 -33.41577003117961)
PB170,PB170,Avenida Perú / esq. Arz. Valdivieso,POINT(-70.63852585944689 -33.4137354209354)
PB171,PB171,El Salto / esq. Doctor Ostornol,POINT(-70.63700300098728 -33.4113879952729)
PB172,PB172,El Salto / esq. Avenida México,POINT(-70.63493391443838 -33.40827642097765)
PB173,PB173,El Salto / esq. Avenida Einstein,POINT(-70.63370199416123 -33.406430998018465)
PB174,PB174,El Salto / esq. Víctor Cuccuini,POINT(-70.63199900340119 -33.404050001115955)
PB175,PB175,El Salto / esq. Muñoz Gamero,POINT(-70.63038199712457 -33.401817002759515)
PC618,PC618,Parada 1 / (M) Francisco Bilbao,POINT(-70.58517500338746 -33.431161998137284)
PC582,PC582,Av. Isabel La Católica / esq. Alcántara,POINT(-70.58281300444867 -33.4298569977544)
PC583,PC583,Av. Isabel La Católica / esq. Flandes,POINT(-70.57979075118523 -33.428464083648954)
PC584,PC584,Av. Isabel La Católica / esq. Santa Adriana,POINT(-70.57845299855714 -33.42725899927295)
PB1469,PB1469,Roma / esq. B. de Juras Reales,POINT(-70.67652687383728 -33.40025832834892)
PB2015,PB2015,Avenida Dorsal / esq. Caupolicán,POINT(-70.7013681200588 -33.40202029548895)
PB32,PB32,14 de La Fama / esq. B. de Juras Reales,POINT(-70.67692743675057 -33.4014806425408)
PB1878,PB1878,Pedro Donoso / esq. Sofía,POINT(-70.63067376296586 -33.40046681902483)
PD25,PD25,Avenida La Aguada / esq. Froilán Roa,POINT(-70.60060164113384 -33.50135946166529)
PD26,PD26,Froilán Roa / esq. Benito Rebolledo,POINT(-70.60073200252991 -33.50216999800708)
PD27,PD27,Froilán Roa / esq. Las Codornices,POINT(-70.60114320943023 -33.504268905184375)
PD28,PD28,Froilán Roa / esq. Las Loicas,POINT(-70.60159088261526 -33.506512370075754)
PE3,PE3,Av. Departamental / esq. Buenaventura,POINT(-70.60058300236702 -33.50922400293836)
PE4,PE4,Av. Departamental / esq. Nueva 1,POINT(-70.59635736640588 -33.50945537677951)
PE5,PE5,Av. Departamental / esq. Av. A. Vespucio,POINT(-70.59283021311869 -33.509699008342835)
PE1410,PE1410,Parada / Estación de Buses (M) Macul -Oriente,POINT(-70.58941345748951 -33.51080140299722)
PE35,PE35,Av. Departamental / esq. Los Retamos,POINT(-70.58305694544336 -33.51038488547695)
PE36,PE36,Parada / Escuela Sn.Valentín,POINT(-70.57959447357638 -33.510579300911)
PE1284,PE1284,Av. Departamental / esq. Punitaqui,POINT(-70.57496893406093 -33.51094242936083)
PE1286,PE1286,Av. Departamental / esq. Volcán Llaima,POINT(-70.57115803327885 -33.5113230289292)
PE1285,PE1285,Av. Departamental / esq. Volcán Calbuco,POINT(-70.56805146522821 -33.51157616812389)
PE1413,PE1413,Av. Departamental / esq. Avenida Tobalaba,POINT(-70.56422756120168 -33.51136221462696)
PD138,PD138,Avenida Tobalaba / esq. Av. Departamental,POINT(-70.56067689053515 -33.51130973525519)
PD169,PD169,Av. Departamental / esq. Gabriela Mistral,POINT(-70.56349329702294 -33.5113960336748)
PD171,PD171,Av. Departamental / esq. Caupolicán,POINT(-70.56774300412881 -33.511540996660734)
PD172,PD172,Av. Departamental / esq. Los Boteros,POINT(-70.57056213304085 -33.511344240471146)
PD170,PD170,Av. Departamental / esq. Los Torneros,POINT(-70.57533391082842 -33.51081935045324)
PD145,PD145,Parada / Escuela Sn.Valentín,POINT(-70.58001800219985 -33.510498000824214)
PD146,PD146,Av. Departamental / esq. Embalse La Palma,POINT(-70.58212601324453 -33.510324183410944)
PD1374,PD1374,Av. Departamental / esq. Las Tejas,POINT(-70.5857971509813 -33.510079788188165)
PD1444,PD1444,Parada / Estación de Buses (M) Macul -Poniente,POINT(-70.59100013360823 -33.50992926484828)
PD906,PD906,Reinalda Pereira P. / esq. Los Zorzales,POINT(-70.59716600109653 -33.508890996309255)
PD907,PD907,Reinalda Pereira P. / esq. Las Loicas,POINT(-70.59683800166383 -33.50729599910979)
PD908,PD908,Reinalda Pereira P. / esq. Las Codornices,POINT(-70.59643699657222 -33.505201003816154)
PD1667,PD1667,Las Codornices / esq. Froilán Roa,POINT(-70.60078906666286 -33.50439276696957)
PD31,PD31,Exequiel Fernández / esq. Calle Nueva,POINT(-70.60322194425471 -33.50372681335675)
PD32,PD32,Exequiel Fernández / esq. Benito Rebolledo,POINT(-70.60295399581203 -33.50235699888379)
PD33,PD33,Exequiel Fernández / esq. La Aguada,POINT(-70.60254100336643 -33.499965000221394)
PD34,PD34,Exequiel Fernández / esq. Mons. C. Casanueva,POINT(-70.60188100117549 -33.49613199884682)
PD35,PD35,Exequiel Fernández / esq. Víctor Dgo. Silva,POINT(-70.60180999501173 -33.49328799521755)
PD36,PD36,Exequiel Fernández / esq. Av. Escuela Agrícola,POINT(-70.6016670535405 -33.490904978621565)
PD49,PD49,Parada 4 / (M) Ñuñoa,POINT(-70.60488675945051 -33.45457684927436)
PD50,PD50,Av. Pedro de Valdivia / esq. Psje. Simón Bolívar,POINT(-70.60518799689261 -33.45061900093183)
PD51,PD51,Av. Pedro de Valdivia / esq. Avenida Sucre,POINT(-70.60547199596193 -33.448934000787006)
PD52,PD52,Av. Pedro de Valdivia / esq. Dr. P. Lautaro Ferrer,POINT(-70.60605089749849 -33.44560966067621)
PC12,PC12,Parada / The Kent School,POINT(-70.60641899950483 -33.44328800121094)
PC13,PC13,Av. Pedro de Valdivia / esq. Bustos,POINT(-70.60691834124202 -33.440434325122695)
PC14,PC14,Parada 4 / (M) Inés de Suarez,POINT(-70.6074779956741 -33.43788900403004)
PC15,PC15,Av. Pedro de Valdivia / esq. Avenida Pocuro,POINT(-70.60790999761971 -33.43634600134863)
PC16,PC16,Av. Pedro de Valdivia / esq. Biarritz,POINT(-70.60864799843367 -33.433856998769606)
PC17,PC17,Parada 2 / Municipalidad de Providencia,POINT(-70.60930800371038 -33.43164600225723)
PC18,PC18,Av. Pedro de Valdivia / esq. Carlos Antúnez,POINT(-70.6102420031192 -33.42890599961707)
PC19,PC19,Parada / Instituto Luis Campino,POINT(-70.61098799848641 -33.426961000647694)
PA49,PA49,Parada / Hospital Traumatológico,POINT(-70.6587930624152 -33.43437346243524)
PA824,PA824,Parada 3 / Andén (EIM) Franklin,POINT(-70.649420673111 -33.476384519554514)
PD839,PD839,Avenida Marathon / esq. Avenida Zañartu,POINT(-70.61395941349087 -33.47251007427124)
PD840,PD840,Avenida Marathon / esq. Av. Rodrigo de Araya,POINT(-70.61385500393855 -33.47420599563503)
PD850,PD850,Av. Rodrigo de Araya / esq. Pasaje 35,POINT(-70.58027400330077 -33.4716070030037)
PD851,PD851,Parada 6 / (M) Grecia,POINT(-70.5777099944457 -33.47025200110206)
PD866,PD866,Alejandro Sepúlveda / esq. Altiplano,POINT(-70.56545100387612 -33.475795002590125)
PD867,PD867,Alejandro Sepúlveda / esq. Llanura,POINT(-70.56699499669014 -33.473741000757876)
PD868,PD868,Alejandro Sepúlveda / esq. El Desierto,POINT(-70.56853418714894 -33.47167705769668)
PD870,PD870,Parada 2 / Fraternidad - Avenida Grecia,POINT(-70.57083099590328 -33.47014699588506)
PD871,PD871,Parada 6 / Cruz Almeyda - Avenida Grecia,POINT(-70.57237000196241 -33.46982200049589)
PD872,PD872,Parada 2 / (M) Grecia,POINT(-70.57539506493413 -33.46926454999436)
PD873,PD873,Parada 7 / (M) Grecia,POINT(-70.57843361031219 -33.470302668669014)
PD874,PD874,Av. Rodrigo de Araya / esq. Ramón Cruz Montt,POINT(-70.58179836292112 -33.47204175502857)
PD569,PD569,Av. Rodrigo de Araya / esq. Nueva,POINT(-70.58412407263111 -33.473177784319866)
PD570,PD570,Parada 2 / Rotonda Rodrigo de Araya,POINT(-70.58658332731906 -33.47346099064736)
PD875,PD875,Av. Rodrigo de Araya / esq. Santa Julia,POINT(-70.59185595362253 -33.47363553324837)
PD876,PD876,Av. Rodrigo de Araya / esq. Brown Sur,POINT(-70.59482300377675 -33.473480002052035)
PD877,PD877,Parada 4 / Colegio San Marcos,POINT(-70.59854293588954 -33.473629753957596)
PD878,PD878,Av. Rodrigo de Araya / esq. Las Dalias,POINT(-70.60247899497347 -33.47383400073384)
PD879,PD879,Av. Rodrigo de Araya / esq. Av. Pedro de Valdivia,POINT(-70.60602593306766 -33.47402105284458)
PD880,PD880,Av. Rodrigo de Araya / esq. Av. Castillo Velasco,POINT(-70.60965754823334 -33.47418984963794)
PD881,PD881,Av. Rodrigo de Araya / esq. Avenida Marathon,POINT(-70.61314689366392 -33.47435817326361)
PD882,PD882,Av. Rodrigo de Araya / esq. Francisco Meneses,POINT(-70.61594099780156 -33.474463996513215)
PD883,PD883,Francisco Meneses / esq. Zañartu,POINT(-70.61631200439355 -33.47338600146397)
PD884,PD884,Francisco Meneses / esq. Guillermo Mann,POINT(-70.61648200215113 -33.47122399730131)
PD204,PD204,Parada 2 / (M) Ñuble,POINT(-70.62618999809236 -33.46767800138238)
PA697,PA697,Maule / esq. Santa Elena,POINT(-70.62786991071331 -33.46495334468222)
PA202,PA202,Maule / esq. Avenida Portugal,POINT(-70.63062999800205 -33.46529399746902)
PA503,PA503,Portugal / esq. Ñuble,POINT(-70.63041800270888 -33.46743000151979)
PA504,PA504,Portugal / esq. Arauco,POINT(-70.62966400048697 -33.47019799918484)
PD886,PD886,Av. Los Presidentes / esq. El Almendral,POINT(-70.56058333413995 -33.485424879419476)
PD887,PD887,Caracas / esq. Río Mocho,POINT(-70.56693332947275 -33.48183598726867)
PD888,PD888,Caracas / esq. Río Chanlelfu,POINT(-70.56669721466466 -33.48131932663769)
PD889,PD889,Caracas / esq. Avenida El valle,POINT(-70.56605799567845 -33.47932000327355)
PD890,PD890,Caracas / esq. Avenida El valle,POINT(-70.56573200106968 -33.478288996171095)
PA830,PA830,Parada 3 / (M) Franklin,POINT(-70.64934722263857 -33.47547862578418)
PD1356,PD1356,Parada 2 / (M) Quilín,POINT(-70.57914997488483 -33.48876205505173)
PD826,PD826,Coventry / esq. Ldo. de Las Peñas,POINT(-70.58008895178934 -33.453341581951584)
PD827,PD827,Coventry / esq. Estrella Solitaria,POINT(-70.58037400288494 -33.451005997355125)
PD828,PD828,Coventry / esq. Av. Simón Bolivar,POINT(-70.580655000853 -33.44867600049966)
PD829,PD829,Coventry / esq. Avenida Echeñique,POINT(-70.58085399663551 -33.4469380039897)
PC1022,PC1022,Parada 4 / (M) Francisco Bilbao,POINT(-70.58568300484544 -33.432579000716814)
PC1122,PC1122,Eliecer Parada / esq. Av. Diego de Almagro,POINT(-70.5837110022151 -33.43535800243719)
PD1471,PD1471,Emilia Téllez / esq. Pedro Torres,POINT(-70.58494629996423 -33.440422152602665)
PD1446,PD1446,Emilia Téllez / esq. Coventry,POINT(-70.58252263960134 -33.441410331197496)
PD1447,PD1447,Emilia Téllez / esq. Hamburgo,POINT(-70.57768320224599 -33.44270364838082)
PD810,PD810,Hamburgo / esq. Avenida Pucará,POINT(-70.57734592181893 -33.44416804301873)
PD811,PD811,Hamburgo / esq. Avenida Echeñique,POINT(-70.57711400132311 -33.44600800146414)
PD812,PD812,Hamburgo / esq. Av. Simón Bolivar,POINT(-70.57689153355028 -33.44780007757094)
PD813,PD813,Hamburgo / esq. Estrella Solitaria,POINT(-70.57659100088767 -33.450228995306276)
PD814,PD814,Hamburgo / esq. Ldo. de Las Peña,POINT(-70.57628399721146 -33.4528099986423)
PI629,PI629,Juan Moya / esq. Av. Castillo Velasco,POINT(-70.58683819140536 -33.45933007298637)
PI630,PI630,Juan Moya / esq. Los Almendros,POINT(-70.58752499997341 -33.46216699788917)
PI631,PI631,Parada 5 / CESFAM Salvador Bustos,POINT(-70.58823800158785 -33.46514299581359)
PI632,PI632,Juan Moya / esq. Tamaya,POINT(-70.58879734660955 -33.467437566461726)
PI633,PI633,Juan Moya / esq. Socaire,POINT(-70.58927300066854 -33.46936699940355)
PI634,PI634,Juan Moya / esq. I. Carrera Pinto,POINT(-70.59036377310404 -33.47112912041943)
PD895,PD895,Parada 5 / Rotonda Rodrigo de Araya,POINT(-70.58889600400313 -33.473256999798465)
PD1362,PD1362,Avenida Quilín / esq. Alejandro Flores,POINT(-70.58783399951368 -33.48673700296055)
PD1172,PD1172,Avenida Quilín / esq. Ramón Cruz Montt,POINT(-70.58612799489687 -33.48711300353832)
PD896,PD896,El Líbano / esq. Avenida Macul,POINT(-70.59290400319902 -33.500158999621334)
PD897,PD897,El Líbano / esq. Avenida Macul,POINT(-70.59403299773491 -33.501806995885154)
PD130,PD130,Parada 8 / (M) Macul,POINT(-70.59026999625823 -33.50814900174746)
PD682,PD682,Av. San Luis de Macul / esq. Los Mueblistas,POINT(-70.57343300047377 -33.506929995150166)
PD818,PD818,Av. San Luis de Macul / esq. Los Boteros,POINT(-70.5706408616761 -33.50728650203868)
PD1613,PD1613,Parada / Mall Paseo Quilín,POINT(-70.57814088503439 -33.48842104273141)
PD1421,PD1421,Avenida Quilín / esq. Mar Tirreno,POINT(-70.5767919972589 -33.49068000016097)
PD1245,PD1245,Avenida Quilín / esq. Hacienda Macul,POINT(-70.57366300458364 -33.491837000669605)
PD1354,PD1354,Avenida Quilín / esq. Los Cerezos,POINT(-70.57093375631652 -33.49550905289409)
PD1246,PD1246,Avenida Quilín / esq. El Paseo,POINT(-70.56433400237117 -33.49863800308603)
PD1247,PD1247,Avenida Quilín / esq. Avenida Tobalaba,POINT(-70.56097797171618 -33.49906449151496)
PD980,PD980,Av. Los Presidentes / esq. Matías Cousiño,POINT(-70.55572488326644 -33.487130800256104)
PD981,PD981,Av. Los Presidentes / esq. Av. Consistorial,POINT(-70.55009899450724 -33.488897000630075)
PD1248,PD1248,Consistorial / esq. Av. Quilín-Norte,POINT(-70.55090098702412 -33.49343789139955)
PD1583,PD1583,Parada / Altos del Parque,POINT(-70.55178505881145 -33.497333112568775)
PD1249,PD1249,Consistorial / esq. Avenida Quilín,POINT(-70.55222999654508 -33.499751995538446)
PD1250,PD1250,Avenida Quilín / esq. Ensenada,POINT(-70.54866700042764 -33.500631996350116)
PD1621,PD1621,Avenida Quilín / esq. Av.C. Las Perdices,POINT(-70.54275999669856 -33.50132364194167)
PD1661,PD1661,Juan de Dios Vial C. / esq. Avenida Quilín,POINT(-70.5376888035456 -33.50127522884975)
PD1622,PD1622,Avenida Quilín / esq. Natalia Larraín,POINT(-70.53585670423617 -33.501039491023306)
PD1619,PD1619,Avenida Quilín / esq. Á. Casanova Pte.,POINT(-70.53324899930408 -33.50185197487977)
PD1640,PD1640,Av. Los Presidentes / esq. Cam. de La Tierra,POINT(-70.53062766133387 -33.49485438005541)
PD1638,PD1638,Av. Los Presidentes / esq. Av.C. Las Perdices,POINT(-70.5404028657051 -33.49191046898939)
PD1639,PD1639,Av. Los Presidentes / esq. Á. Casanova Pte.,POINT(-70.5305972811941 -33.494962976096154)
PD1620,PD1620,Avenida Quilín / esq. Á. Casanova Pte.,POINT(-70.53249500195888 -33.50203292493829)
PD1618,PD1618,Avenida Quilín / esq. Natalia Larraín,POINT(-70.53500998638698 -33.50124198730911)
PD1693,PD1693,Avenida Quilín / esq. J. de Dios Vial Correa,POINT(-70.53739921169836 -33.500976157720494)
PD1616,PD1616,Avenida Quilín / esq. Av.C. Las Perdices,POINT(-70.54304295567313 -33.501206035303106)
PD1238,PD1238,Avenida Quilín / esq. Av. Consistorial,POINT(-70.54827938818752 -33.5006275076015)
PD1434,PD1434,Consistorial / esq. Avenida Quilín,POINT(-70.55213700344292 -33.49967000255131)
PD1240,PD1240,Parada / Altos del Parque,POINT(-70.5511760031179 -33.49576099512887)
PD1241,PD1241,Consistorial / esq. El Embalse,POINT(-70.5507638829055 -33.49406099065549)
PD1242,PD1242,Consistorial / esq. Biarritz,POINT(-70.55008894749996 -33.49111930568806)
PD1398,PD1398,Av. Los Presidentes / esq. Matías Cousiño,POINT(-70.55004403996908 -33.48882762447206)
PD929,PD929,Av. Los Presidentes / esq. Matías Cousiño,POINT(-70.5552639977658 -33.487085001400736)
PD930,PD930,Av. Los Presidentes / esq. Mariano Sánchez F.,POINT(-70.55752800033771 -33.4863790034112)
PD1243,PD1243,Avenida Quilín / esq. El Paseo,POINT(-70.56377400307504 -33.498508003867634)
PD1355,PD1355,Avenida Quilín / esq. Los Cerezos,POINT(-70.57085785041447 -33.495555557941195)
PD1406,PD1406,Parada / Avenida Quilín Altura del 5700,POINT(-70.56955695767078 -33.493668584476644)
PD1407,PD1407,Avenida Quilín / esq. Hacienda Macul,POINT(-70.57248955070047 -33.49209827200105)
PD1244,PD1244,Avenida Quilín / esq. Mar Tirreno,POINT(-70.57613000024271 -33.49054599735952)
PC203,PC203,Parada 3 / (M) Pedro de Valdivia,POINT(-70.61400015196875 -33.4256326250877)
PC350,PC350,Nueva de Lyon / esq. Av. Andrés Bello,POINT(-70.61094499885115 -33.42049499628384)
PD29,PD29,Froilán Roa / esq. Av. Departamental,POINT(-70.60199200484462 -33.50859900269132)
PD1161,PD1161,Av. Departamental / esq. E. Fernández,POINT(-70.60298017244351 -33.508853726119526)
PD4,PD4,Parada / Estadio Monumental,POINT(-70.60654504352591 -33.50858626643049)
PE122,PE122,Parada / Paradero 11 Av.Vicuña Mackenna,POINT(-70.60697286629366 -33.51538187533414)
PE123,PE123,Parada / Paradero 12 Av.Vicuña Mackenna,POINT(-70.6051598863423 -33.51724366370428)
PE125,PE125,Parada 9 / (M) Bellavista de La Florida,POINT(-70.60258035151647 -33.51982346038995)
PE1296,PE1296,Parada 1 / (M) Vicuña Mackenna,POINT(-70.59608000231479 -33.51913000115676)
PE1537,PE1537,Parada / Museo Interactivo Mirador,POINT(-70.61062477509799 -33.51819979689024)
PE1536,PE1536,Punta Arenas / esq. Pasaje Almendral,POINT(-70.61102168594059 -33.514114698532666)
PH384,PH384,Avenida Lo Ovalle / esq. Avenida Estadio,POINT(-70.61328100046035 -33.51298899713593)
PH1443,PH1443,Av. Las Industrias / esq. Varas Mena,POINT(-70.62483871971658 -33.51191012214691)
PH1442,PH1442,Parada 5 / Departamental - Las Industrias,POINT(-70.62566499951024 -33.50823399968913)
PH1491,PH1491,Av. Departamental / esq. Vecinal-Norte,POINT(-70.62333899831816 -33.50783499648533)
PH21,PH21,Av. Departamental / esq. Avenida Haydn,POINT(-70.62131081900827 -33.50795968907611)
PD30,PD30,Exequiel Fernández / esq. Pasaje 3,POINT(-70.60403099735477 -33.508053000076735)
PC20,PC20,Parada 10 / (M) Pedro de Valdivia,POINT(-70.61222085495193 -33.42378996426268)
PJ1,PJ1,Lo Espinoza / esq. Samuel Izquierdo,POINT(-70.707430859743 -33.40953266462819)
PJ2,PJ2,Lo Espinoza / esq. Carmen Lidia,POINT(-70.70626799563082 -33.41213300195233)
PJ3,PJ3,Lo Espinoza / esq. Calle 7,POINT(-70.70466600268439 -33.41585000043419)
PJ4,PJ4,Lo Espinoza / esq. Pasaje Antártica,POINT(-70.70358699597426 -33.418302001684204)
PJ5,PJ5,Parada 1 / Escuela Lo Franco,POINT(-70.70211976395235 -33.420764905032996)
PJ9,PJ9,Sergio Valdovinos / esq. Cónsul Poinsett,POINT(-70.70661800059803 -33.428979001797074)
PJ10,PJ10,Parada 1 / Las Rejas - José J. Pérez,POINT(-70.70717055747649 -33.43188015155278)
PJ11,PJ11,Sergio Valdovinos / esq. Vicuña Rozas,POINT(-70.70715000256494 -33.43598900139798)
PJ12,PJ12,Sergio Valdovinos / esq. 9 de Julio,POINT(-70.70712399816108 -33.4385519954702)
PJ14,PJ14,Avenida Las Rejas / esq. Santa Laura,POINT(-70.70738399525273 -33.44382900374554)
PJ15,PJ15,Avenida Las Rejas / esq. Avenida Portales,POINT(-70.70736832935637 -33.445779213677525)
PJ16,PJ16,Avenida Las Rejas / esq. Avenida Dorsal,POINT(-70.70710747244163 -33.44917681202542)
PJ17,PJ17,Avenida Las Rejas / esq. Perú,POINT(-70.70649607146701 -33.45180096038248)
PI50,PI50,Avenida Las Rejas / esq. Colu,POINT(-70.70440879831801 -33.471278125786554)
PI51,PI51,Avenida Las Rejas / esq. Mailef,POINT(-70.70320600118205 -33.475636002954275)
PI53,PI53,Avenida Suiza / esq. Cam. a Melipilla,POINT(-70.69729000087678 -33.4825469970469)
PI56,PI56,Av. Departamental / esq. Av. Gral. Velásquez,POINT(-70.68857607869951 -33.4846481001766)
PH2,PH2,Av. Departamental / esq. Haití,POINT(-70.68438100086458 -33.48800600228079)
PH3,PH3,Av. Departamental / esq. Ranquil,POINT(-70.68018000260575 -33.4915460038629)
PH4,PH4,Av. Departamental / esq. Av. Clotario Blest,POINT(-70.67684300473702 -33.49393699672309)
PH5,PH5,Av. Departamental / esq. Félix Mendelssohn,POINT(-70.67402975801038 -33.49604063172656)
PH6,PH6,Av. Departamental / esq. Club Hípico,POINT(-70.67206873380206 -33.497476237454144)
PH1454,PH1454,Av. Departamental / esq. Alcibiades,POINT(-70.66974699994836 -33.49923599911367)
PH7,PH7,Parada 1 / Departamental - Panamericana,POINT(-70.66696559940671 -33.5002803631617)
PH8,PH8,Av. Departamental / esq. Pasaje 1,POINT(-70.66439998184244 -33.500938107242575)
PH9,PH9,Av. Departamental / esq. 3ª Transversal,POINT(-70.66060999834751 -33.50195499902957)
PH10,PH10,Av. Departamental / esq. 1ª Transversal,POINT(-70.65806399876568 -33.50265100211753)
PH11,PH11,Parada 4 / (M) Departamental,POINT(-70.65567800452433 -33.503421000277285)
PH12,PH12,Av. Departamental / esq. Departamental Int.,POINT(-70.65135478353842 -33.50446764462437)
PH13,PH13,Av. Departamental / esq. Miguel Luis Cerda,POINT(-70.64851400194074 -33.505094002358184)
PH14,PH14,Av. Departamental / esq. San Mauricio,POINT(-70.64532299658109 -33.505812000704964)
PH15,PH15,Av. Departamental / esq. Río de Janeiro,POINT(-70.6410897786307 -33.506734348132)
PH16,PH16,Parada 6 / Departamental - Santa Rosa,POINT(-70.63946299546123 -33.507131003049594)
PH17,PH17,Parada / INFOCAP,POINT(-70.63552699605931 -33.50716500268497)
PH18,PH18,Av. Departamental / esq. Juan Planas,POINT(-70.63364399742049 -33.507135996007875)
PH19,PH19,Av. Departamental / esq. Benozzo Gozzoli,POINT(-70.62915560521758 -33.50743966067141)
PH1456,PH1456,Av. Departamental / esq. Av. Las Industrias,POINT(-70.62674199462892 -33.507604997715674)
PE1500,PE1500,Parada 9 / (M) Pedrero,POINT(-70.61128447938597 -33.508441156533955)
PD1443,PD1443,Av. Departamental / esq. Nueva 1,POINT(-70.58975843366946 -33.51043597413695)
PD1,PD1,Av. Departamental / esq. Reinalda Pereira,POINT(-70.59481385350246 -33.50944595162721)
PD2,PD2,Av. Departamental / esq. Carab.Daniel Silva,POINT(-70.59800665585796 -33.509240856408184)
PH24,PH24,Av. Departamental / esq. Vecinal,POINT(-70.6228209952143 -33.50757599962828)
PH1455,PH1455,Av. Departamental / esq. Av. Las Industrias,POINT(-70.62538704436383 -33.50741098415487)
PH26,PH26,Av. Departamental / esq. Pintor Murillo,POINT(-70.62945039379576 -33.507131030674024)
PH27,PH27,Av. Departamental / esq. Juan Griego,POINT(-70.63273600369246 -33.5069709954323)
PH28,PH28,Parada / INFOCAP,POINT(-70.6351160018933 -33.50700000316556)
PH29,PH29,Parada 2 / Departamental - Santa Rosa,POINT(-70.63786099882763 -33.50698999621677)
PH30,PH30,Av. Departamental / esq. Montreal,POINT(-70.64163761093978 -33.50638088029174)
PH31,PH31,Av. Departamental / esq. Montreal,POINT(-70.64449399482763 -33.5058140008201)
PH32,PH32,Av. Departamental / esq. San Francisco,POINT(-70.64895900090721 -33.50480299647714)
PH33,PH33,Av. Departamental / esq. Chiloé,POINT(-70.6516226347235 -33.50419695514485)
PH34,PH34,Parada 1 / (M) Departamental,POINT(-70.65404100384164 -33.503611997440395)
PH35,PH35,Av. Departamental / esq. San Jerónimo,POINT(-70.65745999802327 -33.50265700248821)
PH36,PH36,Av. Departamental / esq. Gauss,POINT(-70.65986699472104 -33.502017001478414)
PH37,PH37,Av. Departamental / esq. Monja Alférez,POINT(-70.66329999797254 -33.50109999560103)
PH38,PH38,Parada 2 / Departamental - Panamericana,POINT(-70.66692500326306 -33.5000549958306)
PH1453,PH1453,Av. Departamental / esq. Alcibiades,POINT(-70.66938999856679 -33.49919000257067)
PH39,PH39,Av. Departamental / esq. Club Hípico,POINT(-70.67142136580026 -33.497913660352026)
PH40,PH40,Av. Departamental / esq. Félix Mendelssohn,POINT(-70.67358399546983 -33.49611799724052)
PH41,PH41,Av. Departamental / esq. Av. Clotario Blest,POINT(-70.67620000364892 -33.4940930008638)
PH42,PH42,Av. Departamental / esq. Ranquil,POINT(-70.67904300100588 -33.49191899711534)
PH43,PH43,Av. Departamental / esq. Haití,POINT(-70.68346899812252 -33.488465995085726)
PH44,PH44,Av. Departamental / esq. Avenida Cerrillos,POINT(-70.68680300149363 -33.48585299622435)
PI57,PI57,Av. Departamental / esq. Avenida 7,POINT(-70.69119449731247 -33.484414168546955)
PI58,PI58,Parada 6 / (M) Cerrillos,POINT(-70.69504101285179 -33.48346000931595)
PI61,PI61,Avenida Las Rejas / esq. Mailef,POINT(-70.70291336609361 -33.47631412897306)
PI62,PI62,Avenida Las Rejas / esq. Quenac,POINT(-70.70402318214286 -33.47261361035201)
PI47,PI47,Avenida Las Rejas / esq. Embajador Quintana,POINT(-70.70623280501478 -33.45228511604239)
PI48,PI48,Avenida Las Rejas / esq. Avenida Dorsal,POINT(-70.70693630593043 -33.449711582176356)
PJ22,PJ22,Sergio Valdovinos / esq. Manso de Velasco,POINT(-70.70705379004345 -33.438721096669916)
PJ23,PJ23,Sergio Valdovinos / esq. Vicuña Rozas,POINT(-70.70705999661523 -33.436406996872485)
PJ24,PJ24,Parada 3 / Las Rejas - José J. Pérez,POINT(-70.70710701241859 -33.43339701600681)
PJ25,PJ25,Sergio Valdovinos / esq. Cónsul Poinsett,POINT(-70.70662899802458 -33.429431995456845)
PJ28,PJ28,Parada 4 / Escuela Lo Franco,POINT(-70.70182200183943 -33.42100200348399)
PJ29,PJ29,Lo Espinoza / esq. Oscar Chanks,POINT(-70.70366100128514 -33.417916999561534)
PJ30,PJ30,Lo Espinoza / esq. Los Sauces,POINT(-70.70487199683993 -33.41511700203953)
PJ31,PJ31,Lo Espinoza / esq. Platón,POINT(-70.70642099464534 -33.41156799947019)
PJ32,PJ32,Lo Espinoza / esq. Samuel Izquierdo,POINT(-70.70721800139513 -33.409771997543615)
PD193,PD193,Parada 1 / (M) Pedrero,POINT(-70.61300439500172 -33.507724366135264)
PD194,PD194,Av. Vicuña Mackenna / esq. Estadio Colo Colo,POINT(-70.61476537254552 -33.50400394504685)
PD195,PD195,Parada / Paradero 7 Av.Vicuña Mackenna,POINT(-70.61533948828912 -33.501300006588174)
PD196,PD196,Parada 1 / (M) San Joaquín,POINT(-70.61586361799522 -33.498804136560146)
PD197,PD197,Parada 2 / Paradero 6 Av.Vicuña Mackenna,POINT(-70.61637947319532 -33.496443645507085)
PD1387,PD1387,Parada 3 / (M) Camino Agrícola,POINT(-70.61685846023431 -33.491522450914026)
PD951,PD951,Av. Escuela Agrícola / esq. Arturo Prat,POINT(-70.61511199794269 -33.49134100405212)
PD952,PD952,Av. Escuela Agrícola / esq. Gral. Baquedano,POINT(-70.61275899493828 -33.49113000388137)
PD953,PD953,Avenida Marathon / esq. LOS TULIPEROS,POINT(-70.61175099868302 -33.48803799916591)
PD954,PD954,Avenida Marathon / esq. Avenida Quilín,POINT(-70.61257699846176 -33.48549200092648)
PD1162,PD1162,Avenida Quilín / esq. 2 Poniente,POINT(-70.61103834654716 -33.48523547191017)
PD1163,PD1163,Avenida Quilín / esq. Castillo Urizar,POINT(-70.60950075013112 -33.48508497377616)
PD1164,PD1164,Avenida Quilín / esq. Av. Pedro de Valdivia,POINT(-70.60629999866809 -33.48504699662491)
PD1165,PD1165,Avenida Quilín / esq. Los 3 Antonios,POINT(-70.60478399525907 -33.48504200337452)
PD1166,PD1166,Avenida Quilín / esq. Exequiel Fernández,POINT(-70.60188099918878 -33.48484099952558)
PD1167,PD1167,Parada 3 / Punta de Rieles,POINT(-70.5996260002923 -33.48518800057323)
PD1168,PD1168,Avenida Quilín / esq. Premio Nobel,POINT(-70.59737995043724 -33.485441370868585)
PD1169,PD1169,Avenida Quilín / esq. Paipote,POINT(-70.59570700093641 -33.48562599664529)
PD1170,PD1170,Avenida Quilín / esq. Padre M. Chaparro,POINT(-70.59222300243671 -33.486017995178685)
PD1171,PD1171,Avenida Quilín / esq. El Líbano,POINT(-70.59001500015708 -33.48629400178928)
PD275,PD275,Av. Américo Vespucio / esq. Pque. Vespucio-Sur,POINT(-70.58533585696657 -33.497855128965405)
PD276,PD276,Av. Américo Vespucio / esq. Pque. Vespucio-Norte,POINT(-70.58450399781145 -33.496483997338274)
PD277,PD277,Av. Américo Vespucio / esq. Llaima,POINT(-70.58325500074434 -33.4945160030397)
PD278,PD278,Av. Américo Vespucio / esq. Los Maitenes,POINT(-70.58239400340221 -33.493108000285496)
PD174,PD174,Parada / Rotonda Quilín,POINT(-70.58062799683167 -33.490346997647755)
PD1152,PD1152,Avenida Marathon / esq. LOS TULIPEROS,POINT(-70.61222299653394 -33.48763299839289)
PH213,PH213,Parada 1 / Paradero 6 Av.Vicuña Mackenna,POINT(-70.61667746854837 -33.49568222450419)
PH214,PH214,Parada 2 / (M) San Joaquín,POINT(-70.61609148988707 -33.49832319717932)
PH215,PH215,Parada / Paradero 7 Av.Vicuña Mackenna,POINT(-70.61551490047331 -33.50089189828057)
PH216,PH216,Av. Vicuña Mackenna / esq. Llico,POINT(-70.61488023922475 -33.503813064602646)
PC267,PC267,Avenida Vitacura / esq. Av. Pdte. Riesco,POINT(-70.60276181931718 -33.41124717157947)
PC268,PC268,Parada / La Portada de Vitacura,POINT(-70.60350470532258 -33.41340847413567)
PC269,PC269,Avenida Vitacura / esq. Encomenderos,POINT(-70.60429700345632 -33.415901999925914)
PC1147,PC1147,Parada 2 / Plaza Italia,POINT(-70.6334483302292 -33.4372403819578)
PC207,PC207,Parada 2 / (M) Tobalaba,POINT(-70.6047058610297 -33.41761085945386)
PC208,PC208,Avenida Vitacura / esq. Zurich,POINT(-70.60403894755481 -33.4155169162616)
PC209,PC209,Parada / La Portada de Vitacura,POINT(-70.60357466564798 -33.41427762654916)
PC210,PC210,Avenida Vitacura / esq. Av. Andrés Bello,POINT(-70.6022233416153 -33.41024857873314)
PB1617,PB1617,Bolivia / esq. Santa Adela,POINT(-70.6203890038511 -33.40044399573824)
PB1259,PB1259,Bolivia / esq. Duque de Kent,POINT(-70.62138299933048 -33.401792997574034)
PB1726,PB1726,Bolivia / esq. Colombia,POINT(-70.62263792397297 -33.403504804318146)
PB1260,PB1260,Venezuela / esq. Las Canteras,POINT(-70.62284800025937 -33.40487899679451)
PB1261,PB1261,Reina de Chile / esq. Lircay,POINT(-70.62395693124066 -33.40556216207607)
PB1262,PB1262,Lircay / esq. Cataluña,POINT(-70.62794899763304 -33.40528900342116)
PB1263,PB1263,Lircay / esq. Avenida Las Torres,POINT(-70.63110799667555 -33.405364996482)
PB1264,PB1264,Avenida Einstein / esq. Avenida El Salto,POINT(-70.63289300455658 -33.40613900370574)
PB1577,PB1577,Avenida Einstein / esq. Aurelio Díaz Meza,POINT(-70.6349138581971 -33.40620408371485)
PB1266,PB1266,Avenida Einstein / esq. Albano,POINT(-70.63881344863319 -33.406285844423536)
PB1267,PB1267,Coronel del Canto / esq. Lircay,POINT(-70.64096899475835 -33.40604500234222)
PB1268,PB1268,Parada 5 / (M) Einstein,POINT(-70.64285634427459 -33.405612627076884)
PB1949,PB1949,Parada 2 / Gral. de La.Lastra - Independencia,POINT(-70.65356540260787 -33.42879818035284)
PA48,PA48,Parada 1 / Estación Mapocho,POINT(-70.65333931090555 -33.432593700425834)
PB1600,PB1600,Lircay / esq. Coronel del Canto,POINT(-70.64123597282268 -33.40574096177265)
PB1284,PB1284,Lircay / esq. Albano,POINT(-70.63922881097835 -33.405675055287055)
PB1599,PB1599,Lircay / esq. Aurelio Díaz Meza,POINT(-70.63622149971638 -33.405598125536464)
PB1285,PB1285,Lircay / esq. Avenida El Salto,POINT(-70.63341400302255 -33.40552099886469)
PB1286,PB1286,Lircay / esq. Avenida Las Torres,POINT(-70.63180000171067 -33.40544799955539)
PB1287,PB1287,Lircay / esq. Jardín,POINT(-70.62795351526512 -33.40551501600105)
PB1288,PB1288,Lircay / esq. Reina de Chile,POINT(-70.62466086981107 -33.40535076205461)
PB50,PB50,Reina de Chile / esq. Las Canteras,POINT(-70.62354710531915 -33.406018020383385)
PB1,PB1,Venezuela / esq. Bolivia,POINT(-70.6230951481354 -33.404559985574444)
PB1727,PB1727,Bolivia / esq. Bomb. R. Cornejo N,POINT(-70.62217199589156 -33.403025998935576)
PB1289,PB1289,Bolivia / esq. Duque de Kent,POINT(-70.62148800310553 -33.402095002788606)
PC1090,PC1090,Parada 11 / (M) Escuela Militar,POINT(-70.58453691990974 -33.41406990969186)
PD1375,PD1375,Av. Américo Vespucio / esq. Las Luciérnagas,POINT(-70.57464622853738 -33.43245356803956)
PD184,PD184,Parada 3 / (M) Príncipe de Gales,POINT(-70.57389499664772 -33.437150003875395)
PD1652,PD1652,M. Sánchez Fontecilla / esq. Av. Las Parcelas,POINT(-70.55201521081854 -33.470112425840995)
PC674,PC674,Av. Padre Hurtado / esq. Inca de Oro,POINT(-70.53778199991118 -33.422911003695475)
PC675,PC675,Av. Padre Hurtado-Sur / esq. Patricia,POINT(-70.53769799996661 -33.420911999281635)
PC676,PC676,Av. Padre Hurtado / esq. Puquios,POINT(-70.53802699816173 -33.4187709997898)
PC677,PC677,Parada 4 / Parque Gandarillas,POINT(-70.5387519358238 -33.41660608553142)
PC678,PC678,Av. Padre Hurtado-Sur / esq. Río Guadiana,POINT(-70.54036499453163 -33.41335500193351)
PC1134,PC1134,Av. Padre Hurtado-Sur / esq. Monroe,POINT(-70.54136388444044 -33.41127765748865)
PC679,PC679,Av. Padre Hurtado-Sur / esq. Patagonia,POINT(-70.54196944586133 -33.40971654344017)
PC139,PC139,Av. Padre Hurtado / esq. Paraná,POINT(-70.54380699526754 -33.40473900216437)
PC140,PC140,Av. Padre Hurtado / esq. Bocaccio,POINT(-70.54430599599584 -33.4011280003718)
PC1326,PC1326,Nueva Costanera / esq. Rodrigo de Quiroga,POINT(-70.5985395830723 -33.40446553553666)
PC641,PC641,Nueva Costanera / esq. Pedro de Villagra,POINT(-70.59795800043165 -33.40039599866822)
PC118,PC118,Av. Padre Hurtado / esq. Bocaccio,POINT(-70.54451000355265 -33.40050800036459)
PC119,PC119,Av. Padre Hurtado / esq. Edimburgo,POINT(-70.54440199906512 -33.402292003741195)
PC120,PC120,Av. Padre Hurtado / esq. Paraná,POINT(-70.54402299497244 -33.40435799719711)
PC1067,PC1067,Parada 4 / (M) Los Dominicos,POINT(-70.54517800198053 -33.4084249951942)
PC662,PC662,Av. Padre Hurtado-Sur / esq. Círculo Apolo,POINT(-70.54190758668172 -33.410228507312866)
PC663,PC663,Av. Padre Hurtado-Sur / esq. Río Guadiana,POINT(-70.54080100247616 -33.412975003730054)
PC664,PC664,Parada 3 / Parque Gandarillas,POINT(-70.53917600010637 -33.41617200386797)
PC665,PC665,Av. Padre Hurtado-Sur / esq. A. de Camargo,POINT(-70.53784299918226 -33.420550003332444)
PC1061,PC1061,Av. Padre Hurtado-Sur / esq. Alejandro Fleming,POINT(-70.53795204877765 -33.42307095705092)
PC752,PC752,Av. Manquehue Sur / esq. María Teresa,POINT(-70.56662399792253 -33.41108699961407)
PC106,PC106,Av. Manquehue Sur / esq. Martín de Zamora,POINT(-70.5656789982457 -33.41443800108702)
PC107,PC107,Av. Manquehue Sur / esq. Av. Cristóbal Colón,POINT(-70.56510100455434 -33.41636200307354)
PC108,PC108,Av. Manquehue Sur / esq. A. de Camargo,POINT(-70.56455899921875 -33.42066099531821)
PC109,PC109,Av. Manquehue Sur / esq. Av.Isabel La Católica,POINT(-70.56441199753567 -33.42467300375475)
PC110,PC110,Av. Manquehue Sur / esq. Latadia,POINT(-70.56425400064117 -33.42703899731004)
PC111,PC111,Av. Manquehue Sur / esq. Av. Francisco Bilbao,POINT(-70.56514097910343 -33.43063168469605)
PC89,PC89,Av. Manquehue Sur / esq. Paqueta,POINT(-70.56459722417284 -33.429508213762865)
PC90,PC90,Av. Manquehue Sur / esq. Latadia,POINT(-70.56409199492369 -33.4274719952701)
PC91,PC91,Av. Manquehue Sur / esq. Av.Isabel La Católica,POINT(-70.5636864931627 -33.42587307347387)
PC92,PC92,Av. Manquehue Sur / esq. A. de Camargo,POINT(-70.56420100422866 -33.42122000044578)
PC93,PC93,Av. Manquehue Sur / esq. Av. Cristóbal Colón,POINT(-70.56453800177744 -33.416875996671074)
PC94,PC94,Av. Manquehue Sur / esq. Martín de Zamora,POINT(-70.56513499975873 -33.415004001216694)
PC95,PC95,Av. Manquehue Sur / esq. El Director,POINT(-70.56576499481801 -33.41286700317275)
PC1254,PC1254,Av. Manquehue Sur / esq. Avenida Apoquindo,POINT(-70.56692013282591 -33.409027188895536)
PC96,PC96,Av. Manquehue Norte / esq. Los Militares,POINT(-70.56838599768226 -33.40542699637321)
PC126,PC126,Avenida Tomás Moro / esq. Alejandro Fleming,POINT(-70.55410400207045 -33.42517499849469)
PC728,PC728,Avenida Tomás Moro / esq. Mallalil,POINT(-70.55416800343335 -33.429518001737804)
PC1034,PC1034,Parada 2 / Rotonda Atenas,POINT(-70.55279700167043 -33.41858999839258)
PC729,PC729,Chesterton / esq. Rafael Sanzio,POINT(-70.55007500048995 -33.404993999723416)
PC730,PC730,Chesterton / esq. Brunellesco,POINT(-70.54884096161983 -33.40270097926321)
PC731,PC731,Chesterton / esq. Bocaccio,POINT(-70.54764700215794 -33.400677999395164)
PB48,PB48,Reina de Chile / esq. Pasaje Progreso,POINT(-70.62862600236917 -33.40222299675797)
PB49,PB49,Reina de Chile / esq. Marqués de Montepío,POINT(-70.6265701510987 -33.40380562644456)
PB1730,PB1730,Lircay / esq. Marqués de Montepío,POINT(-70.62638785959471 -33.40527467061884)
PB1638,PB1638,Avenida México / esq. Comandante Veliz,POINT(-70.63322952050622 -33.40882580624791)
PB1292,PB1292,Avenida México / esq. Adrian Miranda,POINT(-70.63168099425845 -33.40934199586348)
PB1293,PB1293,Avenida México / esq. 6 Norte,POINT(-70.62877099702683 -33.41019500313682)
PB154,PB154,Avenida Perú / esq. La Virgen,POINT(-70.64004499605522 -33.42481700227907)
PB155,PB155,Avenida Perú / esq. Dominica,POINT(-70.64018393317521 -33.426973856139746)
PB156,PB156,Purísima / esq. Santa Filomena,POINT(-70.63805277091366 -33.43026309571355)
PB157,PB157,Purísima / esq. A. López de Bello,POINT(-70.63846300033488 -33.431865998043456)
PB158,PB158,Parada 1 / Puente Purísima,POINT(-70.63874099774995 -33.434291995607914)
PA698,PA698,Parada 2 / Parque Forestal,POINT(-70.63926733831613 -33.43632695818729)
PB1299,PB1299,Loreto / esq. A. López de Bello,POINT(-70.6420702882793 -33.431474286596995)
PB1300,PB1300,Loreto / esq. Los Vecinos,POINT(-70.64179499891452 -33.42956700203332)
PB1301,PB1301,Avenida Perú / esq. Los Tolomiros,POINT(-70.63990590796588 -33.42698624482866)
PB1305,PB1305,Arzobispo Valdivieso / esq. 8 Norte,POINT(-70.6277389997582 -33.411261991340474)
PB1306,PB1306,Avenida México / esq. 6 Norte,POINT(-70.62791499610508 -33.41034499669587)
PB1307,PB1307,Avenida México / esq. Río Maule,POINT(-70.63003299518677 -33.40972299918673)
PB1308,PB1308,Avenida México / esq. Estudiante Navarro,POINT(-70.63220800269542 -33.40907600157304)
PB1309,PB1309,Avenida México / esq. Avenida El Salto,POINT(-70.63468501526467 -33.40806797805128)
PB864,PB864,Artesanos / esq. Avenida La Paz,POINT(-70.65125986936967 -33.4311894533261)
PB1635,PB1635,El Salto Chico / esq. Schlack,POINT(-70.64321800290232 -33.41784100177275)
PB762,PB762,El Salto Chico / esq. Unión,POINT(-70.6424400020865 -33.416546999109855)
PB851,PB851,Barón de Juras R. / esq. Roma,POINT(-70.67707957271432 -33.40035243037552)
PB852,PB852,Barón de Juras R. / esq. Reina María,POINT(-70.67569600211567 -33.40283399693042)
PB853,PB853,Las Araucarias / esq. Cnel. Alvarado,POINT(-70.6745708488918 -33.40506535667584)
PB854,PB854,Parada / Escuela Luis Galdames,POINT(-70.67267799948117 -33.40668499943909)
PB855,PB855,Altamirano / esq. Av. Fermín Vivaceta,POINT(-70.6680783755969 -33.407027100404896)
PB856,PB856,Av. Fermín Vivaceta / esq. Nueva de Matte,POINT(-70.66707900182085 -33.4086890034904)
PB857,PB857,Av. Fermín Vivaceta / esq. Juliet,POINT(-70.6658688720876 -33.411469208282526)
PB858,PB858,Av. Fermín Vivaceta / esq. Padre Las Casas,POINT(-70.66513714707767 -33.41355811440182)
PB859,PB859,Av. Fermín Vivaceta / esq. Dgo. Santa María,POINT(-70.66443910301396 -33.41545602625456)
PB860,PB860,Av. Fermín Vivaceta / esq. El Molino,POINT(-70.66365600265726 -33.41814400193516)
PB1865,PB1865,Av. Fermín Vivaceta / esq. Gamero,POINT(-70.66299900149102 -33.421446995362004)
PB862,PB862,Av. Fermín Vivaceta / esq. Los Angeles,POINT(-70.6619490019065 -33.42435200064083)
PB863,PB863,Av. Fermín Vivaceta / esq. Rivera,POINT(-70.66115388477061 -33.42668388158899)
PB671,PB671,Parada 6 / Recoleta Franciscana,POINT(-70.64751499579656 -33.43223199816843)
PB868,PB868,A. López de Alcázar / esq. Rivera,POINT(-70.65742800145215 -33.426281001684515)
PB869,PB869,Rivera / esq. Av. Fermín Vivaceta,POINT(-70.66081144406301 -33.42668906356789)
PB870,PB870,Av. Fermín Vivaceta / esq. Retiro,POINT(-70.66186111046736 -33.42429710297065)
PB871,PB871,Av. Fermín Vivaceta / esq. Gamero,POINT(-70.66275292722894 -33.42179548683972)
PB902,PB902,Av. Fermín Vivaceta / esq. Bezanilla,POINT(-70.66359368516507 -33.4179467877646)
PB872,PB872,Av. Fermín Vivaceta / esq. Dgo. Santa María,POINT(-70.66416895963377 -33.415780719601955)
PB873,PB873,Av. Fermín Vivaceta / esq. Central,POINT(-70.66492883056618 -33.413807136687)
PB874,PB874,Av. Fermín Vivaceta / esq. Francia,POINT(-70.6656672745839 -33.411738053857164)
PB875,PB875,Av. Fermín Vivaceta / esq. Nueva de Matte,POINT(-70.66674195283977 -33.409126346813395)
PB876,PB876,Av. Fermín Vivaceta / esq. Altamirano,POINT(-70.66769499920147 -33.40708500320829)
PB877,PB877,Las Enredaderas / esq. Los Marroquíes,POINT(-70.66975075061563 -33.40614055927496)
PB878,PB878,Las Enredaderas / esq. Luis Galdames,POINT(-70.67221451101878 -33.406259868958315)
PB879,PB879,Luis Galdames / esq. Cnel. Alvarado,POINT(-70.67392200050489 -33.40530499977057)
PB880,PB880,Las Araucarias / esq. Reina María,POINT(-70.67548200157077 -33.40303500072006)
PB882,PB882,Barón de Juras R. / esq. Roma,POINT(-70.67672600654129 -33.400643278054616)
PD279,PD279,Parada / Paseo Quilín,POINT(-70.57947245942971 -33.48547543831886)
PD283,PD283,Av. Américo Vespucio / esq. Mar Tirreno,POINT(-70.57919704940875 -33.48393704105297)
PD175,PD175,Parada 2 / (M) Los Presidentes,POINT(-70.57824100379679 -33.47936000218909)
PD281,PD281,Av. Américo Vespucio / esq. El Litoral,POINT(-70.57708199588421 -33.473862002095785)
PD282,PD282,Av. Américo Vespucio / esq. El Lago,POINT(-70.57672700221529 -33.4721199999233)
PD176,PD176,Parada 3 / (M) Grecia,POINT(-70.57634054322894 -33.47066704651859)
PD284,PD284,Av. Américo Vespucio / esq. Nueva,POINT(-70.57539599779246 -33.46727900366605)
PD285,PD285,Av. Américo Vespucio / esq. Alonso de Berríos,POINT(-70.57468999762186 -33.465400001201616)
PD177,PD177,Parada 2 / (M) Los.Orientales,POINT(-70.57361604221032 -33.46301848228144)
PD218,PD218,Av. Américo Vespucio / esq. Dublé Almeyda,POINT(-70.57261873188048 -33.46031810039409)
PD219,PD219,Av. Américo Vespucio / esq. Av. José Arrieta,POINT(-70.57216899638676 -33.45932099915694)
PD178,PD178,Parada 1 / (M) Plaza Egaña,POINT(-70.57056999567803 -33.45293699659021)
PD221,PD221,Avenida Ossa / esq. Dr. G. Benavides,POINT(-70.57117318930192 -33.44957202557628)
PD222,PD222,Avenida Ossa / esq. Guillermo Tell,POINT(-70.57166299546019 -33.446712002828626)
PD180,PD180,Parada 2 / (M) Simón Bolívar,POINT(-70.57187587906853 -33.4456046054364)
PD223,PD223,Avenida Ossa / esq. Sn. Vicente de Paul,POINT(-70.57215300000296 -33.44404400352032)
PD179,PD179,Parada 4 / (M) Príncipe de Gales,POINT(-70.57258400183524 -33.44157299935001)
PD1116,PD1116,Parada 2 / (M) Príncipe de Gales,POINT(-70.5728260034096 -33.440067997345615)
PD185,PD185,Parada 1 / (M) Príncipe de Gales,POINT(-70.57334100096347 -33.439023996181945)
PD226,PD226,Avenida Ossa / esq. Emilia Téllez,POINT(-70.57294199722944 -33.44120399775674)
PD227,PD227,Avenida Ossa / esq. Avenida Pucará,POINT(-70.57248500421305 -33.44387099576073)
PD186,PD186,Parada 1 / (M) Simón Bolívar,POINT(-70.57215400350103 -33.445763003948535)
PD228,PD228,Avenida Ossa / esq. Av. Simón Bolivar,POINT(-70.57182400270283 -33.44770100106238)
PD229,PD229,Avenida Ossa / esq. Estrella Solitaria,POINT(-70.57139199986797 -33.45018399930214)
PD187,PD187,Parada 6 / (M) Plaza Egaña,POINT(-70.57097353358658 -33.45293497649248)
PD230,PD230,Av. Américo Vespucio / esq. Nuncio Laghi,POINT(-70.57171400329345 -33.4566309976281)
PD231,PD231,Av. Américo Vespucio / esq. Av. Diagonal-Oriente,POINT(-70.57235796352947 -33.45867093893988)
PD188,PD188,Parada 1 / (M) Los.Orientales,POINT(-70.57391724084121 -33.46214883192247)
PD189,PD189,Parada 1 / (M) Grecia,POINT(-70.57638899711328 -33.46859200263606)
PI1840,PI1840,General Amengual / esq. Callejón Ugarte,POINT(-70.69544628624915 -33.46263743067893)
PE1292,PE1292,Av. Departamental / esq. Avenida La Florida,POINT(-70.58930595089448 -33.51091440170116)
PE33,PE33,Calle A / esq. Av. Departamental,POINT(-70.58638700034376 -33.510425002584604)
PI1793,PI1793,General Amengual / esq. Guernica,POINT(-70.69649540540492 -33.45876438978687)
PC37,PC37,Parada 8 / (M) Los Leones,POINT(-70.60802000475213 -33.42063100342361)
PD53,PD53,General Artigas / esq. Hernán Cortés,POINT(-70.5991778237557 -33.44552533902912)
PD61,PD61,Parada / UTEM Macul,POINT(-70.5985030039256 -33.466341003676355)
PD62,PD62,Av. José P. Alessandri / esq. Las Encinas,POINT(-70.59862699633152 -33.46890300409493)
PD63,PD63,Av. José P. Alessandri / esq. Los Alerces,POINT(-70.59874293694322 -33.47079581344262)
PD64,PD64,Parada 1 / Colegio San Marcos,POINT(-70.598860004591 -33.473500002465094)
PD65,PD65,Avenida Macul / esq. Los Espinos,POINT(-70.599000026181 -33.476270367870505)
PD66,PD66,Avenida Macul / esq. Los Olmos,POINT(-70.59915500224628 -33.479023999274915)
PD67,PD67,Parada 1 / Municipalidad de Macul,POINT(-70.59930400383008 -33.48198700283712)
PD68,PD68,Parada 1 / Punta de Rieles,POINT(-70.59946790866627 -33.48502107486663)
PD1449,PD1449,Avenida Macul / esq. Santa Cristina,POINT(-70.5996638906605 -33.48740543255118)
PD69,PD69,Avenida Macul / esq. Av. Escuela Agrícola,POINT(-70.59974886823944 -33.48988767278914)
PD77,PD77,Suecia / esq. Luis Uribe,POINT(-70.6004692117271 -33.4505290015752)
PD1428,PD1428,Avenida Macul / esq. Nicanor Molinare,POINT(-70.59957777914997 -33.49068598859811)
PD90,PD90,Avenida Macul / esq. Santa Cristina,POINT(-70.5993944404574 -33.48769433989096)
PD91,PD91,Parada 2 / Punta de Rieles,POINT(-70.59928473537477 -33.485607301337865)
PD92,PD92,Parada 2 / Municipalidad de Macul,POINT(-70.5991060017704 -33.482356999647855)
PD93,PD93,Avenida Macul / esq. Los Olmos,POINT(-70.59895800241426 -33.47966199772184)
PD94,PD94,Avenida Macul / esq. Los Espinos,POINT(-70.59881399915375 -33.4769049961218)
PD95,PD95,Parada 2 / Colegio San Marcos,POINT(-70.59863701475807 -33.4739487803431)
PD96,PD96,Av. José P. Alessandri / esq. Los Alerces,POINT(-70.59853751061392 -33.471126612584236)
PD97,PD97,Av. José P. Alessandri / esq. Las Encinas,POINT(-70.5984330010944 -33.46922499805626)
PD98,PD98,Parada / UTEM Macul,POINT(-70.59832045041499 -33.46702337507647)
PD99,PD99,Parada 6 / Pedagógico,POINT(-70.59820954612208 -33.465044058519155)
PD100,PD100,Parada / UMCE,POINT(-70.59802894175513 -33.46188723394399)
PD101,PD101,Av. José P. Alessandri / esq. Av. Castillo Velasco,POINT(-70.59790938447631 -33.45932396415459)
PD235,PD235,Parada 6 / (M) Chile España,POINT(-70.59769149781657 -33.4557928508943)
PD103,PD103,Parada 1 / (M) Chile España,POINT(-70.59823799563988 -33.454475000456114)
PD104,PD104,Chile España / esq. Alonso de Ercilla,POINT(-70.59819800238644 -33.452071995122495)
PD237,PD237,Chile España / esq. Av. Simón Bolívar,POINT(-70.59774886059932 -33.44941840359846)
PD106,PD106,General Artigas / esq. Hernán Cortés,POINT(-70.59880700147723 -33.4465829951485)
PC29,PC29,Avenida Los Leones / esq. Av. Diego de Almagro,POINT(-70.5995019991769 -33.441743003117615)
PC30,PC30,Avenida Los Leones / esq. Bustos,POINT(-70.60010900031133 -33.43942599590479)
PC31,PC31,Avenida Los Leones / esq. Av. Francisco Bilbao,POINT(-70.60073499519214 -33.437154995366)
PC32,PC32,Avenida Los Leones / esq. Avenida Pocuro,POINT(-70.60149291697545 -33.434155696947066)
PC33,PC33,Avenida Los Leones / esq. Av. Eliodoro Yáñez,POINT(-70.6026339588827 -33.4301368413435)
PC34,PC34,Avenida Los Leones / esq. Carlos Antúnez,POINT(-70.60340000312239 -33.42727500034384)
PC35,PC35,Avenida Los Leones / esq. Lota,POINT(-70.60429197946819 -33.423893799090614)
PC36,PC36,Parada / Liceo Tajamar,POINT(-70.60507499828567 -33.4217329952985)
PA177,PA177,Parada 4 / (M) Irarrázaval,POINT(-70.63005780593159 -33.45513560103179)
PA823,PA823,Av. Vicuña Mackenna / esq. Victoria,POINT(-70.62895997480778 -33.45856247584872)
PA181,PA181,Parada 1 / (M) Ñuble,POINT(-70.62662194368653 -33.467076054209734)
PH209,PH209,Parada 1 / (M) Rodrigo de Araya,POINT(-70.62208031730736 -33.47882251112911)
PD1612,PD1612,Parada 1 / (M) Carlos Valdovinos,POINT(-70.61873950445884 -33.486876034925636)
PH212,PH212,Parada 1 / (M) Camino Agrícola,POINT(-70.61775446917689 -33.491086896368216)
PH217,PH217,Parada 5 / (M) Pedrero,POINT(-70.61305960570894 -33.50895914504862)
PE1499,PE1499,Av. Vicuña Mackenna / esq. El Manzano,POINT(-70.61096550438833 -33.510979429674066)
PE121,PE121,Parada / Paradero 10 Av.Vicuña Mackenna,POINT(-70.60907764533673 -33.51309620111071)
PE1490,PE1490,Parada 1 / (M) Bellavista de La Florida,POINT(-70.60015197680724 -33.519382847249084)
PE156,PE156,Parada 2 / (M) Mirador,POINT(-70.60692640729823 -33.51261911025249)
PE1498,PE1498,Parada 8 / (M) Pedrero,POINT(-70.61112464272999 -33.50911058520462)
PD198,PD198,Parada 2 / (M) Camino Agrícola,POINT(-70.61739578985222 -33.49205653200928)
PD200,PD200,Parada 3 / (M) Carlos Valdovinos,POINT(-70.61882102982331 -33.48639880604952)
PD202,PD202,Parada 2 / (M) Rodrigo de Araya,POINT(-70.62206999554527 -33.47843621392896)
PD206,PD206,Av. Vicuña Mackenna / esq. Santa Elvira,POINT(-70.62870257538475 -33.45934837381314)
PD1607,PD1607,Parada 1 / (M) Irarrázaval,POINT(-70.62970829246139 -33.456005157519364)
PE1282,PE1282,Parada / EIM Bellavista de La Florida,POINT(-70.59836939218239 -33.519526531653774)
PE494,PE494,Froilán Roa / esq. Nagasaki,POINT(-70.59247291976122 -33.51905980453928)
PE1484,PE1484,Av. Américo Vespucio / esq. Froilán Roa,POINT(-70.59476202188844 -33.518413291808116)
PE155,PE155,Parada / Paradero 11 Av.Vicuña Mackenna,POINT(-70.60391219255008 -33.51495873536406)
PE157,PE157,Parada 2 / Mall Florida Center,POINT(-70.60874005532943 -33.511143629562895)
PD201,PD201,Av. Vicuña Mackenna / esq. Domingo Arteaga,POINT(-70.62093237845566 -33.48236980366102)
PD1608,PD1608,Parada 2 / Paradero 2 Av.Vicuña Mackenna,POINT(-70.62289019482452 -33.475346370646456)
PD203,PD203,Parada 2 / Paradero 1 Av.Vicuña Mackenna,POINT(-70.62364406154045 -33.47243000015075)
PD205,PD205,Av. Vicuña Mackenna / esq. Miguel León Prado,POINT(-70.6273809468279 -33.464024752179284)
PA176,PA176,Parada 6 / (M) Irarrázaval,POINT(-70.63064298754283 -33.45283212202195)
PA179,PA179,Av. Vicuña Mackenna / esq. Maule,POINT(-70.62777646839508 -33.462591244933925)
PH207,PH207,Parada 1 / Paradero 1 Av.Vicuña Mackenna,POINT(-70.62401615084545 -33.47135041812811)
PH208,PH208,Parada 1 / Paradero 2 Av.Vicuña Mackenna,POINT(-70.62301158389282 -33.47543306958768)
PH210,PH210,Av. Vicuña Mackenna / esq. Schubert,POINT(-70.6213369184552 -33.481520492431855)
PB1503,PB1503,El Guanaco / esq. Pablo Urzua,POINT(-70.65830699834095 -33.40029499877836)
PB1566,PB1566,El Guanaco / esq. Avenida Einstein,POINT(-70.65781615248302 -33.4025080207614)
PB1568,PB1568,El Guanaco / esq. Muñoz Gamero,POINT(-70.65804166089329 -33.400841546105696)
PB1123,PB1123,Av. Fermín Vivaceta / esq. Reina María,POINT(-70.6715090027179 -33.40128299673426)
PB1124,PB1124,Av. Fermín Vivaceta / esq. Cnel. Alvarado,POINT(-70.66983083802616 -33.403897629438475)
PB1866,PB1866,Av. Fermín Vivaceta / esq. Walter Lihn,POINT(-70.66286928530424 -33.42041677507334)
PB1129,PB1129,Av. Fermín Vivaceta / esq. Cnel. Alvarado,POINT(-70.66924499691524 -33.40419199764035)
PB1130,PB1130,Av. Fermín Vivaceta / esq. David Arellano,POINT(-70.67153199944168 -33.40092699719657)
PB1471,PB1471,Bajos de Jiménez / esq. 14 de la Fama,POINT(-70.68112968444986 -33.402649165807674)
PB1745,PB1745,Bajos de Jiménez / esq. Tacora,POINT(-70.68041250193593 -33.40350368597055)
PB2035,PB2035,Bravo de Saravia / esq. Nueva Uno,POINT(-70.67716999963292 -33.40712529067865)
PB1472,PB1472,Nueva de Matte / esq. Las Cañas,POINT(-70.67508577187262 -33.40878106905079)
PB1473,PB1473,Nueva de Matte / esq. Pantaleón Cortés,POINT(-70.67354199968493 -33.40880999679556)
PB1474,PB1474,Nueva de Matte / esq. Dr. V. Izquierdo,POINT(-70.67027801706456 -33.408841997596355)
PB1475,PB1475,Nueva de Matte / esq. Av. Fermín Vivaceta,POINT(-70.66706399684136 -33.40893299604972)
PB1627,PB1627,Nueva de Matte / esq. Freirina,POINT(-70.66458096124616 -33.409200917244526)
PB1476,PB1476,Nueva de Matte / esq. Huasco,POINT(-70.66272852377669 -33.40942007075973)
PA306,PA306,Parada / Parque de los Reyes,POINT(-70.6686218811012 -33.42932447741137)
PA327,PA327,Parada 4 / Puente Bulnes,POINT(-70.671493004242 -33.428331995167014)
PJ1566,PJ1566,Av. Pdte. Balmaceda / esq. Cueto,POINT(-70.67356900151447 -33.427630016775076)
PJ1562,PJ1562,Parada / Parque de la Familia,POINT(-70.67778589500544 -33.426679778128914)
PJ1565,PJ1565,Avenida Matucana / esq. Chañarcillo,POINT(-70.68075600002888 -33.43021099737254)
PJ1551,PJ1551,Avenida Matucana / esq. Avenida Mapocho,POINT(-70.68066597949183 -33.43246997280936)
PA696,PA696,Avenida Matucana / esq. Andes,POINT(-70.6803554471679 -33.43403712802079)
PB1647,PB1647,Nueva de Matte / esq. Maruri,POINT(-70.66039819809266 -33.409596075416815)
PB1478,PB1478,Nueva de Matte / esq. Huasco,POINT(-70.66244800126783 -33.40936200153912)
PB1628,PB1628,Nueva de Matte / esq. Freirina,POINT(-70.66418465810085 -33.40918495183668)
PB1479,PB1479,Nueva de Matte / esq. Av. Fermín Vivaceta,POINT(-70.66659200343437 -33.40889499585344)
PB1480,PB1480,Nueva de Matte / esq. Dr. V. Izquierdo,POINT(-70.66994367088726 -33.40867030052457)
PB1481,PB1481,Nueva de Matte / esq. Pantaleón Cortés,POINT(-70.67323500337923 -33.40872299992268)
PB1482,PB1482,Nueva de Matte / esq. Nueva 1,POINT(-70.67668499671507 -33.40883000266983)
PB1464,PB1464,Reina María / esq. Ecuador,POINT(-70.67907399569812 -33.40428900273237)
PB1465,PB1465,Reina María / esq. Las Araucarias,POINT(-70.67569100117068 -33.40303999650062)
PD709,PD709,Avenida Simón Bolívar / esq. María Barrientos,POINT(-70.5705839997092 -33.44797699647104)
PD710,PD710,Avenida Simón Bolívar / esq. Lynch Norte,POINT(-70.56634899740325 -33.44748199735323)
PD711,PD711,Avenida Simón Bolívar / esq. Avenida Tobalaba,POINT(-70.56444285857096 -33.44723911259481)
PD746,PD746,Carlos Ossandón / esq. José Zapiola Cortez,POINT(-70.54374699788954 -33.44900700182291)
PD747,PD747,Carlos Ossandón / esq. Simón González,POINT(-70.54355900398876 -33.446392003881805)
PD748,PD748,Carlos Ossandón / esq. Av. Simón Bolivar,POINT(-70.54343100424852 -33.44457600370268)
PD749,PD749,Parada 4 / Plaza Ossandón,POINT(-70.54330299987096 -33.442943997092634)
PD1675,PD1675,Av. Las Perdices / esq. V. Llanos,POINT(-70.53207315133001 -33.44367498642116)
PD1674,PD1674,Av. Las Perdices / esq. V. Llanos,POINT(-70.53211284259206 -33.44348510831021)
PD1633,PD1633,Av.Príncipe de Gales / esq. Av. P. Hurtado-Sur,POINT(-70.53509060808135 -33.44153637084887)
PD301,PD301,Avenida Larrain / esq. Pedro de Oña,POINT(-70.54762506495513 -33.45074902274729)
PD776,PD776,Crescente Errázuriz / esq. San Eugenio,POINT(-70.62655743731985 -33.45725805056733)
PD797,PD797,Los Baqueanos / esq. Valle Hermoso,POINT(-70.5321689994403 -33.47349199519682)
PD1450,PD1450,Av. Las Parcelas / esq. Nueva,POINT(-70.54933958840886 -33.47004742350395)
PD804,PD804,Javiera Carrera Sur / esq. Fco. de Villagra,POINT(-70.5668138103727 -33.45922006522696)
PD805,PD805,Javiera Carrera Sur / esq. Blest Gana,POINT(-70.5665439958287 -33.45566400151205)
PD806,PD806,Javiera Carrera Sur / esq. Avenida Larraín,POINT(-70.56687599732831 -33.45358299752055)
PA491,PA491,Avenida 10 de Julio / esq. San Francisco,POINT(-70.64606900120926 -33.45361000078398)
PA492,PA492,Avenida 10 de Julio / esq. San Diego,POINT(-70.64970400337526 -33.45401599809553)
PA494,PA494,Parada 4 / (M) Toesca,POINT(-70.65677899544166 -33.453422000008196)
PA54,PA54,Santa Isabel / esq. Lord Cochrane,POINT(-70.65465273448852 -33.452987702300625)
PA478,PA478,Copiapó / esq. San Diego,POINT(-70.65073834172888 -33.455629478926134)
PA479,PA479,Copiapó / esq. Serrano,POINT(-70.64729500554436 -33.455134012409054)
PA480,PA480,Copiapó / esq. Av. Santa Rosa,POINT(-70.64418899696464 -33.45453299812586)
PA481,PA481,Copiapó / esq. Carmen,POINT(-70.64076800140052 -33.45390700004623)
PA482,PA482,Copiapó / esq. Lira,POINT(-70.63798500463015 -33.45352000195216)
PA483,PA483,Copiapó / esq. Avenida Portugal,POINT(-70.63445600167526 -33.452780001643326)
PA615,PA615,Fray Camilo Henríquez / esq. Av. 10 de Julio,POINT(-70.63324096443266 -33.451842135726096)
PD1360,PD1360,Parada 7 / (M) Plaza Egaña,POINT(-70.56916996135769 -33.45349397202187)
PD785,PD785,Paula Jaraquemada / esq. Blest Gana,POINT(-70.56826300098524 -33.45519700057313)
PD786,PD786,Paula Jaraquemada / esq. Fco. de Villagra,POINT(-70.56806600035793 -33.45722300097354)
PD787,PD787,Paula Jaraquemada / esq. Av. José Arrieta,POINT(-70.56914100410467 -33.45984199624242)
PD788,PD788,Cruz Almeyda / esq. Avenida Oriental,POINT(-70.57027099718292 -33.46299399947989)
PD789,PD789,Avenida Oriental / esq. Manuel Carvallo,POINT(-70.56856000438276 -33.46377799654443)
PD790,PD790,Avenida Oriental / esq. Los Molineros,POINT(-70.56650800274387 -33.46430099649042)
PD791,PD791,Avenida Oriental / esq. Parque 1,POINT(-70.56392899800765 -33.4657209980771)
PD792,PD792,Avenida Oriental / esq. Ictinos,POINT(-70.56112699837807 -33.466960998699925)
PD1451,PD1451,Av. Las Parcelas / esq. Nueva,POINT(-70.54948667313005 -33.470113132387525)
PD287,PD287,Av. José Arrieta / esq. Pasaje Particular,POINT(-70.56590100460681 -33.4613479974087)
PD288,PD288,Av. José Arrieta / esq. Calle 141-A,POINT(-70.56265199539133 -33.462452999530214)
PD289,PD289,Av. José Arrieta / esq. Ictinos,POINT(-70.56003588555043 -33.46262784121906)
PD290,PD290,Av. José Arrieta / esq. Bramante,POINT(-70.55796300116401 -33.462656998699025)
PD291,PD291,Av. José Arrieta / esq. Diego Rojas,POINT(-70.55658297928049 -33.46267711535323)
PD292,PD292,Av. José Arrieta / esq. Calle 132,POINT(-70.55469899791169 -33.46267900003687)
PD293,PD293,Av. José Arrieta / esq. Avenida Tobalaba,POINT(-70.55192900374905 -33.462713002075944)
PD923,PD923,Antupirén / esq. El Acueducto,POINT(-70.5389289944693 -33.48190700235633)
PD924,PD924,Antupirén / esq. Ricardo Grellet,POINT(-70.54237799839777 -33.48038999959244)
PD925,PD925,Antupirén / esq. Av. Consistorial,POINT(-70.54488500083787 -33.479305998266625)
PD926,PD926,Consistorial / esq. Avenida El valle,POINT(-70.54648299605775 -33.48308200198255)
PD927,PD927,Consistorial / esq. Francisco Otta,POINT(-70.5481770030929 -33.48519199820401)
PD928,PD928,Consistorial / esq. Av. Los Presidentes,POINT(-70.54971999544014 -33.488813001051426)
PD933,PD933,El Valle / esq. Istmo,POINT(-70.57561300441887 -33.47559400199184)
PD934,PD934,El Valle / esq. Av. A. Vespucio,POINT(-70.57727200191913 -33.47524299727387)
PD948,PD948,Avenida Marathon / esq. Avenida Quilín,POINT(-70.61308000379228 -33.485033998945916)
PA146,PA146,Parada 4 / Persa Bío Bío,POINT(-70.64189970658835 -33.47501892192058)
PA126,PA126,Carmen / esq. Franklin,POINT(-70.63570599668017 -33.47218400041234)
PH162,PH162,Carmen / esq. Pintor Cicarelli,POINT(-70.63461999767148 -33.476315003691376)
PH1642,PH1642,Parada 3 / (M) Rodrigo de Araya,POINT(-70.62239753807198 -33.47906897546417)
PD955,PD955,Avenida Marathon / esq. Los Plátanos,POINT(-70.61269899917102 -33.48348999936032)
PD956,PD956,Los Plátanos / esq. Urizar,POINT(-70.6104209985195 -33.48311200233237)
PD957,PD957,Castillo Urízar / esq. Los Olmos,POINT(-70.60983799542785 -33.47960200027707)
PD958,PD958,Castillo Urízar / esq. Los Espinos,POINT(-70.60999499604318 -33.47744800082011)
PD959,PD959,Los Espinos / esq. Av. Pedro de Valdivia,POINT(-70.60656599433618 -33.477048003087816)
PD960,PD960,Los Olmos / esq. Los 3 Antonios,POINT(-70.60467999980729 -33.479301995846434)
PD961,PD961,Los Olmos / esq. Las Dalias,POINT(-70.60314499700331 -33.47936199623832)
PD962,PD962,Los Olmos / esq. Exequiel Fernández,POINT(-70.60162600070923 -33.47942000315737)
PD963,PD963,Los Olmos / esq. Avenida Macul,POINT(-70.59932700247458 -33.479508000835594)
PD964,PD964,Los Olmos / esq. Brown Sur,POINT(-70.59560549403143 -33.47965404333378)
PD965,PD965,Los Olmos / esq. Santa Julia,POINT(-70.593084001293 -33.479742003485974)
PD1388,PD1388,Los Olmos / esq. María Etcheverry,POINT(-70.5907592884915 -33.479828540638835)
PD966,PD966,Los Olmos / esq. El Líbano,POINT(-70.58883999658045 -33.47990600364334)
PD967,PD967,Los Olmos / esq. Siria,POINT(-70.58566699727197 -33.480046003175794)
PD968,PD968,Los Olmos / esq. Ramón Cruz Montt,POINT(-70.58372800457653 -33.48013199917641)
PD969,PD969,Parada 8 / (M) Grecia,POINT(-70.57469699830594 -33.469943999266725)
PD970,PD970,Península / esq. El Lago,POINT(-70.57530599512145 -33.4718489972902)
PD971,PD971,Península / esq. El Litoral,POINT(-70.57582699554541 -33.473486002958076)
PD972,PD972,Península / esq. Avenida El Valle,POINT(-70.57625690039181 -33.47528339229816)
PD1392,PD1392,Caracas / esq. Venezuela,POINT(-70.56620599578743 -33.47909299855446)
PD977,PD977,Caracas / esq. Bolívar,POINT(-70.56674299988535 -33.48093700100104)
PD978,PD978,Caracas / esq. Av. Los Presidentes,POINT(-70.56775300056272 -33.48305000386952)
PD982,PD982,Consistorial / esq. Mar Pérsico,POINT(-70.54872757537835 -33.48643146579716)
PD983,PD983,Consistorial / esq. Avenida El valle,POINT(-70.5468110020756 -33.483765000047185)
PD984,PD984,Consistorial / esq. Antupirén,POINT(-70.54509999667583 -33.47957000040655)
PD985,PD985,Antupirén / esq. Ricardo Grellet,POINT(-70.54281600070217 -33.480373003329404)
PD986,PD986,Antupirén / esq. El Acueducto,POINT(-70.53945400294549 -33.48177299675549)
PD987,PD987,Av. Las Perdices / esq. Antupirén,POINT(-70.53591291087339 -33.482815944690316)
PD988,PD988,Av. Las Perdices / esq. Orlando Letelier,POINT(-70.53479000396125 -33.479735996363246)
PD989,PD989,Av. Las Perdices / esq. Avenida Grecia,POINT(-70.53474199878416 -33.479219998648134)
PD990,PD990,Av. Las Perdices / esq. Avenida Grecia,POINT(-70.53447399935224 -33.4779770008616)
PD991,PD991,Río Claro / esq. Los Piuquenes,POINT(-70.53404495712928 -33.4757538818898)
PD992,PD992,Río Claro / esq. Los Baqueanos,POINT(-70.53338404113913 -33.473490124793535)
PD546,PD546,Avenida Grecia / esq. Las Perdices,POINT(-70.53391800450414 -33.47780899954059)
PD993,PD993,Avenida Grecia / esq. Jacarandá,POINT(-70.53703100221965 -33.476904000933516)
PD994,PD994,Jacarandá / esq. Tagua Tagua,POINT(-70.5368550015505 -33.47496700095207)
PD995,PD995,Jacarandá / esq. Av. Las Parcelas,POINT(-70.53628300240075 -33.472916002002336)
PD999,PD999,Mamiña / esq. Salar del Carmen,POINT(-70.53485700341454 -33.456677996551534)
PD1000,PD1000,Andacollo / esq. Pasaje 4,POINT(-70.53649243687909 -33.45476304348218)
PD1001,PD1001,Andacollo / esq. Nueva Larraín,POINT(-70.53625700299895 -33.452593997021985)
PD1003,PD1003,Valenzuela Llanos / esq. C. Silva Vildósola,POINT(-70.53372099920755 -33.44083399961181)
PD1004,PD1004,Av. Padre Hurtado / esq. 23 de Febrero,POINT(-70.53643514196057 -33.43798602370829)
PD1005,PD1005,Av. Padre Hurtado / esq. V. Puelma,POINT(-70.53720554852306 -33.43514432684596)
PD1006,PD1006,Av. Padre Hurtado / esq. V. Puelma,POINT(-70.5377791686492 -33.43368117462229)
PD1377,PD1377,Eliecer Parada / esq. Mariano Sánchez F.,POINT(-70.58199100080118 -33.433288000298596)
PD1009,PD1009,Av. Padre Hurtado-Sur / esq. V. Puelma,POINT(-70.538315002581 -33.43321500156464)
PD1010,PD1010,Av. Padre Hurtado / esq. Helsby,POINT(-70.53732299625179 -33.43540099714611)
PD1011,PD1011,Av. Padre Hurtado / esq. 23 de Febrero,POINT(-70.53674199980443 -33.437475996770736)
PD1018,PD1018,Quillagua / esq. Talinay,POINT(-70.53377900233802 -33.458679003325514)
PD1020,PD1020,Av. José Arrieta / esq. Calle 1,POINT(-70.53214999595671 -33.465191979919)
PD1021,PD1021,Quebrada Camarones / esq. Valle Hermoso,POINT(-70.53388290267702 -33.466616749364285)
PD1024,PD1024,Jacarandá / esq. Tagua Tagua,POINT(-70.53685825971009 -33.474642649570484)
PD1025,PD1025,El Acueducto / esq. Avenida Grecia,POINT(-70.53743310875774 -33.476654271292524)
PD1154,PD1154,Av. Escuela Agrícola / esq. Castillo Urizar,POINT(-70.60981900379727 -33.490911003864916)
PD1155,PD1155,Av. Escuela Agrícola / esq. Av. Pedro de Valdivia,POINT(-70.60673799604147 -33.4906779987507)
PD1307,PD1307,Luis Valenzuela / esq. Armando Moock,POINT(-70.5982469957993 -33.489793002147685)
PD1308,PD1308,Luis Valenzuela / esq. Paipote,POINT(-70.5962029359163 -33.489865356344175)
PD1309,PD1309,Luis Valenzuela / esq. Arturo Gordon,POINT(-70.59281000483332 -33.49000200199929)
PD1310,PD1310,Luis Valenzuela / esq. El Líbano,POINT(-70.59073900081916 -33.49007299825405)
PD1311,PD1311,Luis Valenzuela / esq. Ramón Cruz Montt,POINT(-70.58725399780167 -33.489684997189634)
PD1312,PD1312,Ramón Cruz / esq. Avenida Quilín,POINT(-70.58600699424909 -33.48733699809904)
PD286,PD286,Av. José Arrieta / esq. Cruz Almeyda,POINT(-70.56938999878304 -33.4600880034488)
PD1057,PD1057,Consistorial / esq. Lago O'Higgins,POINT(-70.54081999433023 -33.469039000010774)
PD1058,PD1058,Consistorial / esq. Valle Hermoso,POINT(-70.53983899889212 -33.46529300315702)
PD1059,PD1059,Consistorial / esq. Av. José Arrieta,POINT(-70.53909500340315 -33.46347499552809)
PD1046,PD1046,Av. José Arrieta / esq. Quebrada de Suca,POINT(-70.53599699996683 -33.46423500003119)
PD1047,PD1047,Av. José Arrieta / esq. Qda. de Camarones,POINT(-70.53333399540566 -33.46499999936579)
PD1027,PD1027,Av. José Arrieta / esq. Comb. de Iquique,POINT(-70.5355029828132 -33.46421709623461)
PD1028,PD1028,Av. José Arrieta / esq. Av. Consistorial,POINT(-70.53872500030027 -33.463290996354665)
PD1405,PD1405,Quebrada de Suca / esq. Lago O'Higgins,POINT(-70.5368687014645 -33.46657151770847)
PD1404,PD1404,Quebrada de Suca / esq. Lago O'Higgins,POINT(-70.53795164838192 -33.4692648533442)
PD1403,PD1403,Quebrada de Suca / esq. Av. Las Parcelas,POINT(-70.53873801574171 -33.472160138874365)
PD1029,PD1029,Av. José Arrieta / esq. Laura Rodríguez,POINT(-70.54130699884453 -33.46281099707162)
PD1030,PD1030,Av. José Arrieta / esq. De Lo Arrieta,POINT(-70.54297099672036 -33.463118996515384)
PD1031,PD1031,Parada / Homecenter La Reina,POINT(-70.54652199784886 -33.46325000323509)
PD256,PD256,Av. José Arrieta / esq. Mariano Sánchez F.,POINT(-70.5506849979348 -33.46261500349581)
PD1097,PD1097,M. Sánchez Fontecilla / esq. Limarí,POINT(-70.5518763637786 -33.46121802261282)
PD1098,PD1098,Limarí / esq. El Molle,POINT(-70.55164392302026 -33.459019991355895)
PD1099,PD1099,Limarí / esq. Talinay,POINT(-70.55134098542854 -33.45795106186308)
PD1100,PD1100,Talinay / esq. Vicente Bourquet,POINT(-70.55267663451916 -33.457734544573604)
PD1101,PD1101,Pepe Vila / esq. Pepe Vila,POINT(-70.55258894712283 -33.45676408109653)
PD1102,PD1102,Pepe Vila / esq. Heriberto Ortíz,POINT(-70.55198900418958 -33.45473799714866)
PD1103,PD1103,Pepe Vila / esq. Los Corcolenes,POINT(-70.55130200467605 -33.45236599718798)
PD303,PD303,V. Pérez Rosales / esq. José Zapiola Cortez,POINT(-70.55132299868036 -33.44904299811991)
PD304,PD304,V. Pérez Rosales / esq. Simón González,POINT(-70.55140300234088 -33.44641599527602)
PD305,PD305,V. Pérez Rosales / esq. Av. Simón Bolivar,POINT(-70.55198599926432 -33.44478300147372)
PD306,PD306,V. Pérez Rosales / esq. Avenida Echeñique,POINT(-70.55316799919389 -33.44253500322515)
PD307,PD307,V. Pérez Rosales / esq. Av. Príncipe de Gales,POINT(-70.55209900261927 -33.43965399803013)
PD309,PD309,Salvador Izquierdo / esq. Nocedal,POINT(-70.55594799951508 -33.43775999959168)
PD310,PD310,Alc. M. de La Lastra / esq. Alc. Rutilio Rivas,POINT(-70.55469939300957 -33.43491601703265)
PD311,PD311,Parada 4 / Rotonda Tomás Moro,POINT(-70.55455299589067 -33.431106995624035)
PD1380,PD1380,Alc. M. de La Lastra / esq. Alberto Jenschke,POINT(-70.55471314192668 -33.43247070376864)
PD238,PD238,Alc. M. de La Lastra / esq. Alc. Rutilio Rivas,POINT(-70.5548447856944 -33.434311158452026)
PD239,PD239,Salvador Izquierdo / esq. Nocedal,POINT(-70.55639300043083 -33.43684000020421)
PD240,PD240,Salvador Izquierdo / esq. Av. Príncipe de Gales,POINT(-70.55655299951509 -33.438542997160795)
PD242,PD242,V. Pérez Rosales / esq. Avenida Echeñique,POINT(-70.55324199943355 -33.44211199586538)
PD243,PD243,V. Pérez Rosales / esq. Av. Simón Bolivar,POINT(-70.55229700225746 -33.44438999897224)
PD244,PD244,V. Pérez Rosales / esq. A. de Henares,POINT(-70.55148279827122 -33.44688812112965)
PD245,PD245,V. Pérez Rosales / esq. José Zapiola Cortez,POINT(-70.55142599707602 -33.44901100146696)
PD246,PD246,V. Pérez Rosales / esq. Avenida Larraín,POINT(-70.55138699765529 -33.45084800004123)
PD294,PD294,Av. José Arrieta / esq. Jorge Alessandri,POINT(-70.54786399677322 -33.46324799612123)
PD1042,PD1042,Parada / Homecenter La Reina,POINT(-70.54566400347977 -33.46354199917404)
PD1043,PD1043,Av. José Arrieta / esq. Capilla de Lo Arrieta,POINT(-70.54373595905159 -33.46357544353441)
PD1044,PD1044,Av. José Arrieta / esq. Camino Peñalolén,POINT(-70.54160400238656 -33.462952003837856)
PD1045,PD1045,Av. José Arrieta / esq. Av. Consistorial,POINT(-70.53924481808043 -33.463386386906286)
PD254,PD254,Talinay / esq. Jorge Alessandri,POINT(-70.54517700084322 -33.458153996299124)
PD1188,PD1188,Jorge Alessandri / esq. Los Ceramistas,POINT(-70.54470300038118 -33.455630995148304)
PD1189,PD1189,Jorge Alessandri / esq. Los Hilanderos,POINT(-70.54408200413836 -33.45342000157442)
PD1378,PD1378,Jorge Alessandri / esq. Avenida Larraín,POINT(-70.54352999825403 -33.451468001652366)
PD712,PD712,Avenida Simón Bolívar / esq. Monseñor Edwards,POINT(-70.56125899698662 -33.44631099773414)
PD713,PD713,Avenida Simón Bolívar / esq. Palmas de Mallorca,POINT(-70.55746893687227 -33.44565205895038)
PD714,PD714,Avenida Simón Bolívar / esq. Valladolid,POINT(-70.55467678741957 -33.445141607417455)
PD715,PD715,Avenida Simón Bolívar / esq. V. Pérez Rosales,POINT(-70.55248399868262 -33.44475699798473)
PD716,PD716,Avenida Simón Bolívar / esq. Pablo Burchard,POINT(-70.54948800406993 -33.44402800236425)
PD717,PD717,Avenida Simón Bolívar / esq. Juan Fco. González,POINT(-70.54584500215331 -33.444205003925994)
PD718,PD718,Avenida Simón Bolívar / esq. Carlos Ossandón,POINT(-70.54370300452118 -33.44431100135168)
PD1668,PD1668,Avenida Simón Bolívar / esq. Simón González,POINT(-70.53806180927216 -33.444740137971806)
PD1076,PD1076,Onofre Jarpa / esq. Leonardo Murialdo,POINT(-70.53240852431458 -33.43962281549713)
PD1411,PD1411,Avenida Echeñique / esq. Oscar Castro,POINT(-70.5380658342642 -33.44284670996241)
PD1410,PD1410,Parada 2 / Plaza Ossandón,POINT(-70.5419097520613 -33.44238788553449)
PD1431,PD1431,Parada 1 / Plaza Ossandón,POINT(-70.54449099868816 -33.442018999320325)
PD751,PD751,Avenida Echeñique / esq. Ramos Catalán,POINT(-70.54711680825858 -33.4418777872518)
PD752,PD752,Avenida Echeñique / esq. Avenida Echeñique,POINT(-70.5500279953972 -33.44174800398118)
PD753,PD753,Avenida Echeñique / esq. V. Pérez Rosales,POINT(-70.55295899494024 -33.44224099631924)
PD754,PD754,Avenida Echeñique / esq. Palmas de Mallorca,POINT(-70.55667108013262 -33.44335169677321)
PD755,PD755,Avenida Echeñique / esq. Santa Rita,POINT(-70.55928696069378 -33.44397373268393)
PD756,PD756,Avenida Echeñique / esq. Monseñor Edwards,POINT(-70.56121944677078 -33.44425326985161)
PD757,PD757,Avenida Echeñique / esq. Loreley,POINT(-70.56456800401004 -33.4445750038446)
PD759,PD759,Parada 4 / (M) Simón Bolívar,POINT(-70.57115264468334 -33.44533860407918)
PD1211,PD1211,Jorge Alessandri / esq. Los Hilanderos,POINT(-70.54409199863119 -33.45282400266324)
PD1212,PD1212,Jorge Alessandri / esq. Los Ceramistas,POINT(-70.54472400471822 -33.455067000904435)
PD1213,PD1213,Jorge Alessandri / esq. Talinay,POINT(-70.5455109997179 -33.45782599898468)
PD1382,PD1382,Talinay / esq. Cabo 2do A. Villegas,POINT(-70.54384960159312 -33.45831484002416)
PD295,PD295,Talinay / esq. Laura Rodríguez,POINT(-70.54112694941038 -33.45849422434486)
PD1215,PD1215,Río Claro / esq. Valle Hermoso,POINT(-70.53165600330107 -33.46718800188258)
PD1261,PD1261,Avenida Echeñique / esq. Rosita Renard,POINT(-70.57401499963262 -33.4461190010907)
PD1262,PD1262,Avenida Echeñique / esq. Hamburgo,POINT(-70.57668196247505 -33.446304041946405)
PD1263,PD1263,Avenida Echeñique / esq. Coventry,POINT(-70.58061899885209 -33.44647699612356)
PD1264,PD1264,Avenida Echeñique / esq. Montenegro,POINT(-70.58439087506844 -33.446616899439725)
PD1265,PD1265,Avenida Echeñique / esq. Pedro Torres,POINT(-70.58743600448231 -33.44592100229896)
PD1266,PD1266,Avenida Echeñique / esq. Av. Eliécer Parada,POINT(-70.59002600048974 -33.44457099585731)
PC987,PC987,Avenida Echeñique / esq. Renato Zanelli,POINT(-70.59373900040481 -33.44262999792699)
PC988,PC988,Parada / CESFAM El Aguilucho,POINT(-70.59638599849124 -33.44285500404377)
PC989,PC989,El Aguilucho / esq. Avenida Los Leones,POINT(-70.5991448893034 -33.443145922286405)
PC999,PC999,Condell / esq. Marín,POINT(-70.62651100019258 -33.4444659950742)
PD76,PD76,Sucre / esq. Avenida Suecia,POINT(-70.59948856456808 -33.447931210957336)
PD1267,PD1267,Sucre / esq. Av. Ricardo Lyon,POINT(-70.60212642779597 -33.44822508214737)
PD1268,PD1268,Sucre / esq. Av. Pedro de Valdivia,POINT(-70.60518662261589 -33.448595549955634)
PD1269,PD1269,Sucre / esq. Hernán Cortés,POINT(-70.6099939978588 -33.4485060007853)
PD1270,PD1270,Sucre / esq. Av. Manuel Montt,POINT(-70.61301704967072 -33.448824053746115)
PD1271,PD1271,Sucre / esq. Av. J. Miguel Claro,POINT(-70.61599999425965 -33.44927199513398)
PD1272,PD1272,Sucre / esq. José M. Infante,POINT(-70.61799999937719 -33.44954700148171)
PD1273,PD1273,Sucre / esq. Avenida Salvador,POINT(-70.62114499639249 -33.4501659984331)
PD1274,PD1274,Sucre / esq. Avenida Condell,POINT(-70.62438344550755 -33.450656126456146)
PD1037,PD1037,Parada / Campus Oriente UC,POINT(-70.59471332116213 -33.44682404281574)
PD108,PD108,Manuel Montt / esq. Avenida Sucre,POINT(-70.61358219261777 -33.44858105054068)
PD1291,PD1291,Parada / Hospital de Carabineros,POINT(-70.61006899901346 -33.45103900240099)
PD1293,PD1293,Avenida Simón Bolívar / esq. Av. Pedro de Valdivia,POINT(-70.60559300262311 -33.45046800179828)
PD1294,PD1294,Avenida Simón Bolívar / esq. Av. Ricardo Lyon,POINT(-70.60259999881491 -33.450038995421565)
PD1295,PD1295,Avenida Simón Bolívar / esq. Avenida Suecia,POINT(-70.60072299900602 -33.44976799542499)
PD1455,PD1455,Avenida Grecia / esq. Amanecer,POINT(-70.53927567928224 -33.47646939080765)
PD1454,PD1454,Avenida Grecia / esq. Av. Consistorial,POINT(-70.5426114442239 -33.475802665117655)
PD1463,PD1463,Consistorial / esq. Antupirén,POINT(-70.54471397480101 -33.47858949101145)
PD1456,PD1456,M. Sánchez Fontecilla / esq. Valle del Aconcagua,POINT(-70.5581808285411 -33.48913126849675)
PD1457,PD1457,M. Sánchez Fontecilla / esq. Av. Quilín-Norte,POINT(-70.55848469262571 -33.491313134129236)
PD1458,PD1458,M. Sánchez Fontecilla / esq. Avenida Quilín,POINT(-70.55879159205857 -33.495741158949684)
PD1459,PD1459,M. Sánchez Fontecilla / esq. Avenida Quilín,POINT(-70.55959555376687 -33.49829838137943)
PD1462,PD1462,Nevado Incahuasi / esq. Pasaje Peatones 5,POINT(-70.57967207221071 -33.504126571049945)
PD1461,PD1461,Parada 4 / Hosp.Dr.Luis Tisné,POINT(-70.57937209522764 -33.502131851200964)
PD1441,PD1441,Nevado Incahuasi / esq. Calle 402,POINT(-70.57973611456684 -33.50388321624601)
PD1460,PD1460,Nevado Incahuasi / esq. Av. Sn. Luis de Macul,POINT(-70.580033712583 -33.50589423380137)
PD819,PD819,Av. San Luis de Macul / esq. Tucapel,POINT(-70.56747899480362 -33.50771099745218)
PD1425,PD1425,Consistorial / esq. Avenida Grecia,POINT(-70.54308096793325 -33.47619247450809)
PD257,PD257,Av. José Arrieta / esq. Jacinto Chacón,POINT(-70.5528080035207 -33.46252599882923)
PD258,PD258,Av. José Arrieta / esq. Tobias Barros,POINT(-70.55481599761538 -33.462517996995565)
PD1373,PD1373,Av. José Arrieta / esq. Diego Rojas,POINT(-70.55621535768304 -33.462518002754464)
PD259,PD259,Av. José Arrieta / esq. Bramante,POINT(-70.55765900144576 -33.46250099565531)
PD260,PD260,Av. José Arrieta / esq. Julio Montebruno,POINT(-70.55961919103638 -33.46247639081317)
PD657,PD657,Av. José Arrieta / esq. Dragones de La Reina,POINT(-70.56282886222192 -33.46226646988596)
PD261,PD261,Av. José Arrieta / esq. J. Carrera-Sur,POINT(-70.56588300182445 -33.461236000158785)
PD168,PD168,Antonio Varas / esq. Diagonal-Oriente,POINT(-70.61100104931906 -33.44707447183344)
PC45,PC45,Av. Antonio Varas / esq. Los Capitanes,POINT(-70.61185128415399 -33.44447218648077)
PC46,PC46,Av. Antonio Varas / esq. Vasconia,POINT(-70.6124841705363 -33.442526370199026)
PC47,PC47,Av. Antonio Varas / esq. Av. Francisco Bilbao,POINT(-70.6134809999353 -33.439641002468136)
PC48,PC48,Parada / Campvs College,POINT(-70.61429933963109 -33.437161015686925)
PC49,PC49,Av. Antonio Varas / esq. Av. Eliodoro Yáñez,POINT(-70.61568233067429 -33.43294975042395)
PC50,PC50,Parada / Hospital Calvo Mackenna,POINT(-70.61667146781969 -33.43004504032517)
PC51,PC51,Parada 4 / Biblioteca de Providencia,POINT(-70.61716551347864 -33.42858024378441)
PC1221,PC1221,Manuel Montt / esq. Nueva Providencia,POINT(-70.61989082476033 -33.42948284914232)
PC1103,PC1103,Parada 7 / (M) Manuel Montt,POINT(-70.61937946871936 -33.43036383688957)
PC39,PC39,Manuel Montt / esq. Av. Eliodoro Yáñez,POINT(-70.61754190187368 -33.43313364911692)
PC40,PC40,Manuel Montt / esq. Keller,POINT(-70.61640100256871 -33.43610799893576)
PC41,PC41,Manuel Montt / esq. Av. Francisco Bilbao,POINT(-70.61571700181558 -33.439071001075085)
PC42,PC42,Manuel Montt / esq. Clemente Fabres,POINT(-70.61510778544033 -33.44153663841458)
PC43,PC43,Manuel Montt / esq. Dalmacia,POINT(-70.61455857369626 -33.443994700213025)
PC44,PC44,Manuel Montt / esq. Santa Isabel,POINT(-70.61395710486528 -33.44671695468037)
PD1589,PD1589,Chile España / esq. Jaime Guzmán E.,POINT(-70.59647292789059 -33.44655203838587)
PD1038,PD1038,Av. Jaime Guzmán E. / esq. Av. Simón Bolivar,POINT(-70.59197699230084 -33.44827575989872)
PD1039,PD1039,Battle y Ordóñez / esq. Pedro Torres,POINT(-70.58873599544951 -33.44988499803993)
PD1040,PD1040,Battle y Ordóñez / esq. Montenegro,POINT(-70.58552400016305 -33.45142800215776)
PD1041,PD1041,Battle y Ordóñez / esq. Gral. Gorostiaga,POINT(-70.58276190412795 -33.453015773927376)
PD816,PD816,Parada 3 / (M) Villa Frei,POINT(-70.5806020392249 -33.454299085626566)
PD271,PD271,Parada / Lider - La Reina,POINT(-70.54659299702915 -33.460576998718764)
PD518,PD518,Parada 4 / (M) Plaza Egaña,POINT(-70.57216548585289 -33.453375040645675)
PD255,PD255,Parada / Lider - La Reina,POINT(-70.54682800110899 -33.46060999553571)
PD1379,PD1379,Jorge Alessandri / esq. Av. José Arrieta,POINT(-70.54756834600717 -33.46284045768598)
PD1649,PD1649,Antupirén / esq. Maihue,POINT(-70.53122616469747 -33.4833927977759)
PD1648,PD1648,Parada / Colegio Rudolf Steiner,POINT(-70.53304892992666 -33.48321776680047)
PD922,PD922,Antupirén / esq. Las Perdices,POINT(-70.53562500322289 -33.4830869988483)
PD1426,PD1426,Consistorial / esq. Av. Las Parcelas,POINT(-70.54162290025587 -33.47195815736258)
PD1060,PD1060,Dip. Laura Rodríguez / esq. Calle 1,POINT(-70.54120099771828 -33.461006999199064)
PD1061,PD1061,Dip. Laura Rodríguez / esq. Talinay,POINT(-70.54092496815207 -33.45868714142158)
PD454,PD454,Avenida Larrain / esq. Cordillera,POINT(-70.53578700360366 -33.45204599831915)
PD1427,PD1427,Quillagua / esq. Mamiña,POINT(-70.53349822948142 -33.45659675629896)
PD1080,PD1080,Dip. Laura Rodríguez / esq. Calle 1,POINT(-70.54131799705688 -33.460792998234666)
PD1081,PD1081,Dip. Laura Rodríguez / esq. Pasaje 7,POINT(-70.54149999746181 -33.462281001470856)
PD1647,PD1647,Antupirén / esq. Camino el Sol,POINT(-70.53538385163532 -33.48318885598294)
PD921,PD921,Parada / Colegio Rudolf Steiner,POINT(-70.5334950016257 -33.48328700051297)
PD1646,PD1646,Antupirén / esq. Pasaje el Valle,POINT(-70.53125572319223 -33.483519050910616)
PD1423,PD1423,Amanecer / esq. Tagua Tagua,POINT(-70.53922300259674 -33.474153000820664)
PD1430,PD1430,Av. Las Perdices / esq. Av. Quilín-Sur,POINT(-70.54348554190669 -33.501468042107064)
PD1432,PD1432,Av. Las Perdices / esq. Quebrada de Macul,POINT(-70.5430620028087 -33.5088199967976)
PE1414,PE1414,Macul Alto / esq. Av.C. Las Perdices,POINT(-70.54124722367777 -33.51346098917458)
PD1253,PD1253,Macul Alto / esq. Cam. del Convento,POINT(-70.53824391201691 -33.51331308065237)
PE1389,PE1389,Macul Alto / esq. Santa Sofía,POINT(-70.53447499898596 -33.51322600051381)
PE1390,PE1390,Macul Alto / esq. Cam. del Canelo,POINT(-70.5320825083233 -33.513372019141435)
PE1507,PE1507,Nueva María Angélica / esq. Santa Sofía,POINT(-70.5318259862383 -33.51092398219913)
PE1511,PE1511,Nueva María Angélica / esq. Cam. del Convento,POINT(-70.53754398116656 -33.512952470132234)
PE1388,PE1388,Macul Alto / esq. Av.C. Las Perdices,POINT(-70.54145126960674 -33.513224053920034)
PD1236,PD1236,Av. Las Perdices / esq. Quebrada de Macul,POINT(-70.54292495400766 -33.508927732844946)
PD1237,PD1237,Av. Las Perdices / esq. Avenida Quilín,POINT(-70.54341599449906 -33.50150700221352)
PE275,PE275,Av. Departamental / esq. Las Perdices,POINT(-70.54929499487028 -33.512306002189746)
PE276,PE276,Parada / Altos de La Arboleda,POINT(-70.54583000030324 -33.512533001057314)
PE277,PE277,Av. Departamental / esq. Alto Macul,POINT(-70.54239599793388 -33.51252499510858)
PE1505,PE1505,María Angélica / esq. Las Perdices,POINT(-70.54376802412001 -33.51384197591635)
PE1341,PE1341,San Francisco / esq. Los Naranjos,POINT(-70.55541326426498 -33.51975557560415)
PE1339,PE1339,Paseo Los Naranjos / esq. Los Perales,POINT(-70.55522300368428 -33.51784700156445)
PE1504,PE1504,María Angélica / esq. Luz,POINT(-70.5437139643277 -33.51389695820838)
PD1393,PD1393,Av. Departamental / esq. Bosques Nativos,POINT(-70.54272196265381 -33.512428145554104)
PD861,PD861,Parada / Altos de La Arboleda,POINT(-70.54594199850139 -33.51241799909366)
PD862,PD862,Av. Departamental / esq. Altos de La Arboleda,POINT(-70.54862900157717 -33.51226299894894)
PC697,PC697,Nueva Costanera / esq. Alonso de Córdova,POINT(-70.5982355883891 -33.400648085520025)
PC698,PC698,Nueva Costanera / esq. Joaquín Montero,POINT(-70.59874499699323 -33.404221285470356)
PC638,PC638,Nueva Costanera / esq. Avenida Vitacura,POINT(-70.59900525710238 -33.40601376420828)
PJ2070,PJ2070,Samuel Izquierdo / esq. P. Lorenzo Eiting,POINT(-70.71515904306055 -33.42906177462615)
PJ2072,PJ2072,Samuel Izquierdo / esq. Avenida Mapocho,POINT(-70.71451647405367 -33.42660374401759)
PJ2074,PJ2074,Samuel Izquierdo / esq. Salvador Gutiérrez,POINT(-70.71373029810218 -33.42274122022494)
PJ2078,PJ2078,Samuel Izquierdo / esq. Fuentes Maturana,POINT(-70.71311502994125 -33.41976299389298)
PJ2076,PJ2076,Samuel Izquierdo / esq. Avenida Carrascal,POINT(-70.71185936343345 -33.416655805676484)
PJ448,PJ448,Avenida Carrascal / esq. Catamarca,POINT(-70.70845800209408 -33.41798600382102)
PJ449,PJ449,Parada / Laboratorio Recalcine,POINT(-70.70659599735404 -33.41918000007221)
PJ1812,PJ1812,Avenida Carrascal / esq. Jardín,POINT(-70.7043388848608 -33.41999430500857)
PJ461,PJ461,Parada / Laboratorio Recalcine,POINT(-70.70612924340816 -33.41922920440409)
PJ462,PJ462,Avenida Carrascal / esq. Pasaje 5,POINT(-70.70897200388403 -33.417409000048885)
PJ2077,PJ2077,Samuel Izquierdo / esq. Heriberto Rojas,POINT(-70.71297277573323 -33.41866365972577)
PJ2075,PJ2075,Samuel Izquierdo / esq. Salvador Gutiérrez,POINT(-70.71368487327068 -33.42203320045324)
PJ2073,PJ2073,Samuel Izquierdo / esq. Avenida Mapocho,POINT(-70.71450597964542 -33.426157580410695)
PJ2071,PJ2071,Samuel Izquierdo / esq. P. Lorenzo Eiting,POINT(-70.71517419999623 -33.42877163130031)
PJ2069,PJ2069,Samuel Izquierdo / esq. Av. J. J. Pérez,POINT(-70.71594277545564 -33.43168973283948)
PB2,PB2,Venezuela / esq. H. de La Concepción,POINT(-70.62663924767236 -33.40245936293302)
PB3,PB3,Reina de Chile / esq. Avenida El Salto,POINT(-70.62973466477116 -33.40122500404395)
PC38,PC38,Parada 5 / (M) Manuel Montt,POINT(-70.61918199957766 -33.43067100052527)
PD109,PD109,Manuel Montt / esq. Cirujano Videla,POINT(-70.61306794039064 -33.450868843817645)
PD110,PD110,Parada 3 / (M) Mons. Eyzaguirre,POINT(-70.61262894580409 -33.45295759553102)
PD1586,PD1586,Parada 3 / Irarrázaval - Campos del Deporte,POINT(-70.60975337972633 -33.45372356067218)
PD1585,PD1585,Campos de Deportes / esq. Dublé Almeyda,POINT(-70.60913655640128 -33.454758214028644)
PD1397,PD1397,Los Cerezos / esq. Los Matriceros,POINT(-70.57571580155988 -33.508761116872186)
PD1643,PD1643,Parada 4 / Irarrázaval - Campos del Deporte,POINT(-70.60895110067428 -33.45329767061928)
PD166,PD166,Parada / Hospital de Carabineros,POINT(-70.60953612446473 -33.45140416593819)
PD167,PD167,Antonio Varas / esq. Avenida Sucre,POINT(-70.61038593508594 -33.448885135445295)
PI1952,PI1952,Av. Lo Errázuriz / esq. Gral. José Bernales,POINT(-70.70286839359372 -33.504436488868635)
PI1867,PI1867,Av. Lo Errázuriz / esq. Los. Libertadores Pte.,POINT(-70.70622858326153 -33.502923277277844)
PI1954,PI1954,Av. Lo Errázuriz / esq. Av. P. Aguirre Cerda,POINT(-70.70840756839127 -33.501611053543826)
PG2121,PG2121,Calle Dos / esq. Briones Luco,POINT(-70.67012218604987 -33.5128192143239)
PG280,PG280,Avenida Lo Ovalle / esq. Esmeralda,POINT(-70.65669800036022 -33.51501399781288)
PG281,PG281,Avenida Lo Ovalle / esq. Angamos,POINT(-70.6537719968359 -33.51558499558532)
PG282,PG282,Avenida Lo Ovalle / esq. María,POINT(-70.65153399808794 -33.5160329966555)
PG1109,PG1109,Rivadavia / esq. Mirador,POINT(-70.63965599806446 -33.51954400151717)
PG288,PG288,Rivadavia / esq. Mirador,POINT(-70.63964585967669 -33.519892778246025)
PG1106,PG1106,Rivadavia / esq. Avenida Lo Ovalle,POINT(-70.63930499995006 -33.51862100307944)
PA53,PA53,Parada 1 / (M) La Moneda,POINT(-70.6574680611321 -33.444729789342034)
PH120,PH120,Parada / Paradero 13 Gran Avenida,POINT(-70.65577199833226 -33.506023999776026)
PA218,PA218,Hermanos Amunátegui / esq. Moneda,POINT(-70.65597509611646 -33.44265047392025)
PH732,PH732,Guanajuato / esq. Guadalajara,POINT(-70.68147499915194 -33.51842299813723)
PG273,PG273,Av. J. J. Prieto Vial / esq. Pargua,POINT(-70.67283596052769 -33.5151630565921)
PG410,PG410,Av. J. J. Prieto Vial / esq. Avenida Lo Ovalle,POINT(-70.67087500482512 -33.51110200107316)
PH1444,PH1444,Cuarta Transversal / esq. 10ª Avenida,POINT(-70.6667380000235 -33.51122700343934)
PH537,PH537,Cuarta Transversal / esq. 5ª Avenida,POINT(-70.66590900396257 -33.509342995497704)
PH238,PH238,Cuarta Transversal / esq. 6ª Avenida,POINT(-70.66511099889223 -33.50745300003046)
PH1448,PH1448,Sexta Avenida / esq. 3ª Transversal,POINT(-70.66319186064175 -33.5076565511245)
PH239,PH239,Sexta Avenida / esq. 1ª Transversal,POINT(-70.65957204253519 -33.50876885093542)
PH1445,PH1445,Primera Transversal / esq. 4ª Avenida,POINT(-70.65840186829615 -33.507031594172695)
PH541,PH541,Cuarta Avenida / esq. Gran Avenida,POINT(-70.65641235208113 -33.50755161807132)
PA587,PA587,Parada 6 / (M) Bellas Artes,POINT(-70.64564417334803 -33.437067206739464)
PA654,PA654,Parada 3 / Tarapacá - San Francisco,POINT(-70.64711549048597 -33.446602247735484)
PH1499,PH1499,Av. J. J. Prieto Vial / esq. Carlos Dittborn,POINT(-70.67237301312508 -33.512763878787645)
PH1492,PH1492,Av. J. J. Prieto Vial / esq. Lincoln,POINT(-70.67330498163412 -33.51477052849543)
PH1500,PH1500,Av. J. J. Prieto Vial / esq. Concón,POINT(-70.67408332937731 -33.51637487436646)
PH1493,PH1493,Av. J. J. Prieto Vial / esq. Caldera,POINT(-70.6749156568095 -33.51815958608486)
PH692,PH692,Guanajuato / esq. México,POINT(-70.68220799960201 -33.51981100135258)
PH136,PH136,Av. J. J. Prieto Vial / esq. Teresa Vial,POINT(-70.66171331285257 -33.49023697160869)
PH137,PH137,Av. J. J. Prieto Vial / esq. Salesianos,POINT(-70.6612229986917 -33.49053300340175)
PE272,PE272,La Serena / esq. Avenida Lo Ovalle,POINT(-70.62778095728494 -33.51804353328751)
PE748,PE748,Los Vilos / esq. Calle D,POINT(-70.63163399970117 -33.519189000580766)
PE1346,PE1346,La Serena / esq. Padre E.Gumucio V.,POINT(-70.627095142121 -33.51994875645207)
PE1304,PE1304,Parada 3 / (M) Vicuña Mackenna,POINT(-70.59684185777486 -33.519315388788165)
PE1489,PE1489,Parada 11 / (M) Bellavista de La Florida,POINT(-70.60098399860323 -33.517885436838725)
PE800,PE800,Froilán Lagos S. / esq. El Molino,POINT(-70.60361286468381 -33.514572121693)
PE801,PE801,Parada 4 / Hosp.Dra.Eloísa Díaz,POINT(-70.60099300059264 -33.513797999816916)
PE1332,PE1332,Froilán Roa / esq. Mirador Azul,POINT(-70.60127206589843 -33.51182949627903)
PE1334,PE1334,Froilán Roa / esq. Av. Departamental,POINT(-70.60198353103212 -33.509578440269415)
PD892,PD892,I. Carrera Pinto / esq. Challacollo,POINT(-70.59438299499578 -33.46603999690039)
PD893,PD893,I. Carrera Pinto / esq. Santa Julia,POINT(-70.5922820022625 -33.46938299980367)
PD894,PD894,I. Carrera Pinto / esq. Santa Julia,POINT(-70.59073699612446 -33.47115899671253)
PD898,PD898,Las Golondrinas / esq. Carab.Daniel Silva,POINT(-70.5971170620823 -33.501764961701014)
PD899,PD899,Carab.Daniel Silva R. / esq. Los Gorriones,POINT(-70.59762700270058 -33.502884000918556)
PD900,PD900,Carab.Daniel Silva R. / esq. Las Codornices,POINT(-70.59793600335111 -33.504510995516334)
PD901,PD901,Carab.Daniel Silva R. / esq. Los Pelícanos,POINT(-70.59853285258696 -33.50735321837529)
PD902,PD902,Carab.Daniel Silva R. / esq. Av. Departamental,POINT(-70.59881899654019 -33.50883300151584)
PD3,PD3,Av. Departamental / esq. Froilán Roa,POINT(-70.6013210001018 -33.5090180011457)
PE479,PE479,Mirador Azul / esq. Froilán Roa,POINT(-70.60177000011286 -33.5116849972174)
PE1335,PE1335,Parada 1 / Hosp.Dra.Eloísa Díaz,POINT(-70.60091399686135 -33.51342499829048)
PE481,PE481,Froilán Roa / esq. San Carlos de Ancud,POINT(-70.59855999870139 -33.5155899969251)
PE482,PE482,Froilán Roa / esq. Av. A. Vespucio,POINT(-70.59528299461256 -33.51757700202068)
PE819,PE819,Mirador Azul / esq. Machu Pichu,POINT(-70.59777999759135 -33.51188999853437)
PE820,PE820,Mirador Azul / esq. Nueva 1,POINT(-70.59440399962763 -33.512125999747035)
PE827,PE827,Nueva 1 / esq. Froilán Lagos,POINT(-70.59442564172217 -33.513917649207386)
PE804,PE804,Froilán Lagos S. / esq. Av. A. Vespucio,POINT(-70.59255899727083 -33.514550001929)
PA115,PA115,Parada 6 / (M) Santa Lucía,POINT(-70.64597624048281 -33.44307067774013)
PA116,PA116,Carmen / esq. Sara Del Campo,POINT(-70.64308994215847 -33.44418021691633)
PA117,PA117,Carmen / esq. Marín,POINT(-70.6423944470752 -33.44734154177099)
PA118,PA118,Carmen / esq. Santa Isabel,POINT(-70.64168800050854 -33.4496810017082)
PA119,PA119,Carmen / esq. Av. 10 de Julio,POINT(-70.6408929960335 -33.45248800000271)
PA120,PA120,Carmen / esq. Coquimbo,POINT(-70.64044826728718 -33.45434902312727)
PA121,PA121,Carmen / esq. Av. Manuel A. Matta,POINT(-70.63973300383658 -33.457124999441305)
PA122,PA122,Carmen / esq. Santa Elvira,POINT(-70.63881983193299 -33.46045702929453)
PA123,PA123,Carmen / esq. M. León Prado,POINT(-70.63805300431753 -33.463315003522986)
PA124,PA124,Carmen / esq. Maule,POINT(-70.63736578767025 -33.46590584654055)
PA125,PA125,Carmen / esq. Ñuble,POINT(-70.6367419999211 -33.46824499626317)
PH163,PH163,Carmen / esq. Isabel Riquelme,POINT(-70.63407100409272 -33.47843799511649)
PH172,PH172,Av. Las Industrias / esq. Sierra Bella,POINT(-70.63273400138017 -33.48010600190227)
PH164,PH164,Parada 1 / Estadio San Joaquín,POINT(-70.62942743251901 -33.48493865462367)
PH165,PH165,Av. Las Industrias / esq. Francis Drake,POINT(-70.62954997549818 -33.487137023143)
PH166,PH166,Av. Las Industrias / esq. Alc. P. Alarcón,POINT(-70.62937600110797 -33.49009800337827)
PH167,PH167,Av. Las Industrias / esq. Industria,POINT(-70.62919499985263 -33.493183003126695)
PH168,PH168,Av. Las Industrias / esq. Av.Pdte. S.Allende,POINT(-70.62857000039794 -33.49560099859954)
PH169,PH169,Av. Las Industrias / esq. Ureta Cox,POINT(-70.62769199994445 -33.49963800150879)
PH170,PH170,Av. Las Industrias / esq. Pirámide,POINT(-70.62702799688907 -33.502874002209005)
PH171,PH171,Parada 3 / Departamental - Las Industrias,POINT(-70.62615400460436 -33.50703500319518)
PH1451,PH1451,Av. Las Industrias / esq. Varas Mena,POINT(-70.62517000252282 -33.511396003323995)
PH173,PH173,Av. Las Industrias / esq. Avenida Lo Ovalle,POINT(-70.62428300253785 -33.51612399864593)
PE72,PE72,Parada 1 / CESFAM Padre Esteban Gumucio,POINT(-70.62354899692328 -33.51963500335458)
PA137,PA137,Curicó / esq. San Isidro,POINT(-70.64386735172464 -33.44622655313064)
PA138,PA138,Parada 7 / (M) Santa Lucía,POINT(-70.64584764550985 -33.44354088368765)
PA663,PA663,Parada 1 / Eleuterio Ramírez - San Francisco,POINT(-70.64709200029044 -33.44812799759675)
PA139,PA139,Parada 1 / Eyzaguirre - San Francisco,POINT(-70.64679872486842 -33.45176056777457)
PA140,PA140,Parada 1 / Copiapó - San Francisco,POINT(-70.64637117157295 -33.45470833319764)
PA141,PA141,Parada 8 / (M) Matta,POINT(-70.64548793574137 -33.458405745813764)
PA142,PA142,Parada 1 / Hospital Sn. Borja Arriarán,POINT(-70.64497555351538 -33.461473743923925)
PA143,PA143,Parada 1 / Victoria - San Francisco,POINT(-70.64455739073665 -33.46491400624946)
PA144,PA144,Parada 1 / General Gana - San Francisco,POINT(-70.64401499884963 -33.47011500110657)
PA145,PA145,Parada 1 / Matadero Franklin,POINT(-70.64385831056612 -33.47286844182399)
PH1646,PH1646,Parada 7 / (M) Bío Bío,POINT(-70.64273770190927 -33.47691473730346)
PH183,PH183,Parada 3 / (M) Bío Bío,POINT(-70.64190437726133 -33.47922305688986)
PH184,PH184,Parada 1 / Paradero 3 Santa Rosa,POINT(-70.64172000379112 -33.48158299781093)
PH185,PH185,Parada 1 / Hospital Trudeau,POINT(-70.64132999850001 -33.48469699655971)
PH186,PH186,Parada 1 / Paradero 6 Santa Rosa,POINT(-70.64077097594169 -33.488762831165474)
PH187,PH187,Parada 1 / Paradero 8 Santa Rosa,POINT(-70.64023799820234 -33.49273499646453)
PH188,PH188,Parada 1 / Paradero 9 Santa Rosa,POINT(-70.63980099695105 -33.496018998149154)
PH189,PH189,Parada 1 / Paradero 9 1/2 Santa Rosa,POINT(-70.63952600135069 -33.49848500372666)
PH190,PH190,Parada 1 / Paradero 11 Santa Rosa,POINT(-70.6390469941829 -33.503220999319836)
PH191,PH191,Parada 5 / Departamental - Santa Rosa,POINT(-70.63850699501931 -33.50786399930859)
PH192,PH192,Parada 3 / Paradero 13 Santa Rosa,POINT(-70.63809699695194 -33.50969099729782)
PH193,PH193,Parada 3 / Paradero 14 Santa Rosa,POINT(-70.63740200435126 -33.512775001019065)
PH194,PH194,Parada 3 / Paradero 16 Santa Rosa,POINT(-70.6369059966462 -33.516695999027206)
PH195,PH195,Parada 2 / Paradero 16 Santa Rosa,POINT(-70.63680248266286 -33.51629155809369)
PH196,PH196,Parada 2 / Paradero 14 Santa Rosa,POINT(-70.63731099811662 -33.51244799635382)
PH197,PH197,Parada 2 / Paradero 13 Santa Rosa,POINT(-70.63800746463109 -33.50934731689789)
PH198,PH198,Parada 4 / Departamental - Santa Rosa,POINT(-70.63832899803641 -33.5078820004343)
PH199,PH199,Parada 4 / Paradero 11 Santa Rosa,POINT(-70.63890898774576 -33.50286276494567)
PH200,PH200,Parada 4 / Paradero 9 1/2 Santa Rosa,POINT(-70.63938450914571 -33.4981385122768)
PH201,PH201,Parada 4 / Paradero 9 Santa Rosa,POINT(-70.63967736194566 -33.495624960987485)
PH202,PH202,Parada 4 / Paradero 8 Santa Rosa,POINT(-70.64013386274009 -33.49233602991786)
PH203,PH203,Parada 2 / Paradero 6 Santa Rosa,POINT(-70.64066624473627 -33.48834580920448)
PH204,PH204,Parada 4 / Hospital Trudeau,POINT(-70.6412119381696 -33.48434455943809)
PH205,PH205,Parada 4 / Paradero 3 Santa Rosa,POINT(-70.64158899412311 -33.48120799748324)
PH206,PH206,Parada 4 / (M) Bío Bío,POINT(-70.6417539060228 -33.479051269518074)
PA147,PA147,Parada 4 / Franklin - Santa Rosa,POINT(-70.64198345998912 -33.47270885715081)
PA148,PA148,Parada 4 / Ñuble - Santa Rosa,POINT(-70.64216174377113 -33.46977712065938)
PA150,PA150,Parada 4 / Hospital Sn. Borja Arriarán,POINT(-70.64277380547423 -33.46156270091147)
PA153,PA153,Parada 4 / Santa Isabel - Santa Rosa,POINT(-70.64429699518266 -33.450879001968175)
PH799,PH799,Décima Avenida / esq. 1ª Transversal,POINT(-70.65826899872387 -33.513507999398506)
PH790,PH790,Décima Avenida / esq. 2ª Transversal,POINT(-70.66212500355034 -33.51233099840958)
PD1611,PD1611,Parada 10 / (M) Pedrero,POINT(-70.61165749707745 -33.508237902184156)
PE1385,PE1385,Parada 7 / (M) Pedrero,POINT(-70.61053960812598 -33.50891077444955)
PA199,PA199,Portugal / esq. Coquimbo,POINT(-70.63403999799569 -33.45355599810434)
PA206,PA206,Miguel León Prado / esq. Pasaje Marta,POINT(-70.64127800400969 -33.464116995995525)
PA207,PA207,Miguel León Prado / esq. Carmen,POINT(-70.63830999418619 -33.463715002028835)
PA208,PA208,Miguel León Prado / esq. Sierra Bella,POINT(-70.63552902159569 -33.463360979643134)
PA209,PA209,Miguel León Prado / esq. Avenida Portugal,POINT(-70.63182003373598 -33.46274603428161)
PA210,PA210,Miguel León Prado / esq. Av.Vicuña Mackenna,POINT(-70.62853603584682 -33.461966671959104)
PD1315,PD1315,Av. Vicuña Mackenna / esq. Av. Manuel A. Matta,POINT(-70.62955651905536 -33.45597243254509)
PJ654,PJ654,Vicuña Rozas / esq. Saturno,POINT(-70.71821299562177 -33.4350090039474)
PJ655,PJ655,Vicuña Rozas / esq. Júpiter,POINT(-70.71457199637749 -33.43607999962724)
PJ656,PJ656,Parada / Plaza Lo Besa,POINT(-70.71081199494766 -33.4362709984168)
PJ657,PJ657,Vicuña Rozas / esq. Sergio Valdovinos,POINT(-70.70736099869455 -33.43623900133141)
PJ658,PJ658,Andes / esq. Santa Genoveva,POINT(-70.69850899623842 -33.43380999792795)
PJ659,PJ659,Andes / esq. Eduardo Charme,POINT(-70.7009614772413 -33.43406109090212)
PJ660,PJ660,Andes / esq. Radal,POINT(-70.70419799848212 -33.434565999348166)
PJ662,PJ662,Vicuña Rozas / esq. Sergio Valdovinos,POINT(-70.70685300373215 -33.436173002658045)
PJ663,PJ663,Parada / Plaza Lo Besa,POINT(-70.71032348042428 -33.436192020611365)
PJ664,PJ664,Vicuña Rozas / esq. Júpiter,POINT(-70.71417399951267 -33.43607300361172)
PJ665,PJ665,Vicuña Rozas / esq. Saturno,POINT(-70.71775000231962 -33.43506899595681)
PJ445,PJ445,Avenida Carrascal / esq. Pedro Gil de Castro,POINT(-70.71979699725381 -33.41315000149714)
PJ446,PJ446,Avenida Carrascal / esq. Avenida Neptuno,POINT(-70.7162420014464 -33.41509000364923)
PJ447,PJ447,Avenida Carrascal / esq. Samuel Izquierdo,POINT(-70.7120289949786 -33.4164509970743)
PJ1813,PJ1813,Avenida Carrascal / esq. Jujuy,POINT(-70.70431666697925 -33.42022764028513)
PJ450,PJ450,Parada 1 / Escuela E. Hurtado,POINT(-70.69774367736294 -33.42180597963299)
PJ453,PJ453,Parada 1 / Salvador Gutiérrez - Walker Martínez,POINT(-70.69207499983844 -33.427549997007105)
PJ460,PJ460,Parada 2 / Escuela Lo Franco,POINT(-70.70089500352232 -33.42087199906197)
PJ463,PJ463,Avenida Carrascal / esq. Samuel Izquierdo,POINT(-70.71156499973726 -33.41639599649307)
PJ1747,PJ1747,Avenida Carrascal / esq. Pasaje N,POINT(-70.7151639988431 -33.4153300007933)
PJ464,PJ464,Avenida Carrascal / esq. Brisas del Río,POINT(-70.71723899621597 -33.414480995151436)
PC711,PC711,Carlos Antúnez / esq. Alfredo Barros E.,POINT(-70.61386100116424 -33.42755700214054)
PC712,PC712,Carlos Antúnez / esq. Av. Pedro de Valdivia,POINT(-70.61082099805826 -33.42892899786645)
PC713,PC713,Carlos Antúnez / esq. Av. Ricardo Lyon,POINT(-70.6077310006057 -33.42810499644911)
PC714,PC714,Carlos Antúnez / esq. Suecia,POINT(-70.60575999833856 -33.42766700040803)
PC715,PC715,Carlos Antúnez / esq. Avenida Los Leones,POINT(-70.6037659968411 -33.42724000194284)
PC716,PC716,Carlos Antúnez / esq. L. Thayer Ojeda,POINT(-70.60009600202977 -33.42643499512936)
PC717,PC717,Carlos Antúnez / esq. Avenida El Bosque,POINT(-70.59723400333203 -33.425782995289694)
PC718,PC718,Carlos Antúnez / esq. Avenida Tobalaba,POINT(-70.59367300165361 -33.42484099924538)
PH102,PH102,Av. Alc. Carlos Valdovinos / esq. Av. J. J. Prieto Vial,POINT(-70.65666299689192 -33.47887400069253)
PH497,PH497,Av. Alc. Carlos Valdovinos / esq. Sn. Ignacio de Loyola,POINT(-70.6539799981286 -33.47897199626255)
PH498,PH498,Av. Alc. Carlos Valdovinos / esq. Llano Subercaseaux,POINT(-70.65088299753495 -33.47937199594454)
PH499,PH499,Parada 3 / Paradero 3 Gran Avenida,POINT(-70.64849999572203 -33.479662995833834)
PH407,PH407,Av. Alc. Carlos Valdovinos / esq. M.Toro y Zambrano,POINT(-70.63166200390985 -33.48384900093077)
PH1530,PH1530,Parada / CESFAM Villa Sur,POINT(-70.68025895440053 -33.50143985891193)
PH1663,PH1663,Centroamérica / esq. Avenida Maipú,POINT(-70.68240033685453 -33.49380417675268)
PH723,PH723,Bombero Ossandón / esq. Safo,POINT(-70.68056400121934 -33.49754699705104)
PH724,PH724,Bombero Ossandón / esq. Av. Clotario Blest,POINT(-70.6786350046231 -33.49757099650811)
PH532,PH532,Alhué / esq. Cahuelmó,POINT(-70.67824799550165 -33.50227899575106)
PH533,PH533,Parada 3 / Plaza Miguel Dávila Carson,POINT(-70.6757559981644 -33.5034259951519)
PH1518,PH1518,Av. Departamental / esq. Alcibiades,POINT(-70.6698530816213 -33.49919798252781)
PH275,PH275,Parada 4 / Departamental - Panamericana,POINT(-70.66558119774396 -33.49993104509855)
PH276,PH276,Av. J. J. Prieto Vial / esq. Avenida Lazo,POINT(-70.66446896551032 -33.497482027859775)
PH449,PH449,San Nicolás / esq. Monja Alférez,POINT(-70.66251299720895 -33.496682996875265)
PH450,PH450,San Nicolás / esq. Gauss,POINT(-70.65867500474437 -33.497880997180545)
PH451,PH451,San Nicolás / esq. San Jerónimo,POINT(-70.6564969957189 -33.498586999877915)
PH452,PH452,Parada 5 / Paradero 11 Gran Avenida,POINT(-70.65418400330796 -33.49930500302559)
PH453,PH453,Salesianos / esq. Dresden,POINT(-70.64843099831587 -33.49318700223267)
PH454,PH454,Salesianos / esq. San Francisco,POINT(-70.64574399910583 -33.49387799777145)
PH455,PH455,Salesianos / esq. Murcia,POINT(-70.64300555413706 -33.494572097960955)
PH456,PH456,Parada 5 / Paradero 9 Santa Rosa,POINT(-70.64017885061492 -33.49525734169344)
PH457,PH457,Av.Pdte. Salvador Allende / esq. San Gregorio,POINT(-70.63641641572347 -33.495557336078555)
PH458,PH458,Av.Pdte. Salvador Allende / esq. Martín Henríquez,POINT(-70.63303899960059 -33.49580500346197)
PH459,PH459,Av.Pdte. Salvador Allende / esq. Juan Rivadeneira,POINT(-70.63159799855072 -33.4959169957193)
PH460,PH460,Av.Pdte. Salvador Allende / esq. Av. Las Industrias,POINT(-70.62879181599163 -33.496176096297944)
PH409,PH409,Av.Pdte. Salvador Allende / esq. Nueva 1,POINT(-70.6263916667965 -33.49633320925949)
PH461,PH461,Av.Pdte. Salvador Allende / esq. Avenida Haydn,POINT(-70.62362099506117 -33.49642399679369)
PH462,PH462,Av.Pdte. Salvador Allende / esq. Canadá,POINT(-70.62157600464427 -33.49649700080948)
PH463,PH463,Parada 3 / Paradero 6 Av.Vicuña Mackenna,POINT(-70.61705474733886 -33.49629054087594)
PH480,PH480,Isabel Riquelme / esq. Avenida Haydn,POINT(-70.62203600089383 -33.48498899692906)
PH481,PH481,Isabel Riquelme / esq. Gluck,POINT(-70.62492498250552 -33.48428195267868)
PH1541,PH1541,Parada / CECOSF Yalta,POINT(-70.63683703974705 -33.47856857747791)
PH483,PH483,Parada 6 / (M) Bío Bío,POINT(-70.64152799827252 -33.47760000184465)
PH484,PH484,Carlos Silva Vildósola / esq. Chiloé,POINT(-70.6448463018991 -33.4775938932236)
PH485,PH485,Parada 12 / (M) Franklin,POINT(-70.64786853459802 -33.47759006416881)
PH486,PH486,Homero / esq. Av.Carlos Valdovinos,POINT(-70.6493969970666 -33.47899500225641)
PH487,PH487,Av. Alc. Carlos Valdovinos / esq. Ricardo Poenisch,POINT(-70.6528833273777 -33.478949880779005)
PH488,PH488,Pedro Subercaseaux / esq. Rebeca Matte,POINT(-70.67507787472748 -33.47919854075534)
PH489,PH489,Pedro Subercaseaux / esq. José Backause,POINT(-70.67531699465673 -33.48193100269447)
PH490,PH490,José Backause / esq. Mauricio Rugendas,POINT(-70.67376899642782 -33.48274299656695)
PH491,PH491,José Backause / esq. J. Ortiz de Zarate,POINT(-70.67203799732617 -33.48375799609007)
PH492,PH492,2 de Abril / esq. Manuel Ortiz,POINT(-70.67499499441209 -33.48458599964197)
PH493,PH493,2 de Abril / esq. 1° de Mayo,POINT(-70.67783996210466 -33.48355829599903)
PH260,PH260,Parada 5 / (M) Departamental,POINT(-70.65493218746106 -33.503010377913526)
PH517,PH517,Abranquil / esq. Las Ilusiones,POINT(-70.67456599544103 -33.50818299941904)
PH1660,PH1660,Abranquil / esq. Petrohué,POINT(-70.67348995342851 -33.50645809064095)
PH663,PH663,Av.Pdte. Salvador Allende / esq. 2 Poniente,POINT(-70.69624934173969 -33.51300060355048)
PH664,PH664,Av.Pdte. Salvador Allende / esq. Avenida Central,POINT(-70.6932173856718 -33.51399750493201)
PH665,PH665,Av.Pdte. Salvador Allende / esq. 5 Oriente,POINT(-70.69030400036276 -33.514906997903864)
PH666,PH666,Av.Pdte. Salvador Allende / esq. Santa Anita,POINT(-70.68775900415783 -33.51577900125432)
PH563,PH563,Parada 4 / Est. Lo Espejo,POINT(-70.68643799627098 -33.513928998445316)
PH564,PH564,Acapulco / esq. Maipú,POINT(-70.6879569969255 -33.51312999801599)
PH565,PH565,Maipú / esq. Pasaje 6 Sur,POINT(-70.68741999786918 -33.51114600313297)
PH566,PH566,Maipú / esq. Buenaventura,POINT(-70.68616489573733 -33.50859706870404)
PH1666,PH1666,Vecinal / esq. Aquilina Rojas,POINT(-70.67192963896117 -33.5005732761059)
PH1667,PH1667,Vecinal / esq. Reumén,POINT(-70.66902916878932 -33.501748226097014)
PH619,PH619,Reumen / esq. Pirihueico,POINT(-70.67021310635641 -33.50403630310653)
PH620,PH620,Reumen / esq. Petrohué,POINT(-70.67192390930805 -33.506571035386905)
PH535,PH535,Abranquil / esq. Navidad,POINT(-70.67427695905471 -33.50749713759267)
PH536,PH536,Abranquil / esq. Avenida Lo Ovalle,POINT(-70.67510033421362 -33.508851582979474)
PH539,PH539,Cuarta Avenida / esq. 3ª Transversal,POINT(-70.662320888307 -33.50575793839731)
PH540,PH540,Cuarta Avenida / esq. 1ª Transversal,POINT(-70.65868391071633 -33.50684532610342)
PH542,PH542,San Nicolás / esq. San Francisco,POINT(-70.64840299634226 -33.500621002436795)
PH543,PH543,San Nicolás / esq. Montreal,POINT(-70.64415199982986 -33.5015369955192)
PH544,PH544,Parada 5 / Paradero 11 Santa Rosa,POINT(-70.63952200375887 -33.50253199959024)
PH1519,PH1519,Parada 1 / Paradero 10 Santa Rosa,POINT(-70.63845821788877 -33.50112334649186)
PH1489,PH1489,Ureta Cox / esq. Diego De Meza,POINT(-70.63678900184706 -33.50098000235985)
PH545,PH545,Ureta Cox / esq. Galileo,POINT(-70.63229299411529 -33.50069699812238)
PH546,PH546,Ureta Cox / esq. Benozzo Gozzoli,POINT(-70.62992399425325 -33.5005260040454)
PH547,PH547,Ureta Cox / esq. Av. Las Industrias,POINT(-70.6278618920271 -33.500408449967516)
PH548,PH548,Ureta Cox / esq. Vecinal-Sur,POINT(-70.6249529951134 -33.500358002717945)
PH421,PH421,Ureta Cox / esq. Avenida Haydn,POINT(-70.62286532466908 -33.50056507719467)
PH549,PH549,Capitán Prat / esq. Canadá,POINT(-70.62069499734977 -33.50135899522549)
PH550,PH550,Capitán Prat / esq. Emco,POINT(-70.6184890029684 -33.501476000415025)
PH551,PH551,San Juan / esq. Raquel,POINT(-70.61730900337903 -33.4998140026499)
PH552,PH552,San Juan / esq. Raquel,POINT(-70.61748959526088 -33.498920020592)
PH553,PH553,Raquel / esq. Av.Vicuña Mackenna,POINT(-70.61656009906571 -33.49863272124868)
PH622,PH622,Petrohué / esq. Boroa,POINT(-70.67439697114665 -33.50566372635504)
PH521,PH521,Petrohué / esq. Club Hípico,POINT(-70.67610096461863 -33.50483320555999)
PH623,PH623,Quemchi / esq. Alhué,POINT(-70.67676599735654 -33.5031509996094)
PH624,PH624,Pirihueico / esq. Club Hípico,POINT(-70.67489600152344 -33.50215799932171)
PH625,PH625,Parada / Municipalidad de P.Aguirre Cerda,POINT(-70.66447573667506 -33.48895304611042)
PH626,PH626,Salesianos / esq. Romeo,POINT(-70.66213000272681 -33.489751001999004)
PH279,PH279,Av. J. J. Prieto Vial / esq. Florencia,POINT(-70.66036299828201 -33.4886840015753)
PH627,PH627,Av. J. J. Prieto Vial / esq. Arcangel,POINT(-70.65954756284111 -33.487002097772745)
PH280,PH280,Parada / Pasarela Enrique Matte,POINT(-70.6588020045135 -33.48538999975749)
PH281,PH281,Av. J. J. Prieto Vial / esq. Fernando Lazcano,POINT(-70.6576580286392 -33.48297421479781)
PH628,PH628,Fernando Lazcano / esq. Sn. Ignacio de Loyola,POINT(-70.65500000220472 -33.483319999979116)
PH629,PH629,Fernando Lazcano / esq. Ricardo Morales,POINT(-70.65272699739711 -33.483792998394556)
PH630,PH630,Parada 3 / Hospital Barros Luco,POINT(-70.64989900067448 -33.484408998890636)
PH631,PH631,Parada 3 / (M) San Miguel,POINT(-70.65061899781102 -33.490119000867274)
PH632,PH632,Álvarez de Toledo / esq. San Francisco,POINT(-70.64674443766233 -33.49090543673961)
PH633,PH633,Álvarez de Toledo / esq. Cuasimodo,POINT(-70.64397310408512 -33.491473089929755)
PH634,PH634,Parada 5 / Paradero 8 Santa Rosa,POINT(-70.64056666287638 -33.49216932435425)
PH635,PH635,Álvarez de Toledo / esq. San Gregorio,POINT(-70.63709795512423 -33.49203884974008)
PH636,PH636,Parada 3 / CESFAM Arturo Baeza Goñi,POINT(-70.63376199976238 -33.49216399728945)
PH637,PH637,Álvarez de Toledo / esq. Av. Las Industrias,POINT(-70.62962840807349 -33.49229027010838)
PH638,PH638,Comercio / esq. Río Yelcho,POINT(-70.62842499460476 -33.49387899906362)
PH639,PH639,Comercio / esq. Río Valdivia,POINT(-70.62631300307947 -33.49394800095389)
PH640,PH640,Comercio / esq. Avenida Central,POINT(-70.62410900078596 -33.494017000777156)
PH1463,PH1463,Comercio / esq. Georges Bizet,POINT(-70.62125600461216 -33.4941129978931)
PH1464,PH1464,Comercio / esq. San Juan,POINT(-70.61894399962857 -33.49419000177201)
PH1467,PH1467,San Juan / esq. Av.Pdte. S.Allende,POINT(-70.61824594706458 -33.49594703770768)
PH646,PH646,Alc. Pedro Alarcón / esq. Antártica,POINT(-70.63245219674997 -33.49020911348252)
PH652,PH652,Teresa Vial / esq. Rey Alberto,POINT(-70.65457999543996 -33.49299700136847)
PH653,PH653,Teresa Vial / esq. Sn. Ignacio de Loyola,POINT(-70.65720100182641 -33.49237500205943)
PH654,PH654,Teresa Vial / esq. Av. J. J. Prieto Vial,POINT(-70.66121600397759 -33.49143300243965)
PH1502,PH1502,Salesianos / esq. Romeo,POINT(-70.66166237596426 -33.48966761618214)
PH655,PH655,Parada / Municipalidad de P.Aguirre Cerda,POINT(-70.66367799893106 -33.48902400243378)
PH272,PH272,Av. J. J. Prieto Vial / esq. Avenida Lo Ovalle,POINT(-70.67122899692777 -33.51039099734263)
PI1390,PI1390,Parada 5 / (M) Ecuador,POINT(-70.7012969959937 -33.45565800035386)
PA325,PA325,Av. Ricardo Cumming / esq. Avenida Mapocho,POINT(-70.66906899798072 -33.43242499911709)
PA326,PA326,Parada / Parque de los Reyes,POINT(-70.66935399851714 -33.42938999793148)
PA702,PA702,Cueto / esq. Yungay,POINT(-70.67360814843853 -33.42881993116985)
PA703,PA703,Yungay / esq. Libertad,POINT(-70.67505944760242 -33.42906316224363)
PA701,PA701,Presidente Errázuriz / esq. Esperanza,POINT(-70.67668603045158 -33.42809484242918)
PD1350,PD1350,Parada 9 / (M) Grecia,POINT(-70.57471100328513 -33.46907999852324)
PD1349,PD1349,Avenida Egaña / esq. Alonso de Berrios,POINT(-70.57366499653713 -33.46557700081828)
PD1351,PD1351,Parada 4 / (M) Los.Orientales,POINT(-70.57283499990716 -33.46291600028567)
PA431,PA431,Parada 2 / Gral. Baquedano - Rosas,POINT(-70.66544952181214 -33.436296922454424)
PJ459,PJ459,Parada 2 / Escuela E. Hurtado,POINT(-70.6974740003748 -33.42171100312007)
PA826,PA826,Parada 1 / Andén (EIM) Franklin,POINT(-70.64947907244077 -33.476059086573414)
PA706,PA706,Bío Bío / esq. San Francisco,POINT(-70.6439699991161 -33.474637995273824)
PH786,PH786,Rivas / esq. San Francisco,POINT(-70.64403599541733 -33.47881099579192)
PH405,PH405,Carmen / esq. Rivas,POINT(-70.63375687142852 -33.48041701360198)
PH406,PH406,Carmen / esq. Av.Carlos Valdovinos,POINT(-70.63467200199166 -33.48270199573314)
PH1460,PH1460,Av. Las Industrias / esq. Alc. P. Alarcón,POINT(-70.62945699693387 -33.49016199562479)
PH755,PH755,M.de Toro y Zambrano / esq. Alvarez de Toledo,POINT(-70.63340994786793 -33.4917979816354)
PH756,PH756,M.de Toro y Zambrano / esq. Embajador Noel,POINT(-70.6335029314012 -33.49342834071256)
PH757,PH757,M.de Toro y Zambrano / esq. Av.Pdte. S.Allende,POINT(-70.63359799924122 -33.49533900298104)
PH758,PH758,Benozzo Gozzoli / esq. Ingeniero Budge,POINT(-70.63003700169932 -33.497207995964814)
PH759,PH759,Benozzo Gozzoli / esq. Ureta Cox,POINT(-70.62977700396907 -33.500128999317134)
PH760,PH760,Benozzo Gozzoli / esq. Pirámide,POINT(-70.62949600235235 -33.50304600283072)
PH761,PH761,Benozzo Gozzoli / esq. Av. Departamental,POINT(-70.62914209268578 -33.50699440213784)
PB306,PB306,Parada 1 / Municipalidad de Recoleta,POINT(-70.64297800167633 -33.400659001586725)
PH138,PH138,Parada 1 / (M) Bío Bío,POINT(-70.64196897021917 -33.4783123525793)
PH139,PH139,Parada 3 / Paradero 3 Santa Rosa,POINT(-70.64181300002522 -33.480608997387385)
PH140,PH140,Parada 3 / Hospital Trudeau,POINT(-70.64143190119472 -33.48388898527635)
PH141,PH141,Parada 3 / Paradero 6 Santa Rosa,POINT(-70.64090399931268 -33.48774699864461)
PH142,PH142,Parada 3 / Paradero 8 Santa Rosa,POINT(-70.64037500231693 -33.49179500040991)
PH143,PH143,Parada 3 / Paradero 9 Santa Rosa,POINT(-70.63993000031131 -33.49490999942527)
PH144,PH144,Parada 3 / Paradero 9 1/2 Santa Rosa,POINT(-70.63963400398764 -33.49748299590965)
PH145,PH145,Parada 3 / Paradero 11 Santa Rosa,POINT(-70.63915199472379 -33.50221800408269)
PH146,PH146,Parada 7 / Departamental - Santa Rosa,POINT(-70.6387099960743 -33.506601003662475)
PH147,PH147,Parada 1 / Paradero 13 Santa Rosa,POINT(-70.6378479981612 -33.51075899546595)
PH148,PH148,Parada 1 / Paradero 14 Santa Rosa,POINT(-70.63724299572483 -33.513753997926564)
PH149,PH149,Parada 1 / Paradero 16 Santa Rosa,POINT(-70.63679400208143 -33.51774400293119)
PH150,PH150,Parada 4 / Paradero 16 Santa Rosa,POINT(-70.63668200082456 -33.5173360037479)
PH151,PH151,Parada 4 / Paradero 14 Santa Rosa,POINT(-70.63713100378823 -33.51336000397283)
PH152,PH152,Parada 4 / Paradero 13 Santa Rosa,POINT(-70.6377699946374 -33.51037699752629)
PH153,PH153,Parada 1 / Departamental - Santa Rosa,POINT(-70.63855395502522 -33.506529524680964)
PH154,PH154,Parada 2 / Paradero 11 Santa Rosa,POINT(-70.63900490512299 -33.50182954370858)
PH155,PH155,Parada 2 / Paradero 9 1/2 Santa Rosa,POINT(-70.63950699936646 -33.4971050015754)
PH156,PH156,Parada 2 / Paradero 9 Santa Rosa,POINT(-70.63981604534047 -33.49458287550993)
PH157,PH157,Parada 2 / Paradero 8 Santa Rosa,POINT(-70.64026600424339 -33.49137899977255)
PH158,PH158,Parada 4 / Paradero 6 Santa Rosa,POINT(-70.64078721896612 -33.48741407781421)
PH159,PH159,Parada 2 / Hospital Trudeau,POINT(-70.641311504621 -33.48352162694259)
PH160,PH160,Parada 2 / Paradero 3 Santa Rosa,POINT(-70.6416695800895 -33.48020873012867)
PH161,PH161,Parada 2 / (M) Bío Bío,POINT(-70.64168799435163 -33.47793799550109)
PB326,PB326,Avenida Recoleta / esq. Av. Card. José Mª Caro,POINT(-70.64291519709344 -33.40351916467029)
PB327,PB327,Parada 2 / Municipalidad de Recoleta,POINT(-70.64283599727062 -33.40124199596644)
PH1651,PH1651,Avenida Santa Rosa / esq. Carmen Mena,POINT(-70.63794060756783 -33.50926712756111)
PH1430,PH1430,Parada 3 / Departamental - Santa Rosa,POINT(-70.63785900041626 -33.507308996060004)
PC1257,PC1257,Parada 1 / Hard Rock Café,POINT(-70.60675500390607 -33.416580017229315)
PA71,PA71,Parada 3 / (M) Pque. Almagro,POINT(-70.65037467851828 -33.45129059569231)
PA198,PA198,Parada 6 / Teatro Cariola,POINT(-70.65066944176554 -33.44946932343377)
PA213,PA213,Parada / Colegio San Ignacio,POINT(-70.65508100282115 -33.44703100371997)
PE858,PE858,Froilán Lagos S. / esq. El Peumo,POINT(-70.59700700171716 -33.51404699824027)
PE859,PE859,Froilán Lagos S. / esq. Nueva 1,POINT(-70.59444099681369 -33.514237590652385)
PA665,PA665,Parada 11 / (M) La Moneda,POINT(-70.65544300224045 -33.44495799887743)
PA219,PA219,Hermanos Amunátegui / esq. Huérfanos,POINT(-70.65645642186546 -33.44028225550689)
PA220,PA220,Hermanos Amunátegui / esq. Santo Domingo,POINT(-70.65691099916496 -33.437098998206466)
PB398,PB398,Las Cañas / esq. Aurora de Chile,POINT(-70.67335697704638 -33.41337684857234)
PB375,PB375,Padre F. Gazziero / esq. Nueva 5,POINT(-70.6752359947756 -33.41169500227178)
PH261,PH261,Av. J. J. Prieto Vial / esq. I. Valdés Valdés,POINT(-70.65684399879245 -33.47998699595736)
PH262,PH262,Av. J. J. Prieto Vial / esq. Enrique Matte,POINT(-70.65830710361877 -33.48301900719522)
PH263,PH263,Parada / Pasarela Enrique Matte,POINT(-70.65943032377938 -33.48541038104738)
PH264,PH264,Av. J. J. Prieto Vial / esq. Jovino Troncoso,POINT(-70.66012261338717 -33.48688513857272)
PH265,PH265,Av. J. J. Prieto Vial / esq. Ángel Guarello,POINT(-70.66256819875441 -33.492088565606174)
PH266,PH266,Av. J. J. Prieto Vial / esq. Avenida La Marina,POINT(-70.66373333577431 -33.49455400096107)
PH267,PH267,Av. J. J. Prieto Vial / esq. Avenida Lazo,POINT(-70.66496621439978 -33.49718643090778)
PH268,PH268,Parada 3 / Departamental - Panamericana,POINT(-70.66640799417527 -33.50001200054669)
PH269,PH269,Av. J. J. Prieto Vial / esq. Vecinal,POINT(-70.66726543326804 -33.502079235706034)
PH270,PH270,Parada / Pasarela Carelmapu,POINT(-70.66839724849555 -33.50451025737239)
PH271,PH271,Parada / Pasarela 7ª Avenida,POINT(-70.66980352927216 -33.50743996705073)
PH273,PH273,Parada / Pasarela 7ª Avenida,POINT(-70.66903589807762 -33.50722102747475)
PH274,PH274,Parada / Pasarela Carelmapu,POINT(-70.6677170000225 -33.50439500393388)
PH277,PH277,Av. J. J. Prieto Vial / esq. Avenida La Marina,POINT(-70.66343917738392 -33.49529211970646)
PH278,PH278,Av. J. J. Prieto Vial / esq. Real Audiencia,POINT(-70.66259700402865 -33.493476002650475)
PH282,PH282,Av. J. J. Prieto Vial / esq. Arcadia,POINT(-70.65599299815067 -33.479540996370154)
PA241,PA241,Manuel Rodríguez / esq. Padre M. de Olivares,POINT(-70.65902575650887 -33.44987333529144)
PE468,PE468,Parada 3 / CESFAM Padre Esteban Gumucio,POINT(-70.62373700190278 -33.51990100117985)
PE471,PE471,Mañío / esq. Laurel,POINT(-70.61697499834116 -33.51832210176888)
PE472,PE472,Mañío / esq. Alerce,POINT(-70.61590299997673 -33.516485998115286)
PE477,PE477,Parada 3 / (M) Mirador,POINT(-70.60585281699869 -33.51278120473137)
PE1333,PE1333,Parada 2 / Hosp.Dra.Eloísa Díaz,POINT(-70.60051401679021 -33.51394977225164)
PD1597,PD1597,San Eugenio / esq. Suárez Mujica,POINT(-70.62656592008915 -33.458946079486246)
PD1598,PD1598,San Eugenio / esq. Julio Cordero B.,POINT(-70.62538694837151 -33.461587036092915)
PD1599,PD1599,San Eugenio / esq. Carlos Dittborn,POINT(-70.62411825955859 -33.46529403492872)
PD1600,PD1600,San Eugenio / esq. Trihue,POINT(-70.62325699680835 -33.46839100980762)
PD1602,PD1602,Guillermo Mann / esq. W. Rebolledo,POINT(-70.62019392919363 -33.47112403842059)
PD1604,PD1604,Guillermo Mann / esq. Avenida Marathon,POINT(-70.61449700415022 -33.47080501073418)
PD1149,PD1149,Avenida Marathon / esq. José Ananías,POINT(-70.61360099859655 -33.47815200310571)
PD1150,PD1150,Avenida Marathon / esq. Domingo Arteaga,POINT(-70.61341499970439 -33.48049299807249)
PD1151,PD1151,Avenida Marathon / esq. Aysén,POINT(-70.61324099911481 -33.48287899937707)
PD1157,PD1157,Av. Pedro de Valdivia / esq. Joaquín Rodríguez,POINT(-70.60666499857916 -33.49390400350335)
PD1158,PD1158,Avenida La Aguada / esq. Mons. C. Casanueva,POINT(-70.6077599998178 -33.49535400243338)
PD1159,PD1159,Avenida La Aguada / esq. Avenida Marathon,POINT(-70.6054260039487 -33.49718400079706)
PD1160,PD1160,Avenida La Aguada / esq. E. Fernández,POINT(-70.6028330004313 -33.49929199514138)
PE818,PE818,Mirador Azul / esq. Huara,POINT(-70.60045622405433 -33.5117090062856)
PE821,PE821,Nueva 1 / esq. Av. Departamental,POINT(-70.59384499897257 -33.50987899878299)
PE1411,PE1411,Av. Departamental / esq. Calle A,POINT(-70.587379161834 -33.51008674901304)
PE1412,PE1412,Av. Departamental / esq. Diag. Los Castaños,POINT(-70.5799378036286 -33.510643397640685)
PE43,PE43,Parada / CESFAM Los Castaños,POINT(-70.57858600383007 -33.51213299599481)
PE840,PE840,Diag. los Castaños / esq. Los Cerezos,POINT(-70.5765856291201 -33.51369236968054)
PE44,PE44,Las Higueras / esq. Punitaqui,POINT(-70.57539599939773 -33.51394699737089)
PE45,PE45,Las Higueras / esq. Volcán Llaima,POINT(-70.57165600402588 -33.51429899905093)
PE46,PE46,Las Higueras / esq. V. Hornopirén,POINT(-70.56981900206361 -33.51402199668446)
PE47,PE47,Las Higueras / esq. Volcán Calbuco,POINT(-70.56776899582357 -33.514209995686365)
PE48,PE48,Las Higueras / esq. Volcán Lastarria,POINT(-70.56587897151392 -33.514766401237424)
PE1300,PE1300,Las Higueras / esq. V. Puntiagudo,POINT(-70.56413099696994 -33.514923998430554)
PE50,PE50,Las Higueras / esq. Volcán Huesqui,POINT(-70.56231600001176 -33.51510399733886)
PE51,PE51,Las Higueras / esq. Avenida Tobalaba,POINT(-70.55970299498155 -33.515347996772135)
PE38,PE38,Avenida Tobalaba / esq. Volcán Osorno,POINT(-70.55913099878632 -33.51616499861807)
PE52,PE52,Las Higueras / esq. Pasaje Providencia,POINT(-70.5600379979106 -33.5152310033798)
PE53,PE53,Las Higueras / esq. Volcán Huesqui,POINT(-70.56204823555197 -33.51504307426512)
PE54,PE54,Las Higueras / esq. Las Taguas,POINT(-70.56352599892558 -33.5149119958131)
PE55,PE55,Las Higueras / esq. Volcán Lastarria,POINT(-70.56559900322027 -33.514712999102805)
PE1265,PE1265,Las Higueras / esq. Volcán Calbuco,POINT(-70.56735899828149 -33.5145399972441)
PE57,PE57,Las Higueras / esq. V. Hornopirén,POINT(-70.56921999825774 -33.513996995554926)
PE58,PE58,Las Higueras / esq. Volcán Llaima,POINT(-70.57117093858801 -33.51380490864025)
PE59,PE59,Las Higueras / esq. Volcán Tolhuaca,POINT(-70.57227499993 -33.51415899734379)
PE60,PE60,Las Higueras / esq. Punitaqui,POINT(-70.57491499664773 -33.513910999458766)
PE841,PE841,Diag. los Castaños / esq. Los Castaños,POINT(-70.57695000288203 -33.51324900004881)
PE61,PE61,Parada / CESFAM Los Castaños,POINT(-70.57845300255966 -33.51228000277255)
PE62,PE62,Diag. los Castaños / esq. Av. Departamental,POINT(-70.57883399508704 -33.51092700277784)
PA829,PA829,Parada 4 / Andén (EIM) Franklin,POINT(-70.64969390102911 -33.47603819032678)
PH747,PH747,Varas Mena / esq. C. Walker Martínez,POINT(-70.65459300152207 -33.50945899950283)
PH748,PH748,Varas Mena / esq. Miguel Luis Cerda,POINT(-70.65012699936591 -33.510355998607494)
PH749,PH749,Varas Mena / esq. Chiloé,POINT(-70.647372001012 -33.51093800207732)
PH1640,PH1640,Santa Clara / esq. Santa Fe,POINT(-70.64555554787553 -33.51233320916055)
PH1639,PH1639,18 de Septiembre / esq. Bermann,POINT(-70.64584399848044 -33.51407799920444)
PH1486,PH1486,Sebastopol / esq. León Tolstoi,POINT(-70.64517593102185 -33.5154054038649)
PH784,PH784,Sebastopol / esq. Macaroff,POINT(-70.64296780268216 -33.5158719182918)
PH1449,PH1449,Sebastopol / esq. Moscú,POINT(-70.6409309978326 -33.5162929988502)
PH783,PH783,Parada 6 / Paradero 16 Santa Rosa,POINT(-70.63709499623089 -33.51707699883347)
PH1647,PH1647,Sebastopol / esq. Berlioz,POINT(-70.63404036981471 -33.51681086698138)
PH741,PH741,Berlioz / esq. Varas Mena,POINT(-70.6340707164506 -33.513044056704366)
PH751,PH751,Varas Mena / esq. Juan Planas,POINT(-70.63149800031908 -33.51266899931061)
PH752,PH752,Varas Mena / esq. Pintor Murillo,POINT(-70.6283240043096 -33.51246399614607)
PH753,PH753,Varas Mena / esq. Av. Las Industrias,POINT(-70.62540700457966 -33.511796999063215)
PH754,PH754,Varas Mena / esq. Vecinal,POINT(-70.6227589982745 -33.5115130009795)
PH415,PH415,Vecinal / esq. Carmen Mena,POINT(-70.62324599514452 -33.50954688955099)
PH416,PH416,Vecinal / esq. Av. Departamental,POINT(-70.62390604525987 -33.50792139781477)
PE497,PE497,Tte. Rolando Froden / esq. Juan Carlos,POINT(-70.585024002739 -33.51979200235213)
PE498,PE498,Tte. Rolando Froden / esq. Avenida La Florida,POINT(-70.58178000298697 -33.51974600276285)
PE500,PE500,Diagonal Santa Irene / esq. Orompello,POINT(-70.56540099872011 -33.51929599735406)
PE501,PE501,Palena / esq. Lientur,POINT(-70.56201999921879 -33.51820200309006)
PE502,PE502,Parada 3 / Terminal María Angélica,POINT(-70.55841199893948 -33.51808905124167)
PE1325,PE1325,Av. Américo Vespucio / esq. A. de Ercilla,POINT(-70.59230599579436 -33.51542499609049)
PE1322,PE1322,Alonso de Ercilla / esq. Serafín Zamora,POINT(-70.59050000158852 -33.516048999329946)
PE1323,PE1323,Alonso de Ercilla / esq. Samurai,POINT(-70.58879296254251 -33.51788276065307)
PE1324,PE1324,Alonso de Ercilla / esq. Rolando Froden,POINT(-70.58729940256535 -33.51945908731671)
PE521,PE521,Froilán Roa / esq. Nagasaki,POINT(-70.59199000434103 -33.51917100398093)
PE522,PE522,Froilán Roa / esq. Av. A. Vespucio,POINT(-70.59425599856823 -33.51787499641032)
PH561,PH561,Santa Anita / esq. Pasaje 19 Sur,POINT(-70.6882918432819 -33.51760608057103)
PH562,PH562,Santa Anita / esq. Av.Pdte. S.Allende,POINT(-70.68755399908204 -33.516144998531644)
PH573,PH573,Santa Anita / esq. Pasaje 19 Sur,POINT(-70.6882589959805 -33.517354003910015)
PH574,PH574,Santa Anita / esq. El Caribe,POINT(-70.68947299845871 -33.51978399968629)
PH713,PH713,Guadalajara / esq. Huasco,POINT(-70.68109965536547 -33.51811447159395)
PH714,PH714,Huasco / esq. Lucila Godoy,POINT(-70.68039700276462 -33.51586899570412)
PA816,PA816,Parada 2 / Hospital Univers. Católica,POINT(-70.63936429426658 -33.44125542878979)
PA597,PA597,Grajales / esq. Conferencia,POINT(-70.67725832598136 -33.454441544929594)
PA664,PA664,San Alfonso / esq. Ramón Subercaseaux,POINT(-70.67302702021115 -33.470447022673724)
PA682,PA682,San Alfonso / esq. Concha Castillo,POINT(-70.67296200753036 -33.47269099118137)
PA681,PA681,Parada / Plaza Jorge Montt,POINT(-70.67297900380666 -33.47467800629094)
PH1650,PH1650,Central Nino García / esq. Av.Carlos Valdovinos,POINT(-70.6791619977128 -33.47874579576001)
PH494,PH494,1° de Mayo / esq. Carlos Marx,POINT(-70.67859200303324 -33.483035996091736)
PI1236,PI1236,Carlos Marx / esq. La Coruña,POINT(-70.67621600327168 -33.48574896186695)
PI1235,PI1235,Carlos Marx / esq. Baldomero Lillo,POINT(-70.67392099786399 -33.48652399666356)
PA536,PA536,Francisco Pizarro / esq. San Agustín,POINT(-70.67037199976546 -33.47426999506602)
PI74,PI74,Av. General Velásquez / esq. Av. Departamental,POINT(-70.68784128157255 -33.48451905272084)
PH1656,PH1656,Fraternal / esq. Arturo Alessandri,POINT(-70.6841670061679 -33.49994087439588)
PH585,PH585,Maipú / esq. Unión Ferroviaria,POINT(-70.68391399825583 -33.50194899629875)
PH586,PH586,Maipú / esq. Avenida Lo Ovalle,POINT(-70.68470945660943 -33.50547971853767)
PA614,PA614,Parada 4 / (M) Ñuble,POINT(-70.62772300139233 -33.467807002444424)
PH599,PH599,Avenida Cerrillos / esq. Av. Frei Montalva,POINT(-70.70176371344502 -33.51672858463657)
PH600,PH600,Avenida Cerrillos / esq. Pasaje 23 Sur,POINT(-70.70076975307863 -33.5152651522807)
PH601,PH601,Avenida Cerrillos / esq. Av.Pdte. S.Allende,POINT(-70.69970400171245 -33.51271099567741)
PH1633,PH1633,Av. Edo. Frei Montalva / esq. La Habana,POINT(-70.69714635682402 -33.51875110633441)
PH1634,PH1634,Av. Edo. Frei Montalva / esq. Pío XII,POINT(-70.69939774455374 -33.51765903030754)
PH1635,PH1635,Av. Edo. Frei Montalva / esq. Av. Cerrillos,POINT(-70.7015152495694 -33.51663279999358)
PH1653,PH1653,Cooperación / esq. Augusto C. Sandino,POINT(-70.68315568946014 -33.49438650643994)
PH725,PH725,Avenida La Marina / esq. Félix Mendelssohn,POINT(-70.67215199891955 -33.491748996362666)
PH726,PH726,Avenida La Marina / esq. Club Hípico,POINT(-70.6690100036118 -33.49294699690016)
PH1629,PH1629,Parada 4 / Hospital Barros Luco,POINT(-70.64920056772904 -33.4832755559768)
PA828,PA828,Parada 5 / Andén (EIM) Franklin,POINT(-70.64969680652261 -33.476191461241534)
PH727,PH727,Parada 1 / Municipalidad de San Miguel,POINT(-70.65053399924153 -33.487124000899456)
PH1481,PH1481,Av.Pdte. Salvador Allende / esq. Isabel Riquelme,POINT(-70.68336180196046 -33.51701371826548)
PH733,PH733,Isabel Riquelme / esq. Lucila Godoy,POINT(-70.68271299504791 -33.51509399737933)
PA608,PA608,Santa Elena / esq. Maule,POINT(-70.6284180003507 -33.46542399527378)
PA609,PA609,Santa Elena / esq. M. León Prado,POINT(-70.629291043466 -33.462364014212746)
PA610,PA610,Santa Elena / esq. Victoria,POINT(-70.62983596945831 -33.460518043147474)
PA611,PA611,Santa Elena / esq. Santa Elvira,POINT(-70.63048799569772 -33.45836599657652)
PA612,PA612,Santa Elena / esq. Av. Manuel A. Matta,POINT(-70.6311069955593 -33.45618700156446)
PA613,PA613,Santa Elena / esq. Coquimbo,POINT(-70.6317389471274 -33.45369303192692)
PA629,PA629,Portugal / esq. Av. Manuel A. Matta,POINT(-70.63349499874748 -33.455724003562295)
PA620,PA620,Portugal / esq. Ventura Lavalle,POINT(-70.63305400449158 -33.45763100028786)
PA617,PA617,Portugal / esq. Victoria,POINT(-70.63216799512583 -33.460943995694244)
PA618,PA618,Portugal / esq. M. León Prado,POINT(-70.63180899750961 -33.46227600350182)
PA619,PA619,Portugal / esq. Maule,POINT(-70.63109899530902 -33.4649719975415)
PH567,PH567,Parada 1 / Copa Pobl. Dávila,POINT(-70.6769435365381 -33.50548968329821)
PH256,PH256,Club Hípico / esq. Avenida Lo Ovalle,POINT(-70.67853511313366 -33.50796861475284)
PH734,PH734,Isabel Riquelme / esq. Av.Pdte. S.Allende,POINT(-70.68352932059592 -33.51668011621421)
PA676,PA676,Parada 8 / (M) Irarrázaval,POINT(-70.63107499658464 -33.45137999693095)
PI1976,PI1976,Bombero Luis Moroni / esq. Gastón Guzmán Q.,POINT(-70.70066291370253 -33.50070462618287)
PI1978,PI1978,G. Guzmán Quelentaro / esq. Los Cerrillos,POINT(-70.69956649231992 -33.49978044071516)
PI1967,PI1967,Av. Los Cerrillos / esq. C. Teresa Herrera,POINT(-70.70028256113986 -33.49880838375247)
PI1974,PI1974,Parada 4 / Centro Cívico Cerrillos,POINT(-70.70535026263505 -33.495111286858986)
PI1975,PI1975,Parada 4 / P. Aguirre Cerda Altura del 5800,POINT(-70.70312072640675 -33.49211044664838)
PI1969,PI1969,Parada 8 / (M) Cerrillos,POINT(-70.69536827896415 -33.48294488968662)
PI1970,PI1970,Parada 3 / Museo Aeronáutico,POINT(-70.69904571233373 -33.48661259288604)
PI1971,PI1971,Parada 3 / Comando Logístico FACH,POINT(-70.70106033602485 -33.48891271043072)
PI1972,PI1972,Parada 3 / P. Aguirre Cerda Altura del 5800,POINT(-70.70318613886651 -33.49148855242884)
PI1973,PI1973,Parada 3 / Centro Cívico Cerrillos,POINT(-70.70504270612548 -33.49393974227008)
PI1968,PI1968,Av. Los Cerrillos / esq. Av. Bicentenario,POINT(-70.70423889473909 -33.49666903469389)
PI1966,PI1966,Av. Los Cerrillos / esq. Gastón Guzmán Q.,POINT(-70.70018748679112 -33.49918123399798)
PI1977,PI1977,Dirig. Marcial Zúñiga / esq. C. Teresa Herrera,POINT(-70.70214554070986 -33.50096147742533)
PA465,PA465,Parada 5 / (M) Parque O'Higgins,POINT(-70.6556189974957 -33.46050899678446)
PA466,PA466,Lord Cochrane / esq. Eyzaguirre,POINT(-70.65409499830024 -33.45370599925517)
PA467,PA467,Lord Cochrane / esq. Eleuterio Ramírez,POINT(-70.65453999943934 -33.45054500378106)
PA468,PA468,Lord Cochrane / esq. Tarapacá,POINT(-70.65490187888278 -33.44818410445152)
PT0201,PT0101,Estación Central (Anden1),POINT(-70.6788 -33.45115)
PT0202,PT0102,Estación Lo Valledor (Anden1),POINT(-70.6806 -33.478)
PT0203,PT0103,Estación Pedro Aguirre Cerda (Anden1),POINT(-70.6818 -33.4931)
PT0204,PT0104,Estación Lo Espejo (Anden1),POINT(-70.6857 -33.5137)
