id,nombre,destino,tipo,frecuencias
101,101,Cerrillos,3,"[[19800, 23400, 900], [19800, 27000, 1200], [23400, 28800, 675], [23400, 32400, 900], [27000, 46800, 990], [28800, 34200, 771], [32400, 43200, 900], [34200, 45000, 900], [43200, 54000, 900], [45000, 50400, 900], [46800, 64800, 1058], [50400, 59400, 818], [54000, 70200, 900], [59400, 66600, 720], [64800, 75600, 1080], [66600, 73800, 720], [70200, 79200, 1125], [73800, 79200, 900], [75600, 79200, 1200], [79200, 86400, 1200]]"
102,102,San Carlos Oriente,3,"[[0, 3600, 1800], [3600, 19800, 16200], [19800, 23400, 900], [19800, 27000, 1028], [23400, 28800, 900], [23400, 32400, 692], [27000, 46800, 792], [28800, 34200, 900], [32400, 43200, 771], [34200, 45000, 830], [43200, 54000, 720], [45000, 50400, 600], [46800, 64800, 857], [50400, 59400, 692], [54000, 70200, 736], [59400, 66600, 553], [64800, 75600, 900], [66600, 73800, 720], [70200, 79200, 818], [73800, 79200, 771], [75600, 79200, 900], [79200, 86400, 1028]]"
103,103,Providencia,3,"[[0, 3600, 1800], [3600, 19800, 5400], [19800, 23400, 600], [19800, 27000, 1200], [23400, 28800, 540], [23400, 32400, 692], [27000, 46800, 990], [28800, 34200, 600], [32400, 43200, 720], [34200, 45000, 635], [43200, 54000, 720], [45000, 50400, 600], [46800, 64800, 750], [50400, 59400, 600], [54000, 70200, 736], [59400, 66600, 600], [64800, 75600, 900], [66600, 73800, 654], [70200, 79200, 1000], [73800, 79200, 771], [75600, 79200, 1800], [79200, 86400, 1200]]"
104,104,Providencia,3,"[[0, 3600, 1800], [3600, 19800, 1157], [19800, 23400, 360], [19800, 27000, 800], [23400, 28800, 270], [23400, 32400, 428], [27000, 46800, 582], [28800, 34200, 360], [32400, 43200, 431], [34200, 45000, 360], [43200, 54000, 450], [45000, 50400, 385], [46800, 64800, 529], [50400, 59400, 409], [54000, 70200, 476], [59400, 66600, 360], [64800, 75600, 635], [66600, 73800, 514], [70200, 79200, 600], [73800, 79200, 600], [75600, 79200, 900], [79200, 86400, 800]]"
105,105,Lo Espejo,3,"[[3600, 19800, 8100], [19800, 23400, 400], [19800, 27000, 1200], [23400, 28800, 415], [23400, 32400, 500], [27000, 46800, 682], [28800, 34200, 415], [32400, 43200, 600], [34200, 45000, 568], [43200, 54000, 540], [45000, 50400, 600], [46800, 64800, 642], [50400, 59400, 600], [54000, 70200, 558], [59400, 66600, 423], [64800, 75600, 771], [66600, 73800, 480], [70200, 79200, 642], [73800, 79200, 900], [75600, 79200, 1200], [79200, 86400, 1028]]"
105c,105c,© Lo Valledor - Lo Espejo,3,"[[19800, 23400, 720], [23400, 28800, 675], [28800, 34200, 771], [59400, 66600, 900], [66600, 73800, 900], [73800, 79200, 2700]]"
106,106,Nueva San Martin,3,"[[19800, 23400, 900], [19800, 27000, 1800], [23400, 28800, 490], [23400, 32400, 900], [27000, 46800, 1164], [28800, 34200, 675], [32400, 43200, 900], [34200, 45000, 635], [43200, 54000, 900], [45000, 50400, 600], [46800, 64800, 1200], [50400, 59400, 600], [54000, 70200, 900], [59400, 66600, 600], [64800, 75600, 1200], [66600, 73800, 720], [70200, 79200, 1125], [73800, 79200, 900], [75600, 79200, 1200], [79200, 86400, 1028]]"
107,107,Ciudad Empresarial,3,"[[0, 3600, 1800], [3600, 19800, 1246], [19800, 23400, 257], [19800, 27000, 900], [23400, 28800, 337], [23400, 32400, 500], [27000, 46800, 600], [28800, 34200, 450], [32400, 43200, 514], [34200, 45000, 514], [43200, 54000, 514], [45000, 50400, 490], [46800, 64800, 600], [50400, 59400, 473], [54000, 70200, 522], [59400, 66600, 400], [64800, 75600, 600], [66600, 73800, 514], [70200, 79200, 642], [73800, 79200, 771], [75600, 79200, 720], [79200, 86400, 900]]"
107c,107c,Ciudad Empresarial,3,"[[23400, 28800, 540], [59400, 66600, 2400], [66600, 73800, 1200]]"
108,108,Maipu,3,"[[19800, 23400, 720], [19800, 27000, 1200], [23400, 28800, 450], [23400, 32400, 750], [27000, 46800, 900], [28800, 34200, 540], [32400, 43200, 720], [34200, 45000, 720], [43200, 54000, 771], [45000, 50400, 675], [46800, 64800, 900], [50400, 59400, 562], [54000, 70200, 736], [59400, 66600, 480], [64800, 75600, 900], [66600, 73800, 720], [70200, 79200, 900], [73800, 79200, 900], [75600, 79200, 1200], [79200, 86400, 1028]]"
109,109,Renca,3,"[[19800, 23400, 450], [19800, 27000, 1200], [23400, 28800, 490], [23400, 32400, 900], [27000, 46800, 942], [28800, 34200, 600], [32400, 43200, 900], [34200, 45000, 635], [43200, 54000, 900], [45000, 50400, 675], [46800, 64800, 900], [50400, 59400, 529], [54000, 70200, 900], [59400, 66600, 514], [64800, 75600, 1200], [66600, 73800, 600], [70200, 79200, 1125], [73800, 79200, 771], [75600, 79200, 1200], [79200, 86400, 1028]]"
109N,109n,Plaza Italia,3,"[[0, 3600, 1800], [3600, 19800, 1800]]"
110,110,Maipu,3,"[[0, 3600, 1800], [19800, 23400, 900], [19800, 27000, 1200], [23400, 28800, 675], [23400, 32400, 750], [27000, 46800, 942], [28800, 34200, 675], [32400, 43200, 771], [34200, 45000, 720], [43200, 54000, 635], [45000, 50400, 771], [46800, 64800, 900], [50400, 59400, 600], [54000, 70200, 623], [59400, 66600, 600], [64800, 75600, 981], [66600, 73800, 654], [70200, 79200, 818], [73800, 79200, 771], [75600, 79200, 1200], [79200, 86400, 900]]"
113,113,Ciudad Satelite,3,"[[19800, 27000, 3600], [23400, 28800, 675], [23400, 32400, 1125], [27000, 46800, 900], [28800, 34200, 771], [32400, 43200, 830], [34200, 45000, 720], [43200, 54000, 900], [45000, 50400, 675], [46800, 64800, 900], [50400, 59400, 692], [54000, 70200, 900], [59400, 66600, 654], [64800, 75600, 900], [66600, 73800, 800], [70200, 79200, 1000], [73800, 79200, 675], [75600, 79200, 1200], [79200, 86400, 1200]]"
113c,113c,(M) Cerrillos,3,"[[19800, 23400, 1200], [23400, 28800, 490], [28800, 34200, 1800], [66600, 73800, 800]]"
113e,113e,Ciudad Satelite,3,"[[59400, 66600, 720], [66600, 73800, 514], [73800, 79200, 1350]]"
114,114,(M) Ñuñoa,3,"[[3600, 19800, 5400], [19800, 23400, 600], [19800, 27000, 1028], [23400, 28800, 490], [23400, 32400, 900], [27000, 46800, 1042], [28800, 34200, 675], [32400, 43200, 900], [34200, 45000, 720], [43200, 54000, 900], [45000, 50400, 675], [46800, 64800, 900], [50400, 59400, 750], [54000, 70200, 900], [59400, 66600, 720], [64800, 75600, 981], [66600, 73800, 800], [70200, 79200, 1125], [73800, 79200, 900], [75600, 79200, 1800], [79200, 86400, 1800]]"
115,115,(M) Los Heroes,3,"[[19800, 23400, 600], [19800, 27000, 1200], [23400, 28800, 600], [23400, 32400, 818], [27000, 46800, 1164], [28800, 34200, 675], [32400, 43200, 1080], [34200, 45000, 675], [43200, 54000, 900], [45000, 50400, 600], [46800, 64800, 1200], [50400, 59400, 500], [54000, 70200, 1246], [59400, 66600, 600], [64800, 75600, 1200], [66600, 73800, 800], [70200, 79200, 1000], [73800, 79200, 771], [75600, 79200, 1200], [79200, 86400, 1800]]"
115c,115c,© Villa El Abrazo -  (M) Cerrillos,3,"[[19800, 23400, 900], [23400, 28800, 900], [28800, 34200, 900], [59400, 66600, 1028], [66600, 73800, 1028]]"
116,116,Centro,3,"[[19800, 23400, 720], [19800, 27000, 1200], [23400, 28800, 675], [23400, 32400, 750], [27000, 46800, 900], [28800, 34200, 771], [32400, 43200, 720], [34200, 45000, 720], [43200, 54000, 771], [45000, 50400, 771], [46800, 64800, 947], [50400, 59400, 642], [54000, 70200, 952], [59400, 66600, 654], [64800, 75600, 1200], [66600, 73800, 720], [70200, 79200, 1285], [73800, 79200, 771], [75600, 79200, 1200], [79200, 86400, 1200]]"
117,117,(M) Vespucio Norte,3,"[[3600, 19800, 8100], [19800, 23400, 720], [19800, 27000, 1800], [23400, 28800, 450], [23400, 32400, 750], [27000, 46800, 900], [28800, 34200, 540], [32400, 43200, 720], [34200, 45000, 675], [43200, 54000, 720], [45000, 50400, 600], [46800, 64800, 900], [50400, 59400, 692], [54000, 70200, 900], [59400, 66600, 600], [64800, 75600, 1200], [66600, 73800, 600], [70200, 79200, 1125], [73800, 79200, 771], [75600, 79200, 1200], [79200, 86400, 1028]]"
117c,117c,© Huechuraba - Providencia,3,"[[19800, 23400, 900], [23400, 28800, 600], [28800, 34200, 1080], [50400, 59400, 4500], [59400, 66600, 720], [66600, 73800, 800], [73800, 79200, 1800]]"
118,118,La Florida,3,"[[19800, 23400, 514], [19800, 27000, 1028], [23400, 28800, 450], [23400, 32400, 900], [27000, 46800, 1042], [28800, 34200, 540], [32400, 43200, 900], [34200, 45000, 900], [43200, 54000, 830], [45000, 50400, 900], [46800, 64800, 1000], [50400, 59400, 750], [54000, 70200, 852], [59400, 66600, 600], [64800, 75600, 981], [66600, 73800, 600], [70200, 79200, 1000], [73800, 79200, 600], [75600, 79200, 1200], [79200, 86400, 1200]]"
119,119,Mapocho,3,"[[0, 3600, 1800], [3600, 19800, 1800], [19800, 23400, 327], [19800, 27000, 900], [23400, 28800, 300], [23400, 32400, 818], [27000, 46800, 900], [28800, 34200, 490], [32400, 43200, 900], [34200, 45000, 568], [43200, 54000, 900], [45000, 50400, 675], [46800, 64800, 900], [50400, 59400, 500], [54000, 70200, 900], [59400, 66600, 480], [64800, 75600, 900], [66600, 73800, 800], [70200, 79200, 1000], [73800, 79200, 900], [75600, 79200, 1200], [79200, 86400, 1200]]"
120,120,(M) La Cisterna,3,"[[3600, 19800, 2314], [19800, 23400, 600], [19800, 27000, 1200], [23400, 28800, 675], [23400, 32400, 900], [27000, 46800, 990], [28800, 34200, 771], [32400, 43200, 900], [34200, 45000, 720], [43200, 54000, 830], [45000, 50400, 771], [46800, 64800, 1000], [50400, 59400, 600], [54000, 70200, 900], [59400, 66600, 720], [64800, 75600, 1200], [66600, 73800, 720], [70200, 79200, 1285], [73800, 79200, 771], [75600, 79200, 900], [79200, 86400, 1200]]"
121,121,Mapocho,3,"[[19800, 23400, 600], [19800, 27000, 1200], [23400, 28800, 450], [23400, 32400, 692], [27000, 46800, 900], [28800, 34200, 600], [32400, 43200, 830], [34200, 45000, 675], [43200, 54000, 830], [45000, 50400, 675], [46800, 64800, 900], [50400, 59400, 692], [54000, 70200, 900], [59400, 66600, 553], [64800, 75600, 900], [66600, 73800, 553], [70200, 79200, 818], [73800, 79200, 900], [75600, 79200, 1200], [79200, 86400, 1800]]"
124,124,(M) Macul,3,"[[3600, 19800, 4050], [19800, 23400, 514], [19800, 27000, 1028], [23400, 28800, 490], [23400, 32400, 642], [27000, 46800, 860], [28800, 34200, 600], [32400, 43200, 720], [34200, 45000, 720], [43200, 54000, 720], [45000, 50400, 600], [46800, 64800, 947], [50400, 59400, 750], [54000, 70200, 952], [59400, 66600, 720], [64800, 75600, 981], [66600, 73800, 720], [70200, 79200, 1125], [73800, 79200, 771], [75600, 79200, 1200], [79200, 86400, 1200]]"
125,125,(M) U. De Chile,3,"[[3600, 19800, 16200], [19800, 23400, 900], [19800, 27000, 1028], [23400, 28800, 600], [23400, 32400, 818], [27000, 46800, 900], [28800, 34200, 675], [32400, 43200, 900], [34200, 45000, 720], [43200, 54000, 900], [45000, 50400, 675], [46800, 64800, 900], [50400, 59400, 750], [54000, 70200, 900], [59400, 66600, 720], [64800, 75600, 900], [66600, 73800, 720], [70200, 79200, 1125], [73800, 79200, 900], [75600, 79200, 1200], [79200, 86400, 1800]]"
126,126,(M) Manuel Montt,3,"[[19800, 23400, 720], [23400, 28800, 600], [28800, 34200, 675], [34200, 45000, 720], [45000, 50400, 771], [50400, 59400, 692], [59400, 66600, 600], [66600, 73800, 654], [73800, 79200, 900]]"
201,201,San Bernardo,3,"[[0, 3600, 1200], [3600, 19800, 1349], [19800, 23400, 450], [19800, 27000, 553], [23400, 28800, 450], [23400, 32400, 600], [27000, 46800, 660], [28800, 34200, 450], [32400, 43200, 540], [34200, 45000, 514], [43200, 54000, 490], [45000, 50400, 540], [46800, 64800, 529], [50400, 59400, 529], [54000, 70200, 558], [59400, 66600, 514], [64800, 75600, 568], [66600, 73800, 553], [70200, 79200, 818], [73800, 79200, 675], [75600, 79200, 900], [79200, 86400, 800]]"
201e,201e,(M) Santa Ana,3,"[[19800, 23400, 360], [19800, 27000, 1028], [23400, 28800, 337], [23400, 32400, 900], [27000, 46800, 900], [28800, 34200, 540], [32400, 43200, 900], [34200, 45000, 600], [43200, 54000, 900], [45000, 50400, 490], [46800, 64800, 900], [50400, 59400, 600], [54000, 70200, 900], [59400, 66600, 313], [64800, 75600, 830], [66600, 73800, 342], [70200, 79200, 900], [73800, 79200, 600], [75600, 79200, 1200], [79200, 86400, 1200]]"
203,203,Av. Recoleta,3,"[[19800, 23400, 450], [19800, 27000, 800], [23400, 28800, 415], [23400, 32400, 529], [27000, 46800, 761], [28800, 34200, 490], [32400, 43200, 600], [34200, 45000, 675], [43200, 54000, 635], [45000, 50400, 600], [46800, 64800, 818], [50400, 59400, 750], [54000, 70200, 704], [59400, 66600, 553], [64800, 75600, 771], [66600, 73800, 600], [70200, 79200, 692], [73800, 79200, 900], [75600, 79200, 720], [79200, 86400, 1028]]"
203N,203n,La Pintana,3,"[[0, 3600, 1200], [3600, 19800, 1620]]"
203e,203e,Centro,3,"[[19800, 23400, 400], [23400, 28800, 360], [28800, 34200, 385], [59400, 66600, 514], [66600, 73800, 480], [73800, 79200, 1080]]"
204,204,Pie Andino,3,"[[19800, 23400, 514], [19800, 27000, 1028], [23400, 28800, 415], [23400, 32400, 750], [27000, 46800, 761], [28800, 34200, 360], [32400, 43200, 720], [34200, 45000, 360], [43200, 54000, 514], [45000, 50400, 360], [46800, 64800, 720], [50400, 59400, 391], [54000, 70200, 771], [59400, 66600, 423], [64800, 75600, 771], [66600, 73800, 514], [70200, 79200, 692], [73800, 79200, 675], [75600, 79200, 720], [79200, 86400, 800]]"
204N,204n,Pie Andino,3,"[[0, 3600, 1200], [3600, 19800, 1800]]"
205,205,Puente Alto,3,"[[0, 3600, 1200], [19800, 23400, 900], [19800, 27000, 1200], [23400, 28800, 490], [23400, 32400, 750], [27000, 46800, 1164], [28800, 34200, 540], [32400, 43200, 900], [34200, 45000, 720], [43200, 54000, 900], [45000, 50400, 771], [46800, 64800, 1200], [50400, 59400, 692], [54000, 70200, 900], [59400, 66600, 514], [64800, 75600, 1200], [66600, 73800, 553], [70200, 79200, 1125], [73800, 79200, 771], [75600, 79200, 1200], [79200, 86400, 1200]]"
206,206,La Pintana,3,"[[0, 3600, 1800], [3600, 19800, 5400], [19800, 23400, 450], [19800, 27000, 1200], [23400, 28800, 415], [23400, 32400, 750], [27000, 46800, 1042], [28800, 34200, 490], [32400, 43200, 771], [34200, 45000, 490], [43200, 54000, 771], [45000, 50400, 450], [46800, 64800, 782], [50400, 59400, 500], [54000, 70200, 900], [59400, 66600, 600], [64800, 75600, 830], [66600, 73800, 600], [70200, 79200, 900], [73800, 79200, 675], [75600, 79200, 900], [79200, 86400, 900]]"
206c,206c,(M) Bio Bio,3,"[[19800, 23400, 900], [23400, 28800, 675], [28800, 34200, 1800], [59400, 66600, 654], [66600, 73800, 600], [73800, 79200, 1080]]"
207,207,Av. Santa Rosa,3,"[[0, 3600, 1800], [3600, 19800, 1620], [19800, 23400, 514], [19800, 27000, 1028], [23400, 28800, 450], [23400, 32400, 600], [27000, 46800, 761], [28800, 34200, 450], [32400, 43200, 600], [34200, 45000, 450], [43200, 54000, 540], [45000, 50400, 450], [46800, 64800, 818], [50400, 59400, 450], [54000, 70200, 600], [59400, 66600, 480], [64800, 75600, 720], [66600, 73800, 514], [70200, 79200, 642], [73800, 79200, 600], [75600, 79200, 720], [79200, 86400, 800]]"
207e,207e,Mapocho,3,"[[23400, 28800, 490], [28800, 34200, 1800], [59400, 66600, 514], [66600, 73800, 553], [73800, 79200, 771], [79200, 86400, 1800]]"
208,208,Centro,3,"[[19800, 23400, 276], [19800, 27000, 900], [23400, 28800, 300], [23400, 32400, 750], [27000, 46800, 900], [28800, 34200, 300], [32400, 43200, 635], [34200, 45000, 431], [43200, 54000, 568], [45000, 50400, 450], [46800, 64800, 900], [50400, 59400, 450], [54000, 70200, 704], [59400, 66600, 342], [64800, 75600, 900], [66600, 73800, 360], [70200, 79200, 818], [73800, 79200, 540], [75600, 79200, 900], [79200, 86400, 800]]"
209,209,El Volcan,3,"[[0, 3600, 1200], [19800, 23400, 720], [19800, 27000, 1200], [23400, 28800, 600], [23400, 32400, 750], [27000, 46800, 825], [28800, 34200, 540], [32400, 43200, 720], [34200, 45000, 675], [43200, 54000, 600], [45000, 50400, 675], [46800, 64800, 750], [50400, 59400, 600], [54000, 70200, 736], [59400, 66600, 514], [64800, 75600, 720], [66600, 73800, 514], [70200, 79200, 750], [73800, 79200, 675], [75600, 79200, 900], [79200, 86400, 900]]"
210,210,Puente Alto,3,"[[0, 3600, 1200], [3600, 19800, 1800], [19800, 23400, 400], [19800, 27000, 720], [23400, 28800, 317], [23400, 32400, 750], [27000, 46800, 825], [28800, 34200, 337], [32400, 43200, 720], [34200, 45000, 431], [43200, 54000, 540], [45000, 50400, 450], [46800, 64800, 818], [50400, 59400, 450], [54000, 70200, 648], [59400, 66600, 360], [64800, 75600, 900], [66600, 73800, 327], [70200, 79200, 600], [73800, 79200, 415], [75600, 79200, 900], [79200, 86400, 720]]"
210e,210e,Puente Alto,3,"[[23400, 28800, 1800], [28800, 34200, 5400], [59400, 66600, 1440], [66600, 73800, 720]]"
210v,210v,Av. Mexico,3,"[[0, 3600, 1800], [3600, 19800, 1800], [19800, 23400, 720], [19800, 27000, 720], [23400, 28800, 600], [23400, 32400, 900], [27000, 46800, 860], [28800, 34200, 771], [32400, 43200, 900], [34200, 45000, 720], [43200, 54000, 720], [45000, 50400, 675], [46800, 64800, 857], [50400, 59400, 692], [54000, 70200, 852], [59400, 66600, 553], [64800, 75600, 830], [66600, 73800, 600], [70200, 79200, 818], [73800, 79200, 600], [75600, 79200, 900], [79200, 86400, 1028]]"
211,211,La Florida,3,"[[3600, 19800, 2700], [19800, 23400, 514], [19800, 27000, 720], [23400, 28800, 540], [23400, 32400, 562], [27000, 46800, 682], [28800, 34200, 600], [32400, 43200, 490], [34200, 45000, 675], [43200, 54000, 514], [45000, 50400, 675], [46800, 64800, 666], [50400, 59400, 600], [54000, 70200, 522], [59400, 66600, 553], [64800, 75600, 675], [66600, 73800, 553], [70200, 79200, 692], [73800, 79200, 771], [75600, 79200, 900], [79200, 86400, 1440]]"
212,212,Mall Costanera Center,3,"[[19800, 23400, 327], [19800, 27000, 800], [23400, 28800, 360], [23400, 32400, 692], [27000, 46800, 825], [28800, 34200, 450], [32400, 43200, 600], [34200, 45000, 469], [43200, 54000, 771], [45000, 50400, 415], [46800, 64800, 750], [50400, 59400, 409], [54000, 70200, 852], [59400, 66600, 342], [64800, 75600, 900], [66600, 73800, 400], [70200, 79200, 900], [73800, 79200, 490], [75600, 79200, 900], [79200, 86400, 800]]"
213e,213e,Puente Alto,3,"[[19800, 23400, 1200], [23400, 28800, 600], [28800, 34200, 600], [34200, 45000, 600], [45000, 50400, 600], [50400, 59400, 600], [59400, 66600, 600], [66600, 73800, 600], [73800, 79200, 771], [79200, 86400, 900]]"
214,214,Los Libertadores,3,"[[19800, 23400, 600], [19800, 27000, 1200], [23400, 28800, 450], [23400, 32400, 750], [27000, 46800, 860], [28800, 34200, 540], [32400, 43200, 675], [34200, 45000, 675], [43200, 54000, 771], [45000, 50400, 771], [46800, 64800, 900], [50400, 59400, 600], [54000, 70200, 704], [59400, 66600, 553], [64800, 75600, 900], [66600, 73800, 600], [70200, 79200, 900], [73800, 79200, 771], [75600, 79200, 1200], [79200, 86400, 1028]]"
216,216,Pablo De Rokha,3,"[[0, 3600, 1800], [19800, 23400, 514], [19800, 27000, 1200], [23400, 28800, 257], [23400, 32400, 750], [27000, 46800, 900], [28800, 34200, 415], [32400, 43200, 900], [34200, 45000, 514], [43200, 54000, 675], [45000, 50400, 450], [46800, 64800, 900], [50400, 59400, 450], [54000, 70200, 704], [59400, 66600, 360], [64800, 75600, 900], [66600, 73800, 423], [70200, 79200, 562], [73800, 79200, 675], [75600, 79200, 900], [79200, 86400, 900]]"
217e,217e,(M) Santa Ana,3,"[[19800, 23400, 1200], [23400, 28800, 1080], [28800, 34200, 1350], [59400, 66600, 2400], [66600, 73800, 1200]]"
219e,219e,Ciudad Empresarial,3,"[[19800, 23400, 514], [23400, 28800, 490], [28800, 34200, 600], [59400, 66600, 1440], [66600, 73800, 720], [73800, 79200, 2700]]"
223,223,Lo Espejo,3,"[[0, 3600, 1200], [19800, 23400, 514], [19800, 27000, 1028], [23400, 28800, 415], [23400, 32400, 692], [27000, 46800, 707], [28800, 34200, 540], [32400, 43200, 720], [34200, 45000, 600], [43200, 54000, 635], [45000, 50400, 675], [46800, 64800, 750], [50400, 59400, 600], [54000, 70200, 736], [59400, 66600, 514], [64800, 75600, 771], [66600, 73800, 423], [70200, 79200, 750], [73800, 79200, 675], [75600, 79200, 720], [79200, 86400, 900]]"
224,224,Ñuñoa,3,"[[19800, 23400, 600], [19800, 27000, 800], [23400, 28800, 600], [23400, 32400, 750], [27000, 46800, 860], [28800, 34200, 600], [32400, 43200, 771], [34200, 45000, 830], [43200, 54000, 720], [45000, 50400, 490], [46800, 64800, 818], [50400, 59400, 600], [54000, 70200, 736], [59400, 66600, 514], [64800, 75600, 830], [66600, 73800, 654], [70200, 79200, 818], [73800, 79200, 675], [75600, 79200, 1800], [79200, 86400, 1440]]"
225,225,Las Condes,3,"[[19800, 23400, 514], [19800, 27000, 900], [23400, 28800, 540], [23400, 32400, 692], [27000, 46800, 900], [28800, 34200, 600], [32400, 43200, 830], [34200, 45000, 635], [43200, 54000, 830], [45000, 50400, 675], [46800, 64800, 900], [50400, 59400, 600], [54000, 70200, 810], [59400, 66600, 600], [64800, 75600, 900], [66600, 73800, 600], [70200, 79200, 750], [73800, 79200, 771], [75600, 79200, 900], [79200, 86400, 1028]]"
226,226,Nonato Coo,3,"[[0, 3600, 1800], [19800, 23400, 900], [19800, 27000, 1028], [23400, 28800, 540], [23400, 32400, 818], [27000, 46800, 792], [28800, 34200, 600], [32400, 43200, 771], [34200, 45000, 635], [43200, 54000, 720], [45000, 50400, 540], [46800, 64800, 750], [50400, 59400, 642], [54000, 70200, 736], [59400, 66600, 400], [64800, 75600, 720], [66600, 73800, 480], [70200, 79200, 818], [73800, 79200, 675], [75600, 79200, 720], [79200, 86400, 1028]]"
227,227,La Reina,3,"[[19800, 23400, 720], [19800, 27000, 900], [23400, 28800, 600], [23400, 32400, 900], [27000, 46800, 900], [28800, 34200, 675], [32400, 43200, 771], [34200, 45000, 771], [43200, 54000, 720], [45000, 50400, 600], [46800, 64800, 818], [50400, 59400, 600], [54000, 70200, 736], [59400, 66600, 800], [64800, 75600, 830], [66600, 73800, 720], [70200, 79200, 900], [73800, 79200, 675], [75600, 79200, 900], [79200, 86400, 1028]]"
229,229,La Pintana,3,"[[19800, 23400, 1200], [19800, 27000, 1440], [23400, 28800, 540], [23400, 32400, 900], [27000, 46800, 900], [28800, 34200, 771], [32400, 43200, 830], [34200, 45000, 635], [43200, 54000, 830], [45000, 50400, 771], [46800, 64800, 818], [50400, 59400, 600], [54000, 70200, 810], [59400, 66600, 553], [64800, 75600, 830], [66600, 73800, 600], [70200, 79200, 818], [73800, 79200, 600], [75600, 79200, 1200], [79200, 86400, 1800]]"
230,230,Centro,3,"[[0, 3600, 1800], [3600, 19800, 1620], [19800, 23400, 720], [19800, 27000, 900], [23400, 28800, 600], [23400, 32400, 818], [27000, 46800, 900], [28800, 34200, 675], [32400, 43200, 771], [34200, 45000, 771], [43200, 54000, 830], [45000, 50400, 771], [46800, 64800, 900], [50400, 59400, 818], [54000, 70200, 900], [59400, 66600, 720], [64800, 75600, 830], [66600, 73800, 654], [70200, 79200, 900], [73800, 79200, 900], [75600, 79200, 900], [79200, 86400, 1028]]"
233,233,(M) B. De La Florida,3,"[[19800, 23400, 514], [19800, 27000, 1028], [23400, 28800, 490], [23400, 32400, 750], [27000, 46800, 900], [28800, 34200, 771], [32400, 43200, 720], [34200, 45000, 720], [43200, 54000, 771], [45000, 50400, 675], [46800, 64800, 1000], [50400, 59400, 750], [54000, 70200, 900], [59400, 66600, 514], [64800, 75600, 1200], [66600, 73800, 600], [70200, 79200, 1125], [73800, 79200, 771], [75600, 79200, 1200], [79200, 86400, 1800]]"
234,234,Ejercito Libertador,3,"[[19800, 23400, 900], [19800, 27000, 1200], [23400, 28800, 540], [23400, 32400, 900], [27000, 46800, 1164], [28800, 34200, 771], [32400, 43200, 900], [34200, 45000, 771], [43200, 54000, 900], [45000, 50400, 675], [46800, 64800, 1200], [50400, 59400, 750], [54000, 70200, 900], [59400, 66600, 600], [64800, 75600, 1200], [66600, 73800, 720], [70200, 79200, 900], [73800, 79200, 771], [75600, 79200, 1200], [79200, 86400, 900]]"
244,244,Hospital Eloisa Diaz,3,"[[19800, 23400, 900], [19800, 27000, 1200], [23400, 28800, 900], [23400, 32400, 1125], [27000, 46800, 1164], [28800, 34200, 1080], [32400, 43200, 1200], [34200, 45000, 1200], [43200, 54000, 1200], [45000, 50400, 1080], [46800, 64800, 1200], [50400, 59400, 1285], [54000, 70200, 1246], [59400, 66600, 900], [64800, 75600, 1200], [66600, 73800, 900], [70200, 79200, 1125], [73800, 79200, 1349], [75600, 79200, 1200], [79200, 86400, 2400]]"
262N,262n,Villa España,3,"[[0, 3600, 1200], [3600, 19800, 1800]]"
264N,264n,Santo Tomas,3,"[[0, 3600, 1200], [3600, 19800, 1800]]"
271,271,San Bernardo,3,"[[19800, 23400, 1200], [23400, 28800, 490], [28800, 34200, 600], [34200, 45000, 600], [45000, 50400, 600], [50400, 59400, 900], [59400, 66600, 720], [66600, 73800, 600], [73800, 79200, 600], [79200, 86400, 1800]]"
286,286,La Pintana,3,"[[0, 3600, 1800], [19800, 23400, 1800], [19800, 27000, 1800], [23400, 28800, 600], [23400, 32400, 692], [27000, 46800, 860], [28800, 34200, 600], [32400, 43200, 720], [34200, 45000, 635], [43200, 54000, 720], [45000, 50400, 771], [46800, 64800, 900], [50400, 59400, 600], [54000, 70200, 900], [59400, 66600, 514], [64800, 75600, 900], [66600, 73800, 514], [70200, 79200, 900], [73800, 79200, 600], [75600, 79200, 900], [79200, 86400, 900]]"
301,301,Juan Antonio Rios,3,"[[0, 3600, 1200], [3600, 19800, 900], [19800, 23400, 225], [19800, 27000, 720], [23400, 28800, 245], [23400, 32400, 391], [27000, 46800, 707], [28800, 34200, 284], [32400, 43200, 514], [34200, 45000, 327], [43200, 54000, 540], [45000, 50400, 337], [46800, 64800, 720], [50400, 59400, 300], [54000, 70200, 704], [59400, 66600, 300], [64800, 75600, 720], [66600, 73800, 300], [70200, 79200, 642], [73800, 79200, 317], [75600, 79200, 720], [79200, 86400, 514]]"
302,302,La Pintana,3,"[[19800, 23400, 720], [19800, 27000, 1200], [23400, 28800, 600], [23400, 32400, 818], [27000, 46800, 900], [28800, 34200, 600], [32400, 43200, 900], [34200, 45000, 720], [43200, 54000, 830], [45000, 50400, 771], [46800, 64800, 900], [50400, 59400, 600], [54000, 70200, 704], [59400, 66600, 600], [64800, 75600, 900], [66600, 73800, 600], [70200, 79200, 818], [73800, 79200, 771], [75600, 79200, 1200], [79200, 86400, 900]]"
302N,302n,Alameda,3,"[[0, 3600, 1800], [3600, 19800, 1800]]"
303,303,Quilicura,3,"[[0, 3600, 1800], [3600, 19800, 1800], [19800, 23400, 720], [19800, 27000, 1200], [23400, 28800, 360], [23400, 32400, 692], [27000, 46800, 900], [28800, 34200, 490], [32400, 43200, 720], [34200, 45000, 720], [43200, 54000, 720], [45000, 50400, 600], [46800, 64800, 900], [50400, 59400, 600], [54000, 70200, 771], [59400, 66600, 360], [64800, 75600, 900], [66600, 73800, 480], [70200, 79200, 900], [73800, 79200, 675], [75600, 79200, 1200], [79200, 86400, 800]]"
306,306,Juan Antonio Rios,3,"[[19800, 23400, 900], [19800, 27000, 1440], [23400, 28800, 450], [23400, 32400, 692], [27000, 46800, 1237], [28800, 34200, 540], [32400, 43200, 720], [34200, 45000, 600], [43200, 54000, 720], [45000, 50400, 600], [46800, 64800, 1200], [50400, 59400, 600], [54000, 70200, 736], [59400, 66600, 514], [64800, 75600, 1200], [66600, 73800, 450], [70200, 79200, 692], [73800, 79200, 600], [75600, 79200, 1200], [79200, 86400, 1028]]"
307,307,Plaza Italia,3,"[[3600, 19800, 5400], [19800, 23400, 400], [19800, 27000, 1200], [23400, 28800, 385], [23400, 32400, 818], [27000, 46800, 860], [28800, 34200, 600], [32400, 43200, 900], [34200, 45000, 720], [43200, 54000, 900], [45000, 50400, 490], [46800, 64800, 1000], [50400, 59400, 500], [54000, 70200, 900], [59400, 66600, 360], [64800, 75600, 981], [66600, 73800, 360], [70200, 79200, 900], [73800, 79200, 675], [75600, 79200, 1200], [79200, 86400, 900]]"
307e,307e,(M) Santa Lucia,3,"[[3600, 19800, 5400], [19800, 23400, 600], [23400, 28800, 540], [28800, 34200, 771], [59400, 66600, 720], [66600, 73800, 514], [73800, 79200, 1350]]"
308,308,Mapocho,3,"[[3600, 19800, 5400], [19800, 23400, 450], [19800, 27000, 800], [23400, 28800, 450], [23400, 32400, 818], [27000, 46800, 900], [28800, 34200, 450], [32400, 43200, 771], [34200, 45000, 600], [43200, 54000, 771], [45000, 50400, 675], [46800, 64800, 900], [50400, 59400, 692], [54000, 70200, 771], [59400, 66600, 450], [64800, 75600, 900], [66600, 73800, 654], [70200, 79200, 900], [73800, 79200, 771], [75600, 79200, 1200], [79200, 86400, 1028]]"
313e,313e,Quilicura,3,"[[19800, 23400, 3600], [23400, 28800, 600], [28800, 34200, 900], [59400, 66600, 1028], [66600, 73800, 514], [73800, 79200, 1350]]"
314,314,Plaza Italia,3,"[[3600, 19800, 5400], [19800, 23400, 514], [19800, 27000, 1200], [23400, 28800, 490], [23400, 32400, 818], [27000, 46800, 860], [28800, 34200, 540], [32400, 43200, 771], [34200, 45000, 600], [43200, 54000, 675], [45000, 50400, 900], [46800, 64800, 900], [50400, 59400, 692], [54000, 70200, 900], [59400, 66600, 600], [64800, 75600, 900], [66600, 73800, 720], [70200, 79200, 900], [73800, 79200, 771], [75600, 79200, 1200], [79200, 86400, 1028]]"
315e,315e,(M) Santa Lucia,3,"[[3600, 19800, 2700], [19800, 23400, 276], [19800, 27000, 800], [23400, 28800, 225], [23400, 32400, 500], [27000, 46800, 860], [28800, 34200, 337], [32400, 43200, 600], [34200, 45000, 514], [43200, 54000, 720], [45000, 50400, 540], [46800, 64800, 947], [50400, 59400, 562], [54000, 70200, 736], [59400, 66600, 342], [64800, 75600, 1200], [66600, 73800, 360], [70200, 79200, 1000], [73800, 79200, 771], [75600, 79200, 1200], [79200, 86400, 1800]]"
320,320,Maria Angelica,3,"[[19800, 23400, 1200], [19800, 27000, 1440], [23400, 28800, 675], [23400, 32400, 900], [27000, 46800, 1237], [28800, 34200, 900], [32400, 43200, 900], [34200, 45000, 900], [43200, 54000, 900], [45000, 50400, 900], [46800, 64800, 1200], [50400, 59400, 900], [54000, 70200, 900], [59400, 66600, 900], [64800, 75600, 1200], [66600, 73800, 900], [70200, 79200, 900], [73800, 79200, 900], [75600, 79200, 1200], [79200, 86400, 1200]]"
320c,320c,Maria Angelica,3,"[[23400, 28800, 1080], [28800, 34200, 5400], [59400, 66600, 2400], [66600, 73800, 1200], [73800, 79200, 1800]]"
321,321,(M) Lo Ovalle,3,"[[19800, 23400, 600], [19800, 27000, 1200], [23400, 28800, 600], [23400, 32400, 818], [27000, 46800, 900], [28800, 34200, 771], [32400, 43200, 900], [34200, 45000, 981], [43200, 54000, 830], [45000, 50400, 900], [46800, 64800, 900], [50400, 59400, 900], [54000, 70200, 852], [59400, 66600, 800], [64800, 75600, 900], [66600, 73800, 900], [70200, 79200, 1125], [73800, 79200, 900], [75600, 79200, 1200], [79200, 86400, 2400]]"
322,322,Jardin Alto,3,"[[19800, 23400, 1800], [19800, 27000, 2400], [23400, 28800, 600], [23400, 32400, 900], [27000, 46800, 1164], [28800, 34200, 600], [32400, 43200, 900], [34200, 45000, 830], [43200, 54000, 771], [45000, 50400, 675], [46800, 64800, 1125], [50400, 59400, 750], [54000, 70200, 900], [59400, 66600, 553], [64800, 75600, 1080], [66600, 73800, 553], [70200, 79200, 750], [73800, 79200, 771], [75600, 79200, 1200], [79200, 86400, 1028]]"
323,323,La Loma,3,"[[19800, 23400, 900], [19800, 27000, 7200], [23400, 28800, 675], [23400, 32400, 900], [27000, 46800, 1164], [28800, 34200, 675], [32400, 43200, 830], [34200, 45000, 720], [43200, 54000, 720], [45000, 50400, 675], [46800, 64800, 1200], [50400, 59400, 692], [54000, 70200, 704], [59400, 66600, 600], [64800, 75600, 1200], [66600, 73800, 654], [70200, 79200, 818], [73800, 79200, 675], [75600, 79200, 1200], [79200, 86400, 1800]]"
325,325,Gabriela,3,"[[0, 3600, 1800], [19800, 23400, 720], [19800, 27000, 1800], [23400, 28800, 675], [23400, 32400, 750], [27000, 46800, 900], [28800, 34200, 771], [32400, 43200, 900], [34200, 45000, 771], [43200, 54000, 900], [45000, 50400, 900], [46800, 64800, 900], [50400, 59400, 900], [54000, 70200, 810], [59400, 66600, 900], [64800, 75600, 900], [66600, 73800, 900], [70200, 79200, 900], [73800, 79200, 1080], [75600, 79200, 900], [79200, 86400, 1028]]"
329,329,Mall Florida Center,3,"[[19800, 23400, 600], [19800, 27000, 900], [23400, 28800, 490], [23400, 32400, 818], [27000, 46800, 900], [28800, 34200, 771], [32400, 43200, 830], [34200, 45000, 720], [43200, 54000, 830], [45000, 50400, 771], [46800, 64800, 900], [50400, 59400, 692], [54000, 70200, 852], [59400, 66600, 720], [64800, 75600, 900], [66600, 73800, 800], [70200, 79200, 1000], [73800, 79200, 771], [75600, 79200, 1200], [79200, 86400, 1800]]"
345,345,Lo Espejo,3,"[[19800, 23400, 900], [19800, 27000, 1200], [23400, 28800, 675], [23400, 32400, 692], [27000, 46800, 1042], [28800, 34200, 771], [32400, 43200, 771], [34200, 45000, 771], [43200, 54000, 900], [45000, 50400, 900], [46800, 64800, 1000], [50400, 59400, 900], [54000, 70200, 900], [59400, 66600, 800], [64800, 75600, 1080], [66600, 73800, 800], [70200, 79200, 900], [73800, 79200, 771], [75600, 79200, 1200], [79200, 86400, 1440]]"
346N,346n,Lo Espejo,3,"[[0, 3600, 1800], [3600, 19800, 1800]]"
348,348,(M) Lo Ovalle,3,"[[19800, 23400, 720], [19800, 27000, 1028], [23400, 28800, 675], [23400, 32400, 818], [27000, 46800, 900], [28800, 34200, 675], [32400, 43200, 830], [34200, 45000, 720], [43200, 54000, 830], [45000, 50400, 675], [46800, 64800, 900], [50400, 59400, 750], [54000, 70200, 810], [59400, 66600, 654], [64800, 75600, 900], [66600, 73800, 720], [70200, 79200, 900], [73800, 79200, 771], [75600, 79200, 900], [79200, 86400, 1800]]"
385,385,Villa Francia,3,"[[19800, 23400, 1200], [19800, 27000, 1800], [23400, 28800, 675], [23400, 32400, 900], [27000, 46800, 900], [28800, 34200, 771], [32400, 43200, 900], [34200, 45000, 720], [43200, 54000, 900], [45000, 50400, 771], [46800, 64800, 900], [50400, 59400, 750], [54000, 70200, 952], [59400, 66600, 654], [64800, 75600, 900], [66600, 73800, 720], [70200, 79200, 1125], [73800, 79200, 900], [75600, 79200, 1200], [79200, 86400, 1200]]"
401,401,Maipu,3,"[[0, 3600, 900], [3600, 19800, 1800], [19800, 23400, 900], [19800, 27000, 900], [23400, 28800, 675], [23400, 32400, 750], [27000, 46800, 900], [28800, 34200, 675], [32400, 43200, 675], [34200, 45000, 600], [43200, 54000, 720], [45000, 50400, 675], [46800, 64800, 857], [50400, 59400, 562], [54000, 70200, 704], [59400, 66600, 342], [64800, 75600, 771], [66600, 73800, 553], [70200, 79200, 750], [73800, 79200, 771], [75600, 79200, 900], [79200, 86400, 800]]"
401c,401c,(M) Escuela Militar,3,"[[23400, 28800, 2700], [28800, 34200, 1800], [34200, 45000, 10800], [59400, 66600, 7200], [66600, 73800, 1800], [73800, 79200, 5400]]"
402,402,Centro,3,"[[19800, 23400, 900], [19800, 27000, 1200], [23400, 28800, 490], [23400, 32400, 750], [27000, 46800, 990], [28800, 34200, 600], [32400, 43200, 635], [34200, 45000, 720], [43200, 54000, 771], [45000, 50400, 771], [46800, 64800, 947], [50400, 59400, 692], [54000, 70200, 900], [59400, 66600, 654], [64800, 75600, 1200], [66600, 73800, 654], [70200, 79200, 900], [73800, 79200, 900], [75600, 79200, 1200], [79200, 86400, 1028]]"
403,403,La Reina,3,"[[0, 3600, 1800], [3600, 19800, 1800], [19800, 23400, 514], [19800, 27000, 1440], [23400, 28800, 450], [23400, 32400, 818], [27000, 46800, 990], [28800, 34200, 490], [32400, 43200, 635], [34200, 45000, 568], [43200, 54000, 720], [45000, 50400, 490], [46800, 64800, 900], [50400, 59400, 562], [54000, 70200, 771], [59400, 66600, 480], [64800, 75600, 900], [66600, 73800, 514], [70200, 79200, 1125], [73800, 79200, 771], [75600, 79200, 1200], [79200, 86400, 1200]]"
404,404,Mapocho,3,"[[0, 3600, 1200], [19800, 23400, 720], [19800, 27000, 1028], [23400, 28800, 675], [23400, 32400, 692], [27000, 46800, 900], [28800, 34200, 600], [32400, 43200, 600], [34200, 45000, 600], [43200, 54000, 600], [45000, 50400, 600], [46800, 64800, 947], [50400, 59400, 562], [54000, 70200, 704], [59400, 66600, 600], [64800, 75600, 1200], [66600, 73800, 720], [70200, 79200, 900], [73800, 79200, 675], [75600, 79200, 1200], [79200, 86400, 1028]]"
404c,404c,(M) Las Rejas,3,"[[19800, 23400, 1200], [23400, 28800, 284], [28800, 34200, 600]]"
405,405,Cantagallo,3,"[[0, 3600, 1800], [3600, 19800, 1349], [19800, 23400, 276], [19800, 27000, 514], [23400, 28800, 257], [23400, 32400, 473], [27000, 46800, 660], [28800, 34200, 415], [32400, 43200, 600], [34200, 45000, 635], [43200, 54000, 568], [45000, 50400, 675], [46800, 64800, 720], [50400, 59400, 692], [54000, 70200, 704], [59400, 66600, 553], [64800, 75600, 771], [66600, 73800, 720], [70200, 79200, 818], [73800, 79200, 900], [75600, 79200, 1200], [79200, 86400, 1200]]"
405c,405c,© Plaza Italia - Cantagallo,3,"[[3600, 19800, 5400], [19800, 23400, 600], [23400, 28800, 540], [28800, 34200, 675], [50400, 59400, 1500], [59400, 66600, 553], [66600, 73800, 600], [73800, 79200, 1800]]"
406,406,Pudahuel,3,"[[19800, 23400, 900], [19800, 27000, 1200], [23400, 28800, 415], [23400, 32400, 692], [27000, 46800, 1042], [28800, 34200, 385], [32400, 43200, 771], [34200, 45000, 400], [43200, 54000, 675], [45000, 50400, 600], [46800, 64800, 1000], [50400, 59400, 500], [54000, 70200, 704], [59400, 66600, 327], [64800, 75600, 981], [66600, 73800, 378], [70200, 79200, 900], [73800, 79200, 675], [75600, 79200, 1200], [79200, 86400, 1028]]"
406c,406c,© (M) Escuela Militar - Av. El Rodeo,3,"[[23400, 28800, 490], [23400, 32400, 750], [28800, 34200, 600], [32400, 43200, 2159], [34200, 45000, 3600], [50400, 59400, 3000], [59400, 66600, 553], [66600, 73800, 1028]]"
407,407,Enea,3,"[[0, 3600, 1800], [3600, 19800, 1620], [19800, 23400, 600], [19800, 27000, 1028], [23400, 28800, 317], [23400, 32400, 900], [27000, 46800, 942], [28800, 34200, 450], [32400, 43200, 981], [34200, 45000, 490], [43200, 54000, 900], [45000, 50400, 490], [46800, 64800, 1000], [50400, 59400, 391], [54000, 70200, 900], [59400, 66600, 300], [64800, 75600, 981], [66600, 73800, 654], [70200, 79200, 1000], [73800, 79200, 771], [75600, 79200, 1800], [79200, 86400, 1200]]"
408,408,Renca,3,"[[0, 3600, 1800], [19800, 23400, 900], [19800, 27000, 1200], [23400, 28800, 490], [23400, 32400, 1000], [27000, 46800, 990], [28800, 34200, 675], [32400, 43200, 981], [34200, 45000, 600], [43200, 54000, 771], [45000, 50400, 540], [46800, 64800, 1058], [50400, 59400, 500], [54000, 70200, 771], [59400, 66600, 423], [64800, 75600, 900], [66600, 73800, 400], [70200, 79200, 818], [73800, 79200, 540], [75600, 79200, 900], [79200, 86400, 800]]"
408e,408e,Renca,3,"[[59400, 66600, 1440], [66600, 73800, 720]]"
409,409,Mapocho,3,"[[0, 3600, 1200], [19800, 23400, 1200], [19800, 27000, 1440], [23400, 28800, 675], [23400, 32400, 900], [27000, 46800, 733], [28800, 34200, 771], [32400, 43200, 514], [34200, 45000, 600], [43200, 54000, 600], [45000, 50400, 540], [46800, 64800, 720], [50400, 59400, 529], [54000, 70200, 648], [59400, 66600, 450], [64800, 75600, 568], [66600, 73800, 600], [70200, 79200, 409], [73800, 79200, 771], [75600, 79200, 720], [79200, 86400, 1028]]"
410,410,Renca,3,"[[0, 3600, 1800], [19800, 23400, 900], [19800, 27000, 1440], [23400, 28800, 771], [23400, 32400, 1000], [27000, 46800, 1042], [28800, 34200, 900], [32400, 43200, 771], [34200, 45000, 771], [43200, 54000, 720], [45000, 50400, 675], [46800, 64800, 1200], [50400, 59400, 529], [54000, 70200, 771], [59400, 66600, 360], [64800, 75600, 1200], [66600, 73800, 360], [70200, 79200, 1000], [73800, 79200, 450], [75600, 79200, 1200], [79200, 86400, 1028]]"
410e,410e,Providencia,3,"[[19800, 23400, 720], [23400, 28800, 490], [28800, 34200, 1800]]"
411,411,Plaza San Enrique,3,"[[19800, 23400, 720], [19800, 27000, 1800], [23400, 28800, 385], [23400, 32400, 750], [27000, 46800, 990], [28800, 34200, 415], [32400, 43200, 568], [34200, 45000, 635], [43200, 54000, 720], [45000, 50400, 771], [46800, 64800, 1000], [50400, 59400, 600], [54000, 70200, 1012], [59400, 66600, 720], [64800, 75600, 1349], [66600, 73800, 720], [70200, 79200, 1125], [73800, 79200, 1080], [75600, 79200, 1800], [79200, 86400, 1028]]"
412,412,Enea,3,"[[0, 3600, 1800], [3600, 19800, 5400], [19800, 23400, 900], [19800, 27000, 1200], [23400, 28800, 600], [23400, 32400, 750], [27000, 46800, 792], [28800, 34200, 600], [32400, 43200, 720], [34200, 45000, 635], [43200, 54000, 720], [45000, 50400, 675], [46800, 64800, 818], [50400, 59400, 642], [54000, 70200, 736], [59400, 66600, 600], [64800, 75600, 981], [66600, 73800, 720], [70200, 79200, 1285], [73800, 79200, 675], [75600, 79200, 1800], [79200, 86400, 1028]]"
415e,415e,(M) Manquehue,3,"[[19800, 23400, 1200], [23400, 28800, 490], [28800, 34200, 771]]"
417e,417e,(M) Manquehue,3,"[[19800, 23400, 720], [23400, 28800, 675], [28800, 34200, 1349]]"
418,418,Enea,3,"[[0, 3600, 1800], [3600, 19800, 1620], [19800, 23400, 900], [19800, 27000, 1200], [23400, 28800, 600], [23400, 32400, 818], [27000, 46800, 990], [28800, 34200, 771], [32400, 43200, 675], [34200, 45000, 720], [43200, 54000, 720], [45000, 50400, 900], [46800, 64800, 900], [50400, 59400, 642], [54000, 70200, 852], [59400, 66600, 553], [64800, 75600, 1080], [66600, 73800, 654], [70200, 79200, 1000], [73800, 79200, 900], [75600, 79200, 1200], [79200, 86400, 1200]]"
419,419,Plaza Italia,3,"[[3600, 19800, 5400], [19800, 23400, 600], [19800, 27000, 1028], [23400, 28800, 600], [23400, 32400, 1000], [27000, 46800, 942], [28800, 34200, 675], [32400, 43200, 900], [34200, 45000, 771], [43200, 54000, 981], [45000, 50400, 771], [46800, 64800, 947], [50400, 59400, 692], [54000, 70200, 900], [59400, 66600, 720], [64800, 75600, 1200], [66600, 73800, 900], [70200, 79200, 1125], [73800, 79200, 1080], [75600, 79200, 1200], [79200, 86400, 1440]]"
420,420,(M) Escuela Militar,3,"[[19800, 23400, 900], [23400, 28800, 675], [28800, 34200, 771], [59400, 66600, 900], [66600, 73800, 720], [73800, 79200, 1800]]"
421,421,Maipu,3,"[[0, 3600, 1200], [19800, 23400, 1800], [19800, 27000, 1440], [23400, 28800, 675], [23400, 32400, 750], [27000, 46800, 825], [28800, 34200, 675], [32400, 43200, 675], [34200, 45000, 675], [43200, 54000, 675], [45000, 50400, 675], [46800, 64800, 1058], [50400, 59400, 692], [54000, 70200, 704], [59400, 66600, 423], [64800, 75600, 981], [66600, 73800, 514], [70200, 79200, 818], [73800, 79200, 771], [75600, 79200, 1200], [79200, 86400, 800]]"
421c,421c,© San Carlos De Apoquindo - (M) Los Dominicos,3,"[[23400, 28800, 1080], [28800, 34200, 1080], [50400, 59400, 1800], [59400, 66600, 900], [66600, 73800, 1800]]"
422,422,La Reina,3,"[[19800, 23400, 514], [19800, 27000, 1028], [23400, 28800, 490], [23400, 32400, 900], [27000, 46800, 900], [28800, 34200, 675], [32400, 43200, 900], [34200, 45000, 720], [43200, 54000, 900], [45000, 50400, 675], [46800, 64800, 900], [50400, 59400, 600], [54000, 70200, 900], [59400, 66600, 450], [64800, 75600, 900], [66600, 73800, 654], [70200, 79200, 900], [73800, 79200, 900], [75600, 79200, 1200], [79200, 86400, 1440]]"
423,423,Plaza Italia,3,"[[3600, 19800, 8100], [19800, 23400, 600], [19800, 27000, 1800], [23400, 28800, 600], [23400, 32400, 900], [27000, 46800, 1164], [28800, 34200, 771], [32400, 43200, 900], [34200, 45000, 720], [43200, 54000, 981], [45000, 50400, 675], [46800, 64800, 1000], [50400, 59400, 692], [54000, 70200, 1157], [59400, 66600, 800], [64800, 75600, 1200], [66600, 73800, 900], [70200, 79200, 1800], [73800, 79200, 900], [75600, 79200, 1800], [79200, 86400, 2400]]"
424,424,Pudahuel Sur,3,"[[0, 3600, 1800], [19800, 23400, 1800], [19800, 27000, 1800], [23400, 28800, 771], [23400, 32400, 900], [27000, 46800, 1164], [28800, 34200, 771], [32400, 43200, 900], [34200, 45000, 720], [43200, 54000, 900], [45000, 50400, 771], [46800, 64800, 1200], [50400, 59400, 750], [54000, 70200, 900], [59400, 66600, 654], [64800, 75600, 1200], [66600, 73800, 720], [70200, 79200, 1000], [73800, 79200, 900], [75600, 79200, 1200], [79200, 86400, 1200]]"
425,425,Rigoberto Jara,3,"[[0, 3600, 1800], [3600, 19800, 5400], [19800, 23400, 450], [19800, 27000, 720], [23400, 28800, 257], [23400, 32400, 409], [27000, 46800, 582], [28800, 34200, 415], [32400, 43200, 431], [34200, 45000, 469], [43200, 54000, 450], [45000, 50400, 450], [46800, 64800, 600], [50400, 59400, 450], [54000, 70200, 522], [59400, 66600, 360], [64800, 75600, 600], [66600, 73800, 450], [70200, 79200, 562], [73800, 79200, 600], [75600, 79200, 720], [79200, 86400, 720]]"
426,426,Pudahuel,3,"[[0, 3600, 1200], [3600, 19800, 1800], [19800, 23400, 1200], [19800, 27000, 1200], [23400, 28800, 490], [23400, 32400, 1000], [27000, 46800, 1042], [28800, 34200, 415], [32400, 43200, 981], [34200, 45000, 400], [43200, 54000, 900], [45000, 50400, 675], [46800, 64800, 1058], [50400, 59400, 409], [54000, 70200, 900], [59400, 66600, 327], [64800, 75600, 981], [66600, 73800, 514], [70200, 79200, 900], [73800, 79200, 675], [75600, 79200, 900], [79200, 86400, 900]]"
428,428,(M) Los Libertadores,3,"[[0, 3600, 1800], [3600, 19800, 2700], [19800, 23400, 450], [19800, 27000, 800], [23400, 28800, 300], [23400, 32400, 562], [27000, 46800, 707], [28800, 34200, 490], [32400, 43200, 600], [34200, 45000, 600], [43200, 54000, 514], [45000, 50400, 600], [46800, 64800, 692], [50400, 59400, 529], [54000, 70200, 600], [59400, 66600, 450], [64800, 75600, 720], [66600, 73800, 423], [70200, 79200, 600], [73800, 79200, 675], [75600, 79200, 720], [79200, 86400, 800]]"
429,429,Lo Echevers,3,"[[3600, 19800, 5400], [19800, 23400, 720], [19800, 27000, 1800], [23400, 28800, 675], [23400, 32400, 750], [27000, 46800, 942], [28800, 34200, 600], [32400, 43200, 720], [34200, 45000, 600], [43200, 54000, 720], [45000, 50400, 600], [46800, 64800, 818], [50400, 59400, 600], [54000, 70200, 810], [59400, 66600, 654], [64800, 75600, 1080], [66600, 73800, 720], [70200, 79200, 1285], [73800, 79200, 771], [75600, 79200, 1200], [79200, 86400, 1028]]"
429c,429c,(M) Tobalaba,3,"[[23400, 28800, 490], [28800, 34200, 771], [50400, 59400, 9000], [59400, 66600, 720], [66600, 73800, 1028]]"
430,430,Quilicura,3,"[[19800, 23400, 1800], [19800, 27000, 1440], [23400, 28800, 490], [23400, 32400, 1500], [27000, 46800, 860], [28800, 34200, 600], [32400, 43200, 771], [34200, 45000, 600], [43200, 54000, 600], [45000, 50400, 600], [46800, 64800, 818], [50400, 59400, 500], [54000, 70200, 771], [59400, 66600, 342], [64800, 75600, 1349], [66600, 73800, 360], [70200, 79200, 900], [73800, 79200, 675], [75600, 79200, 1800], [79200, 86400, 900]]"
431c,431c,(M) Ecuador,3,"[[19800, 23400, 1200], [23400, 28800, 600], [59400, 66600, 1440]]"
432N,432n,Maipu,3,"[[0, 3600, 1800], [3600, 19800, 1800]]"
444,444,Intermodal Aeropuerto,3,"[[19800, 23400, 600], [19800, 27000, 3600], [23400, 28800, 675], [23400, 32400, 1125], [27000, 46800, 1237], [28800, 34200, 771], [32400, 43200, 1200], [34200, 45000, 1200], [43200, 54000, 1200], [45000, 50400, 1080], [46800, 64800, 1200], [50400, 59400, 1285], [54000, 70200, 1157], [59400, 66600, 654], [64800, 75600, 1200], [66600, 73800, 654], [70200, 79200, 1285], [73800, 79200, 1080], [75600, 79200, 1200], [79200, 86400, 2400]]"
445c,445c,Vitacura,3,"[[19800, 23400, 900], [23400, 28800, 415], [28800, 34200, 900]]"
481,481,Avenida Portales,3,"[[23400, 28800, 771], [28800, 34200, 771], [34200, 45000, 720], [45000, 50400, 771], [50400, 59400, 692], [59400, 66600, 553], [66600, 73800, 553], [73800, 79200, 771], [79200, 86400, 1800]]"
501,501,(M) Parque Bustamante,3,"[[19800, 23400, 450], [19800, 27000, 1028], [23400, 28800, 284], [23400, 32400, 900], [27000, 46800, 1164], [28800, 34200, 360], [32400, 43200, 900], [34200, 45000, 600], [43200, 54000, 900], [45000, 50400, 450], [46800, 64800, 1200], [50400, 59400, 375], [54000, 70200, 900], [59400, 66600, 327], [64800, 75600, 1200], [66600, 73800, 400], [70200, 79200, 1000], [73800, 79200, 900], [75600, 79200, 1200], [79200, 86400, 1800]]"
502,502,Cantagallo,3,"[[3600, 19800, 3240], [19800, 23400, 327], [19800, 27000, 900], [23400, 28800, 257], [23400, 32400, 900], [27000, 46800, 900], [28800, 34200, 540], [32400, 43200, 900], [34200, 45000, 675], [43200, 54000, 900], [45000, 50400, 600], [46800, 64800, 900], [50400, 59400, 321], [54000, 70200, 900], [59400, 66600, 450], [64800, 75600, 900], [66600, 73800, 1200], [70200, 79200, 1125], [73800, 79200, 1080], [75600, 79200, 900], [79200, 86400, 1440]]"
502c,502c,Santiago,3,"[[19800, 23400, 720], [23400, 28800, 675], [28800, 34200, 2700]]"
503,503,Vital Apoquindo,3,"[[3600, 19800, 5400], [19800, 23400, 300], [19800, 27000, 800], [23400, 28800, 234], [23400, 32400, 600], [27000, 46800, 792], [28800, 34200, 450], [32400, 43200, 540], [34200, 45000, 450], [43200, 54000, 771], [45000, 50400, 450], [46800, 64800, 900], [50400, 59400, 428], [54000, 70200, 900], [59400, 66600, 327], [64800, 75600, 900], [66600, 73800, 553], [70200, 79200, 1000], [73800, 79200, 675], [75600, 79200, 900], [79200, 86400, 1028]]"
504,504,El Tranque,3,"[[19800, 23400, 720], [19800, 27000, 900], [23400, 28800, 600], [23400, 32400, 750], [27000, 46800, 900], [28800, 34200, 600], [32400, 43200, 720], [34200, 45000, 635], [43200, 54000, 771], [45000, 50400, 675], [46800, 64800, 900], [50400, 59400, 600], [54000, 70200, 771], [59400, 66600, 450], [64800, 75600, 900], [66600, 73800, 600], [70200, 79200, 818], [73800, 79200, 900], [75600, 79200, 900], [79200, 86400, 1200]]"
505,505,Cerro Navia,3,"[[3600, 19800, 8100], [19800, 23400, 450], [19800, 27000, 900], [23400, 28800, 360], [23400, 32400, 750], [27000, 46800, 942], [28800, 34200, 450], [32400, 43200, 720], [34200, 45000, 600], [43200, 54000, 900], [45000, 50400, 450], [46800, 64800, 750], [50400, 59400, 450], [54000, 70200, 852], [59400, 66600, 378], [64800, 75600, 900], [66600, 73800, 400], [70200, 79200, 900], [73800, 79200, 540], [75600, 79200, 900], [79200, 86400, 1028]]"
505c,505c,© Las Parcelas - (M) Salvador,3,"[[19800, 23400, 1800], [23400, 28800, 900], [28800, 34200, 2700]]"
506,506,Maipu,3,"[[0, 3600, 1800], [3600, 19800, 1472], [19800, 23400, 600], [19800, 27000, 1200], [23400, 28800, 540], [23400, 32400, 692], [27000, 46800, 860], [28800, 34200, 415], [32400, 43200, 771], [34200, 45000, 490], [43200, 54000, 771], [45000, 50400, 675], [46800, 64800, 750], [50400, 59400, 600], [54000, 70200, 648], [59400, 66600, 400], [64800, 75600, 771], [66600, 73800, 400], [70200, 79200, 818], [73800, 79200, 675], [75600, 79200, 900], [79200, 86400, 1028]]"
506e,506e,Peñalolen,3,"[[19800, 23400, 600], [23400, 28800, 675], [28800, 34200, 900], [59400, 66600, 900], [66600, 73800, 800], [73800, 79200, 1800]]"
506v,506v,Villa El Abrazo,3,"[[19800, 23400, 600], [19800, 27000, 1200], [23400, 28800, 490], [23400, 32400, 900], [27000, 46800, 900], [28800, 34200, 675], [32400, 43200, 830], [34200, 45000, 540], [43200, 54000, 900], [45000, 50400, 600], [46800, 64800, 900], [50400, 59400, 600], [54000, 70200, 771], [59400, 66600, 480], [64800, 75600, 900], [66600, 73800, 514], [70200, 79200, 818], [73800, 79200, 900], [75600, 79200, 1200], [79200, 86400, 1028]]"
507,507,Av Grecia,3,"[[0, 3600, 1800], [19800, 23400, 514], [19800, 27000, 1028], [23400, 28800, 337], [23400, 32400, 692], [27000, 46800, 990], [28800, 34200, 540], [32400, 43200, 771], [34200, 45000, 600], [43200, 54000, 720], [45000, 50400, 600], [46800, 64800, 947], [50400, 59400, 473], [54000, 70200, 771], [59400, 66600, 378], [64800, 75600, 900], [66600, 73800, 480], [70200, 79200, 900], [73800, 79200, 900], [75600, 79200, 900], [79200, 86400, 1200]]"
507c,507c,(M) Parque O'Higgins,3,"[[19800, 23400, 600], [23400, 28800, 540], [28800, 34200, 600], [50400, 59400, 2250], [59400, 66600, 600], [66600, 73800, 600]]"
508,508,Av. Las Torres,3,"[[0, 3600, 1800], [3600, 19800, 1800], [19800, 23400, 600], [19800, 27000, 900], [23400, 28800, 284], [23400, 32400, 692], [27000, 46800, 942], [28800, 34200, 600], [32400, 43200, 675], [34200, 45000, 568], [43200, 54000, 720], [45000, 50400, 490], [46800, 64800, 947], [50400, 59400, 473], [54000, 70200, 704], [59400, 66600, 400], [64800, 75600, 900], [66600, 73800, 514], [70200, 79200, 818], [73800, 79200, 900], [75600, 79200, 900], [79200, 86400, 1440]]"
509,509,Mapocho,3,"[[3600, 19800, 8100], [19800, 23400, 600], [19800, 27000, 1200], [23400, 28800, 675], [23400, 32400, 1000], [27000, 46800, 1164], [28800, 34200, 675], [32400, 43200, 981], [34200, 45000, 900], [43200, 54000, 981], [45000, 50400, 900], [46800, 64800, 1200], [50400, 59400, 692], [54000, 70200, 1080], [59400, 66600, 720], [64800, 75600, 1200], [66600, 73800, 800], [70200, 79200, 1125], [73800, 79200, 771], [75600, 79200, 1200], [79200, 86400, 2400]]"
510,510,Rio Claro,3,"[[19800, 23400, 720], [19800, 27000, 1028], [23400, 28800, 540], [23400, 32400, 750], [27000, 46800, 990], [28800, 34200, 675], [32400, 43200, 771], [34200, 45000, 771], [43200, 54000, 830], [45000, 50400, 771], [46800, 64800, 947], [50400, 59400, 642], [54000, 70200, 810], [59400, 66600, 654], [64800, 75600, 900], [66600, 73800, 720], [70200, 79200, 1000], [73800, 79200, 771], [75600, 79200, 900], [79200, 86400, 1200]]"
511,511,Peñalolen,3,"[[0, 3600, 1800], [19800, 23400, 900], [19800, 27000, 900], [23400, 28800, 675], [23400, 32400, 692], [27000, 46800, 792], [28800, 34200, 675], [32400, 43200, 771], [34200, 45000, 720], [43200, 54000, 720], [45000, 50400, 675], [46800, 64800, 782], [50400, 59400, 692], [54000, 70200, 736], [59400, 66600, 654], [64800, 75600, 900], [66600, 73800, 800], [70200, 79200, 818], [73800, 79200, 771], [75600, 79200, 900], [79200, 86400, 1200]]"
513,513,Jose Arrieta,3,"[[0, 3600, 1200], [3600, 19800, 1800], [19800, 23400, 514], [19800, 27000, 900], [23400, 28800, 540], [23400, 32400, 1000], [27000, 46800, 942], [28800, 34200, 600], [32400, 43200, 981], [34200, 45000, 600], [43200, 54000, 830], [45000, 50400, 600], [46800, 64800, 947], [50400, 59400, 600], [54000, 70200, 952], [59400, 66600, 450], [64800, 75600, 1080], [66600, 73800, 600], [70200, 79200, 900], [73800, 79200, 675], [75600, 79200, 1200], [79200, 86400, 1028]]"
514,514,Enea,3,"[[19800, 23400, 720], [19800, 27000, 1028], [23400, 28800, 490], [23400, 32400, 692], [27000, 46800, 990], [28800, 34200, 600], [32400, 43200, 771], [34200, 45000, 771], [43200, 54000, 771], [45000, 50400, 771], [46800, 64800, 900], [50400, 59400, 500], [54000, 70200, 810], [59400, 66600, 553], [64800, 75600, 981], [66600, 73800, 720], [70200, 79200, 1000], [73800, 79200, 771], [75600, 79200, 1200], [79200, 86400, 1028]]"
514c,514c,San Luis De Macul,3,"[[59400, 66600, 600], [66600, 73800, 720], [73800, 79200, 1350]]"
516,516,Las Parcelas,3,"[[0, 3600, 1800], [3600, 19800, 1350], [19800, 23400, 240], [19800, 27000, 720], [23400, 28800, 245], [23400, 32400, 642], [27000, 46800, 733], [28800, 34200, 415], [32400, 43200, 720], [34200, 45000, 469], [43200, 54000, 771], [45000, 50400, 450], [46800, 64800, 750], [50400, 59400, 321], [54000, 70200, 736], [59400, 66600, 300], [64800, 75600, 900], [66600, 73800, 400], [70200, 79200, 900], [73800, 79200, 675], [75600, 79200, 1200], [79200, 86400, 900]]"
517,517,Peñalolén,3,"[[19800, 23400, 1800], [19800, 27000, 3600], [23400, 28800, 675], [23400, 32400, 818], [27000, 46800, 1164], [28800, 34200, 900], [32400, 43200, 981], [34200, 45000, 900], [43200, 54000, 1080], [45000, 50400, 900], [46800, 64800, 1200], [50400, 59400, 818], [54000, 70200, 1157], [59400, 66600, 654], [64800, 75600, 1349], [66600, 73800, 900], [70200, 79200, 1800], [73800, 79200, 1800], [75600, 79200, 1800], [79200, 86400, 3600]]"
518,518,Bilbao,3,"[[0, 3600, 1800], [3600, 19800, 1620], [19800, 23400, 600], [19800, 27000, 900], [23400, 28800, 317], [23400, 32400, 692], [27000, 46800, 942], [28800, 34200, 540], [32400, 43200, 771], [34200, 45000, 771], [43200, 54000, 771], [45000, 50400, 600], [46800, 64800, 900], [50400, 59400, 500], [54000, 70200, 810], [59400, 66600, 514], [64800, 75600, 981], [66600, 73800, 654], [70200, 79200, 1125], [73800, 79200, 771], [75600, 79200, 1200], [79200, 86400, 1028]]"
519,519,(M) Pajaritos,3,"[[19800, 23400, 600], [19800, 27000, 1800], [23400, 28800, 415], [23400, 32400, 1000], [27000, 46800, 1100], [28800, 34200, 675], [32400, 43200, 900], [34200, 45000, 771], [43200, 54000, 981], [45000, 50400, 675], [46800, 64800, 1200], [50400, 59400, 562], [54000, 70200, 952], [59400, 66600, 553], [64800, 75600, 1200], [66600, 73800, 600], [70200, 79200, 1800], [73800, 79200, 1080]]"
541N,541n,Colon,3,"[[0, 3600, 1800], [3600, 19800, 1800]]"
542,542,Cantagallo,3,"[[19800, 23400, 900], [23400, 28800, 900], [23400, 32400, 1125], [27000, 46800, 1100], [28800, 34200, 900], [32400, 43200, 1080], [34200, 45000, 900], [43200, 54000, 1200], [45000, 50400, 900], [46800, 64800, 1200], [50400, 59400, 900], [54000, 70200, 1157], [59400, 66600, 900], [64800, 75600, 1800], [66600, 73800, 1028], [70200, 79200, 4500]]"
546e,546e,Vitacura,3,"[[19800, 23400, 900], [23400, 28800, 1080], [28800, 34200, 2700]]"
712,712,La Piramide,3,"[[0, 3600, 1800], [3600, 19800, 952], [19800, 23400, 450], [19800, 27000, 900], [23400, 28800, 450], [23400, 32400, 562], [27000, 46800, 707], [28800, 34200, 540], [32400, 43200, 675], [34200, 45000, 600], [43200, 54000, 720], [45000, 50400, 600], [46800, 64800, 720], [50400, 59400, 600], [54000, 70200, 736], [59400, 66600, 654], [64800, 75600, 830], [66600, 73800, 654], [70200, 79200, 1000], [73800, 79200, 900], [75600, 79200, 1200], [79200, 86400, 1440]]"
722,722,Av. Colon,3,"[[3600, 19800, 4050], [19800, 23400, 514], [19800, 27000, 1028], [23400, 28800, 540], [23400, 32400, 600], [27000, 46800, 733], [28800, 34200, 600], [32400, 43200, 720], [34200, 45000, 600], [43200, 54000, 720], [45000, 50400, 600], [46800, 64800, 720], [50400, 59400, 600], [54000, 70200, 771], [59400, 66600, 720], [64800, 75600, 900], [66600, 73800, 720], [70200, 79200, 1285], [73800, 79200, 900], [75600, 79200, 1200], [79200, 86400, 1440]]"
B01,B01,© Huamachuco - El Salto,3,"[[0, 3600, 1800], [19800, 23400, 720], [19800, 27000, 1440], [23400, 28800, 600], [23400, 32400, 1000], [27000, 46800, 1042], [28800, 34200, 771], [32400, 43200, 830], [34200, 45000, 900], [43200, 54000, 771], [45000, 50400, 900], [46800, 64800, 1125], [50400, 59400, 750], [54000, 70200, 952], [59400, 66600, 720], [64800, 75600, 1200], [66600, 73800, 800], [70200, 79200, 1285], [73800, 79200, 900], [75600, 79200, 1200], [79200, 86400, 1028]]"
B02,B02,© El Barrero - Centro,3,"[[19800, 23400, 720], [19800, 27000, 1200], [23400, 28800, 771], [23400, 32400, 750], [27000, 46800, 1164], [28800, 34200, 900], [32400, 43200, 720], [34200, 45000, 720], [43200, 54000, 981], [45000, 50400, 771], [46800, 64800, 1200], [50400, 59400, 900], [54000, 70200, 1157], [59400, 66600, 720], [64800, 75600, 1200], [66600, 73800, 900], [70200, 79200, 1285], [73800, 79200, 900], [75600, 79200, 1800], [79200, 86400, 3600]]"
B02N,B02n,© El Barrero - Plaza Italia,3,"[[0, 3600, 1800], [3600, 19800, 1800], [79200, 86400, 1800]]"
B03,B03,© Miraflores - (M) Cerro Blanco,3,"[[3600, 19800, 5400], [19800, 23400, 514], [19800, 27000, 1028], [23400, 28800, 490], [23400, 32400, 600], [27000, 46800, 761], [28800, 34200, 490], [32400, 43200, 635], [34200, 45000, 514], [43200, 54000, 635], [45000, 50400, 675], [46800, 64800, 900], [50400, 59400, 500], [54000, 70200, 771], [59400, 66600, 600], [64800, 75600, 830], [66600, 73800, 600], [70200, 79200, 1285], [73800, 79200, 900], [75600, 79200, 1200], [79200, 86400, 1200]]"
B04,B04,© (M) Los Libertadores - Mapocho,3,"[[3600, 19800, 8100], [19800, 23400, 720], [19800, 27000, 1200], [23400, 28800, 900], [23400, 32400, 818], [27000, 46800, 1164], [28800, 34200, 771], [32400, 43200, 830], [34200, 45000, 720], [43200, 54000, 981], [45000, 50400, 771], [46800, 64800, 1200], [50400, 59400, 750], [54000, 70200, 1157], [59400, 66600, 720], [64800, 75600, 1200], [66600, 73800, 720], [70200, 79200, 1285], [73800, 79200, 771], [75600, 79200, 1800], [79200, 86400, 1200]]"
B09,B09,© Lo Boza - Lo Franco,3,"[[3600, 19800, 8100], [19800, 23400, 900], [19800, 27000, 1800], [23400, 28800, 900], [23400, 32400, 1000], [27000, 46800, 1800], [28800, 34200, 1349], [32400, 43200, 900], [34200, 45000, 1200], [43200, 54000, 1800], [45000, 50400, 1080], [46800, 64800, 1800], [50400, 59400, 1285], [54000, 70200, 1800], [59400, 66600, 900], [64800, 75600, 1800], [66600, 73800, 800], [70200, 79200, 1500], [73800, 79200, 1080], [75600, 79200, 1800], [79200, 86400, 1800]]"
B10,B10,© Santa Marta Huechuraba - (M) Cerro Blanco,3,"[[19800, 23400, 720], [19800, 27000, 1440], [23400, 28800, 771], [23400, 32400, 750], [27000, 46800, 1100], [28800, 34200, 771], [32400, 43200, 720], [34200, 45000, 771], [43200, 54000, 900], [45000, 50400, 900], [46800, 64800, 1200], [50400, 59400, 750], [54000, 70200, 1157], [59400, 66600, 720], [64800, 75600, 1200], [66600, 73800, 720], [70200, 79200, 1285], [73800, 79200, 1080], [75600, 79200, 1200], [79200, 86400, 1200]]"
B11,B11,Lo Marcoleta,3,"[[19800, 23400, 1200], [19800, 27000, 1800], [23400, 28800, 771], [23400, 32400, 1125], [27000, 46800, 1164], [28800, 34200, 771], [32400, 43200, 981], [34200, 45000, 771], [43200, 54000, 981], [45000, 50400, 675], [46800, 64800, 1200], [50400, 59400, 750], [54000, 70200, 1157], [59400, 66600, 720], [64800, 75600, 1200], [66600, 73800, 800], [70200, 79200, 1285], [73800, 79200, 1080], [75600, 79200, 1200], [79200, 86400, 2400]]"
B14,B14,© El Salto - Mapocho,3,"[[3600, 19800, 4050], [19800, 23400, 720], [19800, 27000, 1200], [23400, 28800, 600], [23400, 32400, 1000], [27000, 46800, 1042], [28800, 34200, 675], [32400, 43200, 720], [34200, 45000, 720], [43200, 54000, 771], [45000, 50400, 771], [46800, 64800, 1125], [50400, 59400, 692], [54000, 70200, 1157], [59400, 66600, 720], [64800, 75600, 1200], [66600, 73800, 720], [70200, 79200, 1285], [73800, 79200, 900], [75600, 79200, 1200], [79200, 86400, 1200]]"
B15,B15,© El Salto - Plaza Italia,3,"[[3600, 19800, 16200], [19800, 23400, 1200], [19800, 27000, 1440], [23400, 28800, 675], [23400, 32400, 1125], [27000, 46800, 1164], [28800, 34200, 771], [32400, 43200, 900], [34200, 45000, 720], [43200, 54000, 900], [45000, 50400, 675], [46800, 64800, 1200], [50400, 59400, 750], [54000, 70200, 1080], [59400, 66600, 720], [64800, 75600, 1200], [66600, 73800, 720], [70200, 79200, 1285], [73800, 79200, 1080], [75600, 79200, 1200], [79200, 86400, 1800]]"
B17,B17,© Huamachuco - Av. Arzobispo Valdivieso,3,"[[3600, 19800, 16200], [19800, 23400, 900], [19800, 27000, 1440], [23400, 28800, 675], [23400, 32400, 1000], [27000, 46800, 1164], [28800, 34200, 771], [32400, 43200, 900], [34200, 45000, 720], [43200, 54000, 981], [45000, 50400, 900], [46800, 64800, 1200], [50400, 59400, 750], [54000, 70200, 1157], [59400, 66600, 800], [64800, 75600, 1200], [66600, 73800, 720], [70200, 79200, 1285], [73800, 79200, 771], [75600, 79200, 1200], [79200, 86400, 1200]]"
B20,B20,© Miraflores - Mapocho,3,"[[19800, 23400, 720], [19800, 27000, 1440], [23400, 28800, 675], [23400, 32400, 750], [27000, 46800, 1164], [28800, 34200, 771], [32400, 43200, 900], [34200, 45000, 900], [43200, 54000, 981], [45000, 50400, 675], [46800, 64800, 1200], [50400, 59400, 900], [54000, 70200, 1246], [59400, 66600, 720], [64800, 75600, 1200], [66600, 73800, 720], [70200, 79200, 1500], [73800, 79200, 900], [75600, 79200, 1800], [79200, 86400, 2400]]"
B21,B21,Plaza Chacabuco,3,"[[3600, 19800, 16200], [19800, 23400, 900], [19800, 27000, 1200], [23400, 28800, 675], [23400, 32400, 1125], [27000, 46800, 1237], [28800, 34200, 771], [32400, 43200, 900], [34200, 45000, 771], [43200, 54000, 900], [45000, 50400, 675], [46800, 64800, 1200], [50400, 59400, 750], [54000, 70200, 1080], [59400, 66600, 720], [64800, 75600, 1200], [66600, 73800, 720], [70200, 79200, 1285], [73800, 79200, 900], [75600, 79200, 1200], [79200, 86400, 2400]]"
B24,B24,© Huamachuco - Centro,3,"[[19800, 23400, 720], [19800, 27000, 1440], [23400, 28800, 675], [23400, 32400, 818], [27000, 46800, 1042], [28800, 34200, 771], [32400, 43200, 771], [34200, 45000, 900], [43200, 54000, 981], [45000, 50400, 900], [46800, 64800, 1058], [50400, 59400, 692], [54000, 70200, 1246], [59400, 66600, 600], [64800, 75600, 1200], [66600, 73800, 720], [70200, 79200, 1125], [73800, 79200, 771], [75600, 79200, 1800], [79200, 86400, 2400]]"
B25,B25,© (M) Vespucio Norte - (M) Cerro Blanco,3,"[[3600, 19800, 16200], [19800, 23400, 1200], [19800, 27000, 1440], [23400, 28800, 1080], [23400, 32400, 1000], [27000, 46800, 1164], [28800, 34200, 900], [32400, 43200, 1080], [34200, 45000, 900], [43200, 54000, 1200], [45000, 50400, 900], [46800, 64800, 1200], [50400, 59400, 750], [54000, 70200, 1157], [59400, 66600, 900], [64800, 75600, 1200], [66600, 73800, 900], [70200, 79200, 1285], [73800, 79200, 1080], [75600, 79200, 1200], [79200, 86400, 1200]]"
B26,B26,© (M) Los Libertadores - (M) Estacion Central,3,"[[3600, 19800, 4050], [19800, 23400, 600], [19800, 27000, 1200], [23400, 28800, 540], [23400, 32400, 900], [27000, 46800, 1042], [28800, 34200, 600], [32400, 43200, 720], [34200, 45000, 600], [43200, 54000, 720], [45000, 50400, 600], [46800, 64800, 1000], [50400, 59400, 600], [54000, 70200, 1012], [59400, 66600, 600], [64800, 75600, 1200], [66600, 73800, 654], [70200, 79200, 1285], [73800, 79200, 675], [75600, 79200, 1200], [79200, 86400, 1028]]"
B27,B27,(M) Salvador,3,"[[19800, 23400, 720], [19800, 27000, 1200], [23400, 28800, 600], [23400, 32400, 750], [27000, 46800, 1042], [28800, 34200, 675], [32400, 43200, 720], [34200, 45000, 720], [43200, 54000, 900], [45000, 50400, 675], [46800, 64800, 1058], [50400, 59400, 750], [54000, 70200, 1157], [59400, 66600, 600], [64800, 75600, 1200], [66600, 73800, 654], [70200, 79200, 1125], [73800, 79200, 900], [75600, 79200, 1200], [79200, 86400, 1200]]"
B28,B28,© Huamachuco - (M) Estacion Central,3,"[[19800, 23400, 720], [19800, 27000, 1200], [23400, 28800, 675], [23400, 32400, 818], [27000, 46800, 1164], [28800, 34200, 771], [32400, 43200, 771], [34200, 45000, 771], [43200, 54000, 1200], [45000, 50400, 900], [46800, 64800, 1200], [50400, 59400, 900], [54000, 70200, 1157], [59400, 66600, 800], [64800, 75600, 1200], [66600, 73800, 720], [70200, 79200, 1285], [73800, 79200, 900], [75600, 79200, 1200], [79200, 86400, 1028]]"
B29,B29,© Miraflores - Mapocho,3,"[[3600, 19800, 8100], [19800, 23400, 600], [19800, 27000, 1200], [23400, 28800, 490], [23400, 32400, 642], [27000, 46800, 825], [28800, 34200, 675], [32400, 43200, 675], [34200, 45000, 771], [43200, 54000, 771], [45000, 50400, 771], [46800, 64800, 857], [50400, 59400, 692], [54000, 70200, 1157], [59400, 66600, 600], [64800, 75600, 1200], [66600, 73800, 720], [70200, 79200, 1285], [73800, 79200, 771], [75600, 79200, 1200], [79200, 86400, 1440]]"
B30N,B30n,© Renca - Centro,3,"[[0, 3600, 900], [3600, 19800, 1620], [19800, 23400, 1800], [19800, 27000, 1800], [23400, 32400, 9000], [27000, 46800, 19800], [79200, 86400, 1440]]"
B31N,B31n,Centro,3,"[[0, 3600, 1800], [3600, 19800, 1800], [19800, 23400, 1800], [19800, 27000, 1800], [23400, 32400, 9000], [27000, 46800, 19800], [79200, 86400, 2400]]"
B38,B38,© Hospital Felix Bulnes - Huamachuco,3,"[[19800, 23400, 1800], [19800, 27000, 2400], [23400, 28800, 1800], [23400, 32400, 1800], [27000, 46800, 1800], [28800, 34200, 1800], [32400, 43200, 1800], [34200, 45000, 1800], [43200, 54000, 1800], [45000, 50400, 1800], [46800, 64800, 1800], [50400, 59400, 1800], [54000, 70200, 1800], [59400, 66600, 1800], [64800, 75600, 1800], [66600, 73800, 1800], [70200, 79200, 1800], [73800, 79200, 1800], [75600, 79200, 1800]]"
B41,B41,© Mall Plaza Norte - (M) Cerro Blanco,3,"[[19800, 23400, 600], [19800, 27000, 1200], [23400, 28800, 600], [23400, 32400, 750], [27000, 46800, 860], [28800, 34200, 675], [32400, 43200, 720], [34200, 45000, 720], [43200, 54000, 720], [45000, 50400, 900], [46800, 64800, 900], [50400, 59400, 692], [54000, 70200, 771], [59400, 66600, 600], [64800, 75600, 900], [66600, 73800, 600], [70200, 79200, 900], [73800, 79200, 900], [75600, 79200, 1200], [79200, 86400, 1440]]"
C01,C01,(M) Francisco Bilbao,3,"[[0, 3600, 1800], [19800, 23400, 720], [19800, 27000, 900], [23400, 28800, 490], [23400, 32400, 529], [27000, 46800, 707], [28800, 34200, 490], [32400, 43200, 514], [34200, 45000, 514], [43200, 54000, 514], [45000, 50400, 540], [46800, 64800, 600], [50400, 59400, 473], [54000, 70200, 522], [59400, 66600, 423], [64800, 75600, 540], [66600, 73800, 480], [70200, 79200, 692], [73800, 79200, 600], [75600, 79200, 600], [79200, 86400, 900]]"
C01c,C01c,Plaza San Enrique,3,"[[19800, 23400, 900], [19800, 27000, 1028], [23400, 28800, 300], [23400, 32400, 500], [27000, 46800, 660], [28800, 34200, 360], [32400, 43200, 540], [34200, 45000, 450], [43200, 54000, 514], [45000, 50400, 450], [46800, 64800, 720], [50400, 59400, 450], [54000, 70200, 648], [59400, 66600, 450], [64800, 75600, 720], [66600, 73800, 553], [70200, 79200, 1000], [73800, 79200, 540], [75600, 79200, 1200], [79200, 86400, 1028]]"
C02,C02,© San Carlos De Apoquindo - (M) Escuela Militar,3,"[[0, 3600, 1800], [3600, 19800, 1620], [19800, 23400, 720], [19800, 27000, 1440], [23400, 28800, 450], [23400, 32400, 692], [27000, 46800, 761], [28800, 34200, 450], [32400, 43200, 720], [34200, 45000, 568], [43200, 54000, 720], [45000, 50400, 600], [46800, 64800, 750], [50400, 59400, 529], [54000, 70200, 736], [59400, 66600, 480], [64800, 75600, 981], [66600, 73800, 654], [70200, 79200, 818], [73800, 79200, 675], [75600, 79200, 1200], [79200, 86400, 1028]]"
C02c,C02c,(M) Los Dominicos,3,"[[19800, 27000, 3600], [23400, 28800, 360], [23400, 32400, 562], [27000, 46800, 1100], [28800, 34200, 317], [32400, 43200, 635], [34200, 45000, 450], [43200, 54000, 720], [45000, 50400, 490], [46800, 64800, 947], [50400, 59400, 428], [54000, 70200, 704], [59400, 66600, 288], [64800, 75600, 1200], [66600, 73800, 360], [70200, 79200, 1000], [73800, 79200, 1080], [75600, 79200, 1200], [79200, 86400, 2400]]"
C03,C03,© (M) Tobalaba - Vital Apoquindo,3,"[[0, 3600, 3600], [19800, 23400, 600], [19800, 27000, 1440], [23400, 28800, 600], [23400, 32400, 642], [27000, 46800, 900], [28800, 34200, 540], [32400, 43200, 600], [34200, 45000, 600], [43200, 54000, 720], [45000, 50400, 600], [46800, 64800, 900], [50400, 59400, 600], [54000, 70200, 704], [59400, 66600, 553], [64800, 75600, 900], [66600, 73800, 720], [70200, 79200, 1000], [73800, 79200, 675], [75600, 79200, 900], [79200, 86400, 1200]]"
C03c,C03c,Lo Gallo,3,"[[23400, 28800, 675], [28800, 34200, 600], [59400, 66600, 1440], [66600, 73800, 720]]"
C05,C05,La Ermita,3,"[[19800, 23400, 600], [19800, 27000, 3600], [23400, 28800, 540], [23400, 32400, 750], [27000, 46800, 990], [28800, 34200, 490], [32400, 43200, 830], [34200, 45000, 600], [43200, 54000, 720], [45000, 50400, 600], [46800, 64800, 900], [50400, 59400, 750], [54000, 70200, 952], [59400, 66600, 553], [64800, 75600, 1200], [66600, 73800, 720], [70200, 79200, 1285], [73800, 79200, 675], [75600, 79200, 1200], [79200, 86400, 1440]]"
C06,C06,Ciudad Empresarial,3,"[[19800, 23400, 720], [19800, 27000, 1200], [23400, 28800, 450], [23400, 32400, 1125], [27000, 46800, 1164], [28800, 34200, 600], [32400, 43200, 900], [34200, 45000, 675], [43200, 54000, 1080], [45000, 50400, 600], [46800, 64800, 1200], [50400, 59400, 600], [54000, 70200, 1157], [59400, 66600, 553], [64800, 75600, 1200], [66600, 73800, 600], [70200, 79200, 1125], [73800, 79200, 771], [75600, 79200, 1200], [79200, 86400, 1800]]"
C07,C07,La Piramide,3,"[[19800, 23400, 600], [19800, 27000, 2400], [23400, 28800, 415], [23400, 32400, 562], [27000, 46800, 1100], [28800, 34200, 385], [32400, 43200, 635], [34200, 45000, 415], [43200, 54000, 600], [45000, 50400, 540], [46800, 64800, 900], [50400, 59400, 562], [54000, 70200, 648], [59400, 66600, 514], [64800, 75600, 1080], [66600, 73800, 654], [70200, 79200, 1000], [73800, 79200, 675], [75600, 79200, 1200], [79200, 86400, 1440]]"
C09,C09,© La Dehesa - (M) Los Dominicos,3,"[[3600, 19800, 5400], [19800, 23400, 720], [19800, 27000, 1200], [23400, 28800, 771], [23400, 32400, 750], [27000, 46800, 1164], [28800, 34200, 675], [32400, 43200, 830], [34200, 45000, 600], [43200, 54000, 830], [45000, 50400, 600], [46800, 64800, 1125], [50400, 59400, 600], [54000, 70200, 810], [59400, 66600, 654], [64800, 75600, 900], [66600, 73800, 654], [70200, 79200, 1285], [73800, 79200, 771], [75600, 79200, 900], [79200, 86400, 1440]]"
C09c,C09c,© San Carlos De Apoquindo - (M) Los Dominicos,3,"[[19800, 23400, 600], [23400, 28800, 450], [23400, 32400, 750], [28800, 34200, 1080], [32400, 43200, 1800], [59400, 66600, 480], [66600, 73800, 600]]"
C11,C11,© (M) Escuela Militar - Tabancura,3,"[[19800, 23400, 720], [19800, 27000, 2400], [23400, 28800, 450], [23400, 32400, 562], [27000, 46800, 761], [28800, 34200, 490], [32400, 43200, 568], [34200, 45000, 540], [43200, 54000, 720], [45000, 50400, 600], [46800, 64800, 857], [50400, 59400, 600], [54000, 70200, 810], [59400, 66600, 480], [64800, 75600, 1080], [66600, 73800, 514], [70200, 79200, 1000], [73800, 79200, 675], [75600, 79200, 1200], [79200, 86400, 1200]]"
C13,C13,© Vital Apoquindo - Parque Del Sol,3,"[[19800, 23400, 1200], [19800, 27000, 1800], [23400, 28800, 600], [23400, 32400, 750], [27000, 46800, 1320], [28800, 34200, 675], [32400, 43200, 900], [34200, 45000, 771], [43200, 54000, 981], [45000, 50400, 900], [46800, 64800, 1200], [50400, 59400, 818], [54000, 70200, 1080], [59400, 66600, 720], [64800, 75600, 1080], [66600, 73800, 720], [70200, 79200, 1285], [73800, 79200, 1080], [75600, 79200, 1800], [79200, 86400, 1800]]"
C14,C14,Los Trapenses,3,"[[19800, 23400, 600], [19800, 27000, 900], [23400, 28800, 284], [23400, 32400, 360], [27000, 46800, 618], [28800, 34200, 300], [32400, 43200, 385], [34200, 45000, 385], [43200, 54000, 450], [45000, 50400, 415], [46800, 64800, 720], [50400, 59400, 409], [54000, 70200, 462], [59400, 66600, 423], [64800, 75600, 540], [66600, 73800, 450], [70200, 79200, 818], [73800, 79200, 600], [75600, 79200, 600], [79200, 86400, 1028]]"
C15,C15,© (M) Escuela Militar - Estoril,3,"[[19800, 23400, 1200], [19800, 27000, 2400], [23400, 28800, 490], [23400, 32400, 562], [27000, 46800, 825], [28800, 34200, 540], [32400, 43200, 568], [34200, 45000, 600], [43200, 54000, 900], [45000, 50400, 600], [46800, 64800, 1200], [50400, 59400, 642], [54000, 70200, 1157], [59400, 66600, 600], [64800, 75600, 1200], [66600, 73800, 720], [70200, 79200, 1125], [73800, 79200, 771], [75600, 79200, 1200], [79200, 86400, 1440]]"
C16,C16,El Huinganal,3,"[[19800, 23400, 720], [19800, 27000, 1800], [23400, 28800, 540], [23400, 32400, 562], [27000, 46800, 825], [28800, 34200, 490], [32400, 43200, 568], [34200, 45000, 600], [43200, 54000, 675], [45000, 50400, 600], [46800, 64800, 720], [50400, 59400, 562], [54000, 70200, 704], [59400, 66600, 600], [64800, 75600, 675], [66600, 73800, 600], [70200, 79200, 900], [73800, 79200, 600], [75600, 79200, 900], [79200, 86400, 1440]]"
C18,C18,(M) Escuela Militar,3,"[[19800, 23400, 514], [19800, 27000, 1440], [23400, 28800, 600], [23400, 32400, 600], [27000, 46800, 1100], [28800, 34200, 540], [32400, 43200, 720], [34200, 45000, 600], [43200, 54000, 720], [45000, 50400, 540], [46800, 64800, 1000], [50400, 59400, 500], [54000, 70200, 852], [59400, 66600, 514], [64800, 75600, 1200], [66600, 73800, 600], [70200, 79200, 1285], [73800, 79200, 771], [75600, 79200, 1200], [79200, 86400, 1800]]"
C19,C19,(M) Escuela Militar,3,"[[19800, 23400, 900], [19800, 27000, 2400], [23400, 28800, 675], [23400, 32400, 1000], [27000, 46800, 990], [28800, 34200, 600], [32400, 43200, 771], [34200, 45000, 635], [43200, 54000, 900], [45000, 50400, 675], [46800, 64800, 1200], [50400, 59400, 750], [54000, 70200, 1246], [59400, 66600, 600], [64800, 75600, 1200], [66600, 73800, 720], [70200, 79200, 1125], [73800, 79200, 771], [75600, 79200, 1200], [79200, 86400, 2400]]"
C20,C20,© (M) Escuela Militar - Parque Arauco,3,"[[19800, 23400, 1800], [19800, 27000, 2400], [23400, 28800, 415], [23400, 32400, 391], [27000, 46800, 450], [28800, 34200, 317], [32400, 43200, 327], [34200, 45000, 276], [43200, 54000, 348], [45000, 50400, 284], [46800, 64800, 360], [50400, 59400, 290], [54000, 70200, 337], [59400, 66600, 300], [64800, 75600, 317], [66600, 73800, 400], [70200, 79200, 230], [73800, 79200, 360], [75600, 79200, 327], [79200, 86400, 800]]"
C22,C22,Rotonda Lo Curro,3,"[[19800, 23400, 900], [19800, 27000, 3600], [23400, 28800, 600], [23400, 32400, 900], [27000, 46800, 1800], [28800, 34200, 675], [32400, 43200, 1080], [34200, 45000, 1080], [43200, 54000, 1200], [45000, 50400, 1080], [46800, 64800, 1800], [50400, 59400, 1285], [54000, 70200, 1800], [59400, 66600, 720], [64800, 75600, 1800], [66600, 73800, 720], [70200, 79200, 1800], [73800, 79200, 1080], [75600, 79200, 1800], [79200, 86400, 3600]]"
C25,C25,San Carlos De Apoquindo,3,"[[19800, 23400, 900], [19800, 27000, 1200], [23400, 28800, 771], [23400, 32400, 1285], [27000, 46800, 1237], [28800, 34200, 900], [32400, 43200, 1200], [34200, 45000, 900], [43200, 54000, 1200], [45000, 50400, 900], [46800, 64800, 1200], [50400, 59400, 900], [54000, 70200, 1157], [59400, 66600, 720], [64800, 75600, 1200], [66600, 73800, 720], [70200, 79200, 1285], [73800, 79200, 900], [75600, 79200, 1200], [79200, 86400, 1200]]"
C26c,C26c,© Ciudad Empresarial - (M) Tobalaba,3,"[[23400, 28800, 900], [28800, 34200, 1080], [59400, 66600, 1800], [66600, 73800, 900]]"
C27,C27,© Republica De Honduras - (M) Los Dominicos,3,"[[19800, 23400, 900], [19800, 27000, 2400], [23400, 28800, 540], [23400, 32400, 642], [27000, 46800, 1237], [28800, 34200, 600], [32400, 43200, 771], [34200, 45000, 635], [43200, 54000, 830], [45000, 50400, 675], [46800, 64800, 1200], [50400, 59400, 692], [54000, 70200, 900], [59400, 66600, 553], [64800, 75600, 981], [66600, 73800, 720], [70200, 79200, 1285], [73800, 79200, 771], [75600, 79200, 1200], [79200, 86400, 2400]]"
C28,C28,Los Bravos,3,"[[3600, 19800, 16200], [19800, 23400, 600], [19800, 27000, 1200], [23400, 28800, 415], [23400, 32400, 500], [27000, 46800, 825], [28800, 34200, 450], [32400, 43200, 540], [34200, 45000, 600], [43200, 54000, 675], [45000, 50400, 600], [46800, 64800, 720], [50400, 59400, 600], [54000, 70200, 771], [59400, 66600, 553], [64800, 75600, 771], [66600, 73800, 553], [70200, 79200, 1125], [73800, 79200, 771], [75600, 79200, 1200], [79200, 86400, 900]]"
C33c,C33c,© Vitacura - (M) Tobalaba,3,"[[23400, 28800, 1349], [28800, 34200, 1080], [59400, 66600, 900], [66600, 73800, 900]]"
C37,C37,© (M) Los Dominicos - San Ramon Oriente,3,"[[19800, 27000, 3600], [23400, 28800, 675], [23400, 32400, 750], [27000, 46800, 1237], [28800, 34200, 675], [32400, 43200, 771], [34200, 45000, 720], [43200, 54000, 900], [45000, 50400, 675], [46800, 64800, 1200], [50400, 59400, 692], [54000, 70200, 952], [59400, 66600, 600], [64800, 75600, 1200], [66600, 73800, 800], [70200, 79200, 1125], [73800, 79200, 900], [75600, 79200, 1800], [79200, 86400, 3600]]"
D01,D01,© Antupirén - (M) Plaza Egaña,3,"[[19800, 23400, 1800], [19800, 27000, 1800], [23400, 28800, 675], [23400, 32400, 818], [27000, 46800, 1237], [28800, 34200, 900], [32400, 43200, 771], [34200, 45000, 720], [43200, 54000, 900], [45000, 50400, 771], [46800, 64800, 1125], [50400, 59400, 818], [54000, 70200, 1157], [59400, 66600, 800], [64800, 75600, 1349], [66600, 73800, 900], [70200, 79200, 1500], [73800, 79200, 900], [75600, 79200, 1200], [79200, 86400, 1028]]"
D02,D02,Álvaro Casanova,3,"[[19800, 23400, 900], [19800, 27000, 2400], [23400, 28800, 600], [23400, 32400, 900], [27000, 46800, 1320], [28800, 34200, 675], [32400, 43200, 981], [34200, 45000, 720], [43200, 54000, 1200], [45000, 50400, 675], [46800, 64800, 1125], [50400, 59400, 750], [54000, 70200, 1157], [59400, 66600, 654], [64800, 75600, 1349], [66600, 73800, 654], [70200, 79200, 1285], [73800, 79200, 900], [75600, 79200, 1800], [79200, 86400, 1028]]"
D03,D03,Las Parcelas,3,"[[19800, 23400, 720], [19800, 27000, 1440], [23400, 28800, 450], [23400, 32400, 692], [27000, 46800, 990], [28800, 34200, 540], [32400, 43200, 720], [34200, 45000, 540], [43200, 54000, 675], [45000, 50400, 490], [46800, 64800, 900], [50400, 59400, 529], [54000, 70200, 736], [59400, 66600, 514], [64800, 75600, 900], [66600, 73800, 600], [70200, 79200, 900], [73800, 79200, 675], [75600, 79200, 1200], [79200, 86400, 800]]"
D03c,D03c,© Las Parcelas - (M) Plaza Egaña,3,"[[19800, 23400, 1800], [23400, 28800, 900], [28800, 34200, 2700], [59400, 66600, 1440], [66600, 73800, 1028]]"
D05,D05,(M) Franklin,3,"[[3600, 19800, 8100], [19800, 23400, 720], [19800, 27000, 1800], [23400, 28800, 600], [23400, 32400, 692], [27000, 46800, 860], [28800, 34200, 600], [32400, 43200, 675], [34200, 45000, 514], [43200, 54000, 675], [45000, 50400, 540], [46800, 64800, 900], [50400, 59400, 562], [54000, 70200, 736], [59400, 66600, 553], [64800, 75600, 900], [66600, 73800, 600], [70200, 79200, 900], [73800, 79200, 771], [75600, 79200, 1800], [79200, 86400, 1028]]"
D07,D07,Diagonal Las Torres,3,"[[0, 3600, 1800], [19800, 23400, 720], [19800, 27000, 1440], [23400, 28800, 540], [23400, 32400, 900], [27000, 46800, 1042], [28800, 34200, 771], [32400, 43200, 900], [34200, 45000, 600], [43200, 54000, 900], [45000, 50400, 675], [46800, 64800, 1058], [50400, 59400, 642], [54000, 70200, 900], [59400, 66600, 600], [64800, 75600, 1200], [66600, 73800, 654], [70200, 79200, 1125], [73800, 79200, 771], [75600, 79200, 1200], [79200, 86400, 1028]]"
D07c,D07c,© Antupiren - (M) Grecia,3,"[[19800, 23400, 1200], [23400, 28800, 771], [28800, 34200, 771], [59400, 66600, 1800], [66600, 73800, 1800]]"
D08,D08,© Av. Grecia - (M) Francisco Bilbao,3,"[[3600, 19800, 5400], [19800, 23400, 514], [19800, 27000, 1440], [23400, 28800, 540], [23400, 32400, 818], [27000, 46800, 990], [28800, 34200, 540], [32400, 43200, 900], [34200, 45000, 600], [43200, 54000, 900], [45000, 50400, 600], [46800, 64800, 900], [50400, 59400, 600], [54000, 70200, 852], [59400, 66600, 600], [64800, 75600, 1200], [66600, 73800, 654], [70200, 79200, 1000], [73800, 79200, 675], [75600, 79200, 1200], [79200, 86400, 1028]]"
D09,D09,© Av. Grecia Oriente - (M) Manuel Montt,3,"[[0, 3600, 1800], [3600, 19800, 4050], [19800, 23400, 900], [19800, 27000, 1800], [23400, 28800, 450], [23400, 32400, 818], [27000, 46800, 990], [28800, 34200, 600], [32400, 43200, 771], [34200, 45000, 635], [43200, 54000, 771], [45000, 50400, 600], [46800, 64800, 947], [50400, 59400, 600], [54000, 70200, 704], [59400, 66600, 600], [64800, 75600, 1200], [66600, 73800, 654], [70200, 79200, 1000], [73800, 79200, 900], [75600, 79200, 1200], [79200, 86400, 1200]]"
D10,D10,Diagonal Las Torres,3,"[[19800, 23400, 720], [19800, 27000, 1440], [23400, 28800, 540], [23400, 32400, 1125], [27000, 46800, 1320], [28800, 34200, 771], [32400, 43200, 830], [34200, 45000, 720], [43200, 54000, 900], [45000, 50400, 675], [46800, 64800, 1200], [50400, 59400, 750], [54000, 70200, 852], [59400, 66600, 654], [64800, 75600, 1349], [66600, 73800, 720], [70200, 79200, 1125], [73800, 79200, 771], [75600, 79200, 1200], [79200, 86400, 1200]]"
D11,D11,Mall Alto Las Condes,3,"[[3600, 19800, 16200], [19800, 23400, 600], [19800, 27000, 1028], [23400, 28800, 540], [23400, 32400, 642], [27000, 46800, 733], [28800, 34200, 675], [32400, 43200, 720], [34200, 45000, 600], [43200, 54000, 720], [45000, 50400, 600], [46800, 64800, 782], [50400, 59400, 600], [54000, 70200, 736], [59400, 66600, 720], [64800, 75600, 900], [66600, 73800, 654], [70200, 79200, 818], [73800, 79200, 1080], [75600, 79200, 1200], [79200, 86400, 1200]]"
D13,D13,(M) Bellavista De La Florida,3,"[[19800, 23400, 900], [19800, 27000, 1800], [23400, 28800, 771], [23400, 32400, 900], [27000, 46800, 1237], [28800, 34200, 771], [32400, 43200, 1080], [34200, 45000, 720], [43200, 54000, 900], [45000, 50400, 771], [46800, 64800, 1200], [50400, 59400, 900], [54000, 70200, 952], [59400, 66600, 720], [64800, 75600, 1200], [66600, 73800, 800], [70200, 79200, 1285], [73800, 79200, 771], [75600, 79200, 1200], [79200, 86400, 1800]]"
D14,D14,(M) Quilin,3,"[[19800, 23400, 900], [19800, 27000, 3600], [23400, 28800, 600], [23400, 32400, 1125], [27000, 46800, 1320], [28800, 34200, 675], [32400, 43200, 1080], [34200, 45000, 720], [43200, 54000, 900], [45000, 50400, 771], [46800, 64800, 1200], [50400, 59400, 750], [54000, 70200, 952], [59400, 66600, 600], [64800, 75600, 1200], [66600, 73800, 654], [70200, 79200, 1500], [73800, 79200, 771], [75600, 79200, 900], [79200, 86400, 1200]]"
D15,D15,© Diagonal Las Torres - La Reina Alta,3,"[[19800, 23400, 900], [19800, 27000, 3600], [23400, 28800, 490], [23400, 32400, 750], [27000, 46800, 1320], [28800, 34200, 771], [32400, 43200, 830], [34200, 45000, 720], [43200, 54000, 900], [45000, 50400, 675], [46800, 64800, 1125], [50400, 59400, 692], [54000, 70200, 900], [59400, 66600, 720], [64800, 75600, 1200], [66600, 73800, 720], [70200, 79200, 1125], [73800, 79200, 771], [75600, 79200, 1200], [79200, 86400, 1028]]"
D16,D16,San Luis De Macul,3,"[[19800, 23400, 900], [19800, 27000, 1800], [23400, 28800, 900], [23400, 32400, 750], [27000, 46800, 1042], [28800, 34200, 900], [32400, 43200, 720], [34200, 45000, 900], [43200, 54000, 830], [45000, 50400, 900], [46800, 64800, 947], [50400, 59400, 900], [54000, 70200, 900], [59400, 66600, 900], [64800, 75600, 1200], [66600, 73800, 900], [70200, 79200, 1000], [73800, 79200, 900], [75600, 79200, 1800], [79200, 86400, 1028]]"
D17,D17,© (M) Quilin - Alto Macul,3,"[[3600, 19800, 16200], [19800, 23400, 1200], [19800, 27000, 1440], [23400, 28800, 675], [23400, 32400, 692], [27000, 46800, 1237], [28800, 34200, 675], [32400, 43200, 830], [34200, 45000, 600], [43200, 54000, 900], [45000, 50400, 675], [46800, 64800, 1200], [50400, 59400, 600], [54000, 70200, 900], [59400, 66600, 720], [64800, 75600, 1200], [66600, 73800, 720], [70200, 79200, 1000], [73800, 79200, 771], [75600, 79200, 1800], [79200, 86400, 1200]]"
D17v,D17v,© (M) Quilin - Las Pircas,3,"[[19800, 27000, 2400], [23400, 28800, 1080], [23400, 32400, 1125], [27000, 46800, 1164], [28800, 34200, 1349], [32400, 43200, 1200], [34200, 45000, 1200], [43200, 54000, 1200], [45000, 50400, 1080], [46800, 64800, 1200], [50400, 59400, 1285], [54000, 70200, 1246], [59400, 66600, 1200], [64800, 75600, 1200], [66600, 73800, 1200], [70200, 79200, 1125], [73800, 79200, 1080], [75600, 79200, 1200], [79200, 86400, 1200]]"
D18,D18,(M) Santa Isabel,3,"[[19800, 23400, 720], [19800, 27000, 1800], [23400, 28800, 540], [23400, 32400, 750], [27000, 46800, 1320], [28800, 34200, 540], [32400, 43200, 720], [34200, 45000, 540], [43200, 54000, 830], [45000, 50400, 540], [46800, 64800, 1200], [50400, 59400, 529], [54000, 70200, 900], [59400, 66600, 553], [64800, 75600, 1200], [66600, 73800, 553], [70200, 79200, 900], [73800, 79200, 771], [75600, 79200, 1200], [79200, 86400, 1028]]"
D20,D20,© Av. Grecia Oriente - Av. Las Torres,3,"[[23400, 32400, 4500], [27000, 46800, 1414], [28800, 34200, 1080], [32400, 43200, 1200], [34200, 45000, 900], [43200, 54000, 1200], [45000, 50400, 900], [46800, 64800, 1384], [50400, 59400, 900], [54000, 70200, 2314], [59400, 66600, 1800]]"
D26,D26,© San Luis De Macul - Maria Angelica,3,"[[3600, 19800, 8100], [19800, 23400, 1200], [19800, 27000, 1200], [23400, 28800, 900], [23400, 32400, 1125], [27000, 46800, 1164], [28800, 34200, 1080], [32400, 43200, 1200], [34200, 45000, 1200], [43200, 54000, 1200], [45000, 50400, 1349], [46800, 64800, 1200], [50400, 59400, 1125], [54000, 70200, 1246], [59400, 66600, 900], [64800, 75600, 1200], [66600, 73800, 900], [70200, 79200, 1125], [73800, 79200, 1080], [75600, 79200, 1200], [79200, 86400, 1440]]"
E02,E02,Diego Portales,3,"[[19800, 23400, 720], [19800, 27000, 1200], [23400, 28800, 600], [23400, 32400, 818], [27000, 46800, 942], [28800, 34200, 771], [32400, 43200, 981], [34200, 45000, 900], [43200, 54000, 900], [45000, 50400, 675], [46800, 64800, 947], [50400, 59400, 642], [54000, 70200, 952], [59400, 66600, 600], [64800, 75600, 981], [66600, 73800, 600], [70200, 79200, 1125], [73800, 79200, 900], [75600, 79200, 1200], [79200, 86400, 1800]]"
E03,E03,(M) Lo Ovalle,3,"[[0, 3600, 1800], [3600, 19800, 4050], [19800, 23400, 514], [19800, 27000, 900], [23400, 28800, 490], [23400, 32400, 900], [27000, 46800, 900], [28800, 34200, 600], [32400, 43200, 771], [34200, 45000, 720], [43200, 54000, 900], [45000, 50400, 675], [46800, 64800, 900], [50400, 59400, 642], [54000, 70200, 900], [59400, 66600, 514], [64800, 75600, 900], [66600, 73800, 654], [70200, 79200, 900], [73800, 79200, 771], [75600, 79200, 900], [79200, 86400, 1028]]"
E04,E04,Av. La Florida,3,"[[19800, 23400, 720], [19800, 27000, 1200], [23400, 28800, 675], [23400, 32400, 818], [27000, 46800, 942], [28800, 34200, 600], [32400, 43200, 981], [34200, 45000, 900], [43200, 54000, 981], [45000, 50400, 900], [46800, 64800, 947], [50400, 59400, 818], [54000, 70200, 952], [59400, 66600, 800], [64800, 75600, 981], [66600, 73800, 720], [70200, 79200, 1000], [73800, 79200, 771], [75600, 79200, 1200], [79200, 86400, 1028]]"
E05,E05,(M) Bellavista De La Florida,3,"[[19800, 23400, 720], [19800, 27000, 1800], [23400, 28800, 490], [23400, 32400, 900], [27000, 46800, 900], [28800, 34200, 675], [32400, 43200, 900], [34200, 45000, 771], [43200, 54000, 900], [45000, 50400, 771], [46800, 64800, 900], [50400, 59400, 818], [54000, 70200, 900], [59400, 66600, 600], [64800, 75600, 900], [66600, 73800, 654], [70200, 79200, 1000], [73800, 79200, 900], [75600, 79200, 1200], [79200, 86400, 1200]]"
E07,E07,Rojas Magallanes,3,"[[19800, 23400, 1200], [19800, 27000, 3600], [23400, 28800, 600], [23400, 32400, 900], [27000, 46800, 900], [28800, 34200, 675], [32400, 43200, 900], [34200, 45000, 830], [43200, 54000, 771], [45000, 50400, 771], [46800, 64800, 900], [50400, 59400, 750], [54000, 70200, 900], [59400, 66600, 600], [64800, 75600, 900], [66600, 73800, 600], [70200, 79200, 900], [73800, 79200, 675], [75600, 79200, 900], [79200, 86400, 1028]]"
E08,E08,Diego Portales,3,"[[19800, 23400, 1200], [19800, 27000, 1800], [23400, 28800, 771], [23400, 32400, 818], [27000, 46800, 942], [28800, 34200, 900], [32400, 43200, 981], [34200, 45000, 900], [43200, 54000, 981], [45000, 50400, 900], [46800, 64800, 947], [50400, 59400, 900], [54000, 70200, 952], [59400, 66600, 800], [64800, 75600, 981], [66600, 73800, 654], [70200, 79200, 1125], [73800, 79200, 675], [75600, 79200, 1200], [79200, 86400, 900]]"
E12,E12,© Gabriela - Santa Rosa P18,3,"[[3600, 19800, 8100], [19800, 23400, 514], [19800, 27000, 1200], [23400, 28800, 415], [23400, 32400, 818], [27000, 46800, 990], [28800, 34200, 540], [32400, 43200, 900], [34200, 45000, 900], [43200, 54000, 900], [45000, 50400, 900], [46800, 64800, 900], [50400, 59400, 600], [54000, 70200, 810], [59400, 66600, 514], [64800, 75600, 981], [66600, 73800, 654], [70200, 79200, 818], [73800, 79200, 600], [75600, 79200, 1200], [79200, 86400, 1200]]"
E13,E13,Gabriela,3,"[[19800, 23400, 900], [19800, 27000, 1800], [23400, 28800, 675], [23400, 32400, 818], [27000, 46800, 942], [28800, 34200, 771], [32400, 43200, 981], [34200, 45000, 720], [43200, 54000, 981], [45000, 50400, 675], [46800, 64800, 947], [50400, 59400, 600], [54000, 70200, 900], [59400, 66600, 600], [64800, 75600, 981], [66600, 73800, 514], [70200, 79200, 1125], [73800, 79200, 540], [75600, 79200, 1200], [79200, 86400, 800]]"
E14,E14,San Jose De La Estrella,3,"[[19800, 23400, 1200], [19800, 27000, 1800], [23400, 28800, 675], [23400, 32400, 1000], [27000, 46800, 942], [28800, 34200, 771], [32400, 43200, 981], [34200, 45000, 900], [43200, 54000, 981], [45000, 50400, 900], [46800, 64800, 1000], [50400, 59400, 818], [54000, 70200, 952], [59400, 66600, 720], [64800, 75600, 981], [66600, 73800, 600], [70200, 79200, 1125], [73800, 79200, 771], [75600, 79200, 1200], [79200, 86400, 1800]]"
E15c,E15c,Gabriela,3,"[[19800, 23400, 900], [23400, 28800, 490], [23400, 32400, 900], [27000, 46800, 1414], [28800, 34200, 675], [32400, 43200, 981], [34200, 45000, 720], [43200, 54000, 981], [45000, 50400, 600], [46800, 64800, 1125], [50400, 59400, 600], [54000, 70200, 952], [59400, 66600, 600], [64800, 75600, 1080], [66600, 73800, 553], [70200, 79200, 1125], [73800, 79200, 900], [75600, 79200, 1200], [79200, 86400, 2400]]"
E17,E17,Las Perdices,3,"[[19800, 23400, 1200], [19800, 27000, 1440], [23400, 28800, 675], [23400, 32400, 818], [27000, 46800, 942], [28800, 34200, 900], [32400, 43200, 981], [34200, 45000, 900], [43200, 54000, 981], [45000, 50400, 900], [46800, 64800, 1000], [50400, 59400, 900], [54000, 70200, 952], [59400, 66600, 800], [64800, 75600, 981], [66600, 73800, 720], [70200, 79200, 900], [73800, 79200, 900], [75600, 79200, 1200], [79200, 86400, 900]]"
E18,E18,(M) La Cisterna,3,"[[3600, 19800, 16200], [19800, 23400, 900], [19800, 27000, 3600], [23400, 28800, 600], [23400, 32400, 900], [27000, 46800, 900], [28800, 34200, 771], [32400, 43200, 900], [34200, 45000, 900], [43200, 54000, 900], [45000, 50400, 771], [46800, 64800, 900], [50400, 59400, 900], [54000, 70200, 900], [59400, 66600, 720], [64800, 75600, 900], [66600, 73800, 654], [70200, 79200, 1000], [73800, 79200, 771], [75600, 79200, 1200], [79200, 86400, 1200]]"
E20,E20,© Jardin Del Este - (M) Macul,3,"[[19800, 23400, 720], [19800, 27000, 2400], [23400, 28800, 675], [23400, 32400, 900], [27000, 46800, 1164], [28800, 34200, 771], [32400, 43200, 900], [34200, 45000, 771], [43200, 54000, 900], [45000, 50400, 900], [46800, 64800, 1200], [50400, 59400, 818], [54000, 70200, 900], [59400, 66600, 720], [64800, 75600, 1200], [66600, 73800, 720], [70200, 79200, 900], [73800, 79200, 900], [75600, 79200, 1200], [79200, 86400, 1028]]"
F25,F25,Bajos De Mena,3,"[[0, 3600, 1800], [19800, 23400, 900], [19800, 27000, 3600], [23400, 28800, 675], [23400, 32400, 1285], [27000, 46800, 1042], [28800, 34200, 771], [32400, 43200, 900], [34200, 45000, 720], [43200, 54000, 900], [45000, 50400, 675], [46800, 64800, 857], [50400, 59400, 750], [54000, 70200, 900], [59400, 66600, 654], [64800, 75600, 1200], [66600, 73800, 720], [70200, 79200, 900], [73800, 79200, 675], [75600, 79200, 1800], [79200, 86400, 1028]]"
F30N,F30n,La Moneda,3,"[[0, 3600, 1800], [3600, 19800, 1800], [19800, 23400, 1800], [19800, 27000, 1800], [23400, 32400, 9000], [27000, 46800, 19800], [70200, 79200, 9000], [79200, 86400, 1800]]"
G11,G11,© (M) Lo Ovalle - Lo Blanco,3,"[[0, 3600, 1800], [3600, 19800, 5400], [19800, 23400, 514], [19800, 27000, 900], [23400, 28800, 415], [23400, 32400, 818], [27000, 46800, 761], [28800, 34200, 540], [32400, 43200, 771], [34200, 45000, 600], [43200, 54000, 771], [45000, 50400, 600], [46800, 64800, 782], [50400, 59400, 562], [54000, 70200, 771], [59400, 66600, 480], [64800, 75600, 830], [66600, 73800, 450], [70200, 79200, 1000], [73800, 79200, 675], [75600, 79200, 900], [79200, 86400, 1028]]"
G12,G12,Av. Lo Espejo,3,"[[19800, 23400, 720], [19800, 27000, 1200], [23400, 28800, 675], [23400, 32400, 818], [27000, 46800, 942], [28800, 34200, 771], [32400, 43200, 900], [34200, 45000, 720], [43200, 54000, 830], [45000, 50400, 675], [46800, 64800, 857], [50400, 59400, 750], [54000, 70200, 900], [59400, 66600, 720], [64800, 75600, 900], [66600, 73800, 654], [70200, 79200, 1125], [73800, 79200, 771], [75600, 79200, 900], [79200, 86400, 900]]"
G18,G18,Santo Tomas,3,"[[19800, 23400, 720], [19800, 27000, 1200], [23400, 28800, 600], [23400, 32400, 692], [27000, 46800, 761], [28800, 34200, 771], [32400, 43200, 720], [34200, 45000, 771], [43200, 54000, 720], [45000, 50400, 771], [46800, 64800, 782], [50400, 59400, 692], [54000, 70200, 736], [59400, 66600, 654], [64800, 75600, 771], [66600, 73800, 600], [70200, 79200, 1000], [73800, 79200, 675], [75600, 79200, 900], [79200, 86400, 1028]]"
H03,H03,Mall Plaza Oeste,3,"[[19800, 23400, 1200], [19800, 27000, 1200], [23400, 28800, 675], [23400, 32400, 818], [27000, 46800, 1164], [28800, 34200, 771], [32400, 43200, 900], [34200, 45000, 900], [43200, 54000, 900], [45000, 50400, 771], [46800, 64800, 1200], [50400, 59400, 900], [54000, 70200, 952], [59400, 66600, 654], [64800, 75600, 1080], [66600, 73800, 720], [70200, 79200, 1125], [73800, 79200, 771], [75600, 79200, 1200], [79200, 86400, 1028]]"
H05,H05,(M) Valdovinos,3,"[[19800, 23400, 720], [19800, 27000, 1200], [23400, 28800, 675], [23400, 32400, 1000], [27000, 46800, 1164], [28800, 34200, 900], [32400, 43200, 981], [34200, 45000, 900], [43200, 54000, 981], [45000, 50400, 900], [46800, 64800, 1125], [50400, 59400, 818], [54000, 70200, 900], [59400, 66600, 720], [64800, 75600, 1200], [66600, 73800, 900], [70200, 79200, 1125], [73800, 79200, 900], [75600, 79200, 1200], [79200, 86400, 2400]]"
H07,H07,(M) Lo Ovalle,3,"[[19800, 23400, 600], [19800, 27000, 1800], [23400, 28800, 600], [23400, 32400, 900], [27000, 46800, 1164], [28800, 34200, 771], [32400, 43200, 830], [34200, 45000, 981], [43200, 54000, 771], [45000, 50400, 900], [46800, 64800, 1125], [50400, 59400, 818], [54000, 70200, 900], [59400, 66600, 800], [64800, 75600, 1080], [66600, 73800, 720], [70200, 79200, 1125], [73800, 79200, 900], [75600, 79200, 1200], [79200, 86400, 1440]]"
H08,H08,(M) Lo Ovalle,3,"[[19800, 23400, 514], [19800, 27000, 1440], [23400, 28800, 540], [23400, 32400, 818], [27000, 46800, 1164], [28800, 34200, 771], [32400, 43200, 981], [34200, 45000, 900], [43200, 54000, 900], [45000, 50400, 771], [46800, 64800, 1200], [50400, 59400, 692], [54000, 70200, 900], [59400, 66600, 720], [64800, 75600, 1200], [66600, 73800, 900], [70200, 79200, 1125], [73800, 79200, 1080], [75600, 79200, 1200], [79200, 86400, 1800]]"
H09,H09,(M) Valdovinos,3,"[[19800, 23400, 720], [19800, 27000, 1440], [23400, 28800, 771], [23400, 32400, 900], [27000, 46800, 1164], [28800, 34200, 900], [32400, 43200, 900], [34200, 45000, 900], [43200, 54000, 830], [45000, 50400, 900], [46800, 64800, 1125], [50400, 59400, 900], [54000, 70200, 900], [59400, 66600, 720], [64800, 75600, 1200], [66600, 73800, 900], [70200, 79200, 1285], [73800, 79200, 900], [75600, 79200, 1200], [79200, 86400, 1440]]"
H12,H12,(M) Franklin,3,"[[19800, 23400, 900], [19800, 27000, 1200], [23400, 28800, 900], [23400, 32400, 900], [27000, 46800, 1100], [28800, 34200, 900], [32400, 43200, 900], [34200, 45000, 900], [43200, 54000, 900], [45000, 50400, 900], [46800, 64800, 1125], [50400, 59400, 900], [54000, 70200, 900], [59400, 66600, 900], [64800, 75600, 1200], [66600, 73800, 1028], [70200, 79200, 1125], [73800, 79200, 900], [75600, 79200, 1200], [79200, 86400, 2400]]"
H13,H13,© Santa Olga - (M) Los Heroes,3,"[[3600, 19800, 5400], [19800, 23400, 514], [19800, 27000, 1200], [23400, 28800, 490], [23400, 32400, 900], [27000, 46800, 900], [28800, 34200, 675], [32400, 43200, 771], [34200, 45000, 771], [43200, 54000, 830], [45000, 50400, 675], [46800, 64800, 900], [50400, 59400, 642], [54000, 70200, 852], [59400, 66600, 654], [64800, 75600, 981], [66600, 73800, 800], [70200, 79200, 900], [73800, 79200, 900], [75600, 79200, 900], [79200, 86400, 3600]]"
H24,H24,La Victoria,3,"[[3600, 19800, 8100], [19800, 23400, 600], [19800, 27000, 1200], [23400, 28800, 600], [23400, 32400, 818], [27000, 46800, 1164], [28800, 34200, 771], [32400, 43200, 900], [34200, 45000, 900], [43200, 54000, 830], [45000, 50400, 900], [46800, 64800, 1200], [50400, 59400, 818], [54000, 70200, 900], [59400, 66600, 720], [64800, 75600, 1200], [66600, 73800, 900], [70200, 79200, 900], [73800, 79200, 900], [75600, 79200, 1200], [79200, 86400, 1800]]"
I01,I01,Villa Los Heroes,3,"[[0, 3600, 1800], [19800, 23400, 900], [19800, 27000, 1200], [23400, 28800, 675], [23400, 32400, 900], [27000, 46800, 1164], [28800, 34200, 771], [32400, 43200, 900], [34200, 45000, 720], [43200, 54000, 900], [45000, 50400, 600], [46800, 64800, 1125], [50400, 59400, 600], [54000, 70200, 852], [59400, 66600, 600], [64800, 75600, 1200], [66600, 73800, 600], [70200, 79200, 900], [73800, 79200, 771], [75600, 79200, 1200], [79200, 86400, 1200]]"
I03,I03,Villa Los Heroes,3,"[[19800, 23400, 1200], [19800, 27000, 1200], [23400, 28800, 600], [23400, 32400, 818], [27000, 46800, 1042], [28800, 34200, 600], [32400, 43200, 771], [34200, 45000, 514], [43200, 54000, 830], [45000, 50400, 540], [46800, 64800, 1000], [50400, 59400, 529], [54000, 70200, 900], [59400, 66600, 400], [64800, 75600, 981], [66600, 73800, 400], [70200, 79200, 750], [73800, 79200, 675], [75600, 79200, 900], [79200, 86400, 1028]]"
I03c,I03c,Valle Verde,3,"[[59400, 66600, 1800], [66600, 73800, 800]]"
I04,I04,Villa El Abraz,3,"[[0, 3600, 1800], [19800, 23400, 900], [19800, 27000, 1200], [23400, 28800, 600], [23400, 32400, 750], [27000, 46800, 900], [28800, 34200, 771], [32400, 43200, 771], [34200, 45000, 635], [43200, 54000, 771], [45000, 50400, 600], [46800, 64800, 900], [50400, 59400, 600], [54000, 70200, 771], [59400, 66600, 450], [64800, 75600, 900], [66600, 73800, 480], [70200, 79200, 900], [73800, 79200, 675], [75600, 79200, 1200], [79200, 86400, 1028]]"
I05,I05,(M) Lo Ovalle,3,"[[3600, 19800, 8100], [19800, 23400, 720], [19800, 27000, 1200], [23400, 28800, 675], [23400, 32400, 818], [27000, 46800, 900], [28800, 34200, 900], [32400, 43200, 900], [34200, 45000, 900], [43200, 54000, 900], [45000, 50400, 900], [46800, 64800, 900], [50400, 59400, 900], [54000, 70200, 900], [59400, 66600, 900], [64800, 75600, 900], [66600, 73800, 900], [70200, 79200, 1125], [73800, 79200, 900], [75600, 79200, 1200], [79200, 86400, 1800]]"
I08,I08,Mall Arauco,3,"[[19800, 23400, 720], [19800, 27000, 1440], [23400, 28800, 284], [23400, 32400, 750], [27000, 46800, 900], [28800, 34200, 337], [32400, 43200, 720], [34200, 45000, 348], [43200, 54000, 771], [45000, 50400, 317], [46800, 64800, 900], [50400, 59400, 333], [54000, 70200, 852], [59400, 66600, 225], [64800, 75600, 900], [66600, 73800, 200], [70200, 79200, 818], [73800, 79200, 385], [75600, 79200, 900], [79200, 86400, 553]]"
I08N,I08n,La Farfana,3,"[[0, 3600, 1200], [3600, 19800, 1800]]"
I09,I09,(M) U. De Chile,3,"[[3600, 19800, 2314], [19800, 23400, 211], [19800, 27000, 720], [23400, 28800, 225], [23400, 32400, 529], [27000, 46800, 682], [28800, 34200, 225], [32400, 43200, 540], [34200, 45000, 270], [43200, 54000, 600], [45000, 50400, 284], [46800, 64800, 720], [50400, 59400, 264], [54000, 70200, 600], [59400, 66600, 300], [64800, 75600, 720], [66600, 73800, 327], [70200, 79200, 750], [73800, 79200, 415], [75600, 79200, 720], [79200, 86400, 600]]"
I09c,I09c,(M) Las Rejas,3,"[[23400, 28800, 900], [28800, 34200, 1080], [59400, 66600, 1440], [66600, 73800, 900]]"
I09e,I09e,Rinconada,3,"[[23400, 28800, 675], [28800, 34200, 2700], [59400, 66600, 900], [66600, 73800, 600]]"
I10,I10,(M) Quinta Normal,3,"[[19800, 23400, 514], [19800, 27000, 1200], [23400, 28800, 385], [23400, 32400, 818], [27000, 46800, 900], [28800, 34200, 540], [32400, 43200, 830], [34200, 45000, 514], [43200, 54000, 830], [45000, 50400, 600], [46800, 64800, 900], [50400, 59400, 529], [54000, 70200, 852], [59400, 66600, 450], [64800, 75600, 900], [66600, 73800, 514], [70200, 79200, 900], [73800, 79200, 900], [75600, 79200, 1200], [79200, 86400, 1028]]"
I10N,I10n,Villa Los Heroes,3,"[[0, 3600, 1800], [3600, 19800, 1800]]"
I12,I12,Mall Plaza Oeste,3,"[[3600, 19800, 8100], [19800, 23400, 720], [19800, 27000, 1200], [23400, 28800, 675], [23400, 32400, 900], [27000, 46800, 900], [28800, 34200, 900], [32400, 43200, 900], [34200, 45000, 720], [43200, 54000, 900], [45000, 50400, 675], [46800, 64800, 900], [50400, 59400, 818], [54000, 70200, 900], [59400, 66600, 654], [64800, 75600, 900], [66600, 73800, 720], [70200, 79200, 1285], [73800, 79200, 771], [75600, 79200, 1200], [79200, 86400, 1800]]"
I13,I13,(M) Del Sol,3,"[[19800, 23400, 1200], [19800, 27000, 1800], [23400, 28800, 675], [23400, 32400, 1125], [27000, 46800, 900], [28800, 34200, 771], [32400, 43200, 900], [34200, 45000, 720], [43200, 54000, 900], [45000, 50400, 771], [46800, 64800, 900], [50400, 59400, 818], [54000, 70200, 952], [59400, 66600, 720], [64800, 75600, 900], [66600, 73800, 654], [70200, 79200, 1125], [73800, 79200, 771], [75600, 79200, 1200], [79200, 86400, 900]]"
I14,I14,Mall Plaza Oeste,3,"[[19800, 23400, 1200], [19800, 27000, 1200], [23400, 28800, 600], [23400, 32400, 900], [27000, 46800, 900], [28800, 34200, 771], [32400, 43200, 900], [34200, 45000, 720], [43200, 54000, 900], [45000, 50400, 600], [46800, 64800, 900], [50400, 59400, 562], [54000, 70200, 900], [59400, 66600, 480], [64800, 75600, 900], [66600, 73800, 600], [70200, 79200, 1125], [73800, 79200, 771], [75600, 79200, 1200], [79200, 86400, 1028]]"
I14N,I14n,Centro,3,"[[0, 3600, 1800], [3600, 19800, 1800]]"
I16,I16,Poblacion Santiago,3,"[[3600, 19800, 8100], [19800, 23400, 1200], [19800, 27000, 1440], [23400, 28800, 771], [23400, 32400, 900], [27000, 46800, 1164], [28800, 34200, 771], [32400, 43200, 900], [34200, 45000, 720], [43200, 54000, 900], [45000, 50400, 771], [46800, 64800, 1200], [50400, 59400, 750], [54000, 70200, 900], [59400, 66600, 720], [64800, 75600, 1200], [66600, 73800, 654], [70200, 79200, 1125], [73800, 79200, 771], [75600, 79200, 1200], [79200, 86400, 1200]]"
I17,I17,Villa Francia,3,"[[19800, 23400, 1200], [19800, 27000, 1200], [23400, 28800, 675], [23400, 32400, 1000], [27000, 46800, 1164], [28800, 34200, 771], [32400, 43200, 981], [34200, 45000, 720], [43200, 54000, 981], [45000, 50400, 771], [46800, 64800, 1200], [50400, 59400, 818], [54000, 70200, 952], [59400, 66600, 720], [64800, 75600, 1200], [66600, 73800, 720], [70200, 79200, 1125], [73800, 79200, 900], [75600, 79200, 1200], [79200, 86400, 2400]]"
I18,I18,(M) Ula,3,"[[19800, 23400, 900], [19800, 27000, 1200], [23400, 28800, 771], [23400, 32400, 818], [27000, 46800, 1164], [28800, 34200, 771], [32400, 43200, 900], [34200, 45000, 720], [43200, 54000, 900], [45000, 50400, 771], [46800, 64800, 1125], [50400, 59400, 818], [54000, 70200, 952], [59400, 66600, 720], [64800, 75600, 1200], [66600, 73800, 800], [70200, 79200, 1125], [73800, 79200, 900], [75600, 79200, 1200], [79200, 86400, 2400]]"
I24,I24,Plaza Oeste,3,"[[19800, 23400, 900], [19800, 27000, 1440], [23400, 28800, 675], [23400, 32400, 900], [27000, 46800, 900], [28800, 34200, 900], [32400, 43200, 900], [34200, 45000, 771], [43200, 54000, 900], [45000, 50400, 900], [46800, 64800, 900], [50400, 59400, 750], [54000, 70200, 900], [59400, 66600, 720], [64800, 75600, 900], [66600, 73800, 720], [70200, 79200, 1125], [73800, 79200, 900], [75600, 79200, 1800], [79200, 86400, 1800]]"
I25,I25,© Villa S. Henriquez - Portal Oeste,3,"[[3600, 19800, 8100], [19800, 23400, 720], [19800, 27000, 1200], [23400, 28800, 360], [23400, 32400, 900], [27000, 46800, 1042], [28800, 34200, 675], [32400, 43200, 900], [34200, 45000, 720], [43200, 54000, 900], [45000, 50400, 771], [46800, 64800, 1058], [50400, 59400, 642], [54000, 70200, 1157], [59400, 66600, 450], [64800, 75600, 1080], [66600, 73800, 600], [70200, 79200, 1125], [73800, 79200, 771], [75600, 79200, 1800], [79200, 86400, 1800]]"
I26,I26,© Avenida Portales - (M) Cerrillos,3,"[[3600, 19800, 16200], [19800, 23400, 720], [19800, 27000, 2400], [23400, 28800, 675], [23400, 32400, 1000], [27000, 46800, 1164], [28800, 34200, 771], [32400, 43200, 900], [34200, 45000, 900], [43200, 54000, 900], [45000, 50400, 900], [46800, 64800, 1200], [50400, 59400, 900], [54000, 70200, 1012], [59400, 66600, 720], [64800, 75600, 1200], [66600, 73800, 800], [70200, 79200, 1125], [73800, 79200, 1080], [75600, 79200, 1200], [79200, 86400, 2400]]"
I39,I39,© Villa San Alberto - (M) Cerrillos,3,"[[19800, 23400, 3600], [23400, 28800, 1800], [23400, 32400, 1800], [27000, 46800, 1800], [28800, 34200, 1800], [32400, 43200, 1800], [34200, 45000, 1800], [43200, 54000, 1800], [45000, 50400, 1800], [46800, 64800, 1800], [50400, 59400, 1800], [54000, 70200, 1800], [59400, 66600, 1800], [64800, 75600, 1800], [66600, 73800, 1800], [70200, 79200, 1800], [73800, 79200, 1800], [75600, 79200, 1800], [79200, 86400, 3600]]"
J01,J01,(M) Quinta Normal,3,"[[3600, 19800, 5400], [19800, 23400, 450], [19800, 27000, 800], [23400, 28800, 317], [23400, 32400, 692], [27000, 46800, 860], [28800, 34200, 540], [32400, 43200, 720], [34200, 45000, 600], [43200, 54000, 771], [45000, 50400, 600], [46800, 64800, 782], [50400, 59400, 473], [54000, 70200, 771], [59400, 66600, 400], [64800, 75600, 830], [66600, 73800, 450], [70200, 79200, 900], [73800, 79200, 771], [75600, 79200, 900], [79200, 86400, 1200]]"
J01c,J01c,(M) San Pablo,3,"[[59400, 66600, 1800], [66600, 73800, 1800]]"
J02,J02,© Enea - (M) Ula,3,"[[19800, 23400, 720], [19800, 27000, 1028], [23400, 28800, 675], [23400, 32400, 900], [27000, 46800, 1237], [28800, 34200, 900], [32400, 43200, 900], [34200, 45000, 981], [43200, 54000, 900], [45000, 50400, 900], [46800, 64800, 1200], [50400, 59400, 750], [54000, 70200, 900], [59400, 66600, 900], [64800, 75600, 1200], [66600, 73800, 800], [70200, 79200, 900], [73800, 79200, 1080], [75600, 79200, 1200], [79200, 86400, 1440]]"
J03,J03,© El Montijo - (M) Republica,3,"[[19800, 23400, 600], [19800, 27000, 1028], [23400, 28800, 540], [23400, 32400, 818], [27000, 46800, 1042], [28800, 34200, 675], [32400, 43200, 900], [34200, 45000, 900], [43200, 54000, 900], [45000, 50400, 900], [46800, 64800, 1000], [50400, 59400, 900], [54000, 70200, 900], [59400, 66600, 720], [64800, 75600, 981], [66600, 73800, 720], [70200, 79200, 900], [73800, 79200, 1080], [75600, 79200, 1200], [79200, 86400, 1440]]"
J05,J05,© El Montijo - (M) Ula,3,"[[19800, 23400, 600], [19800, 27000, 1200], [23400, 28800, 600], [23400, 32400, 750], [27000, 46800, 942], [28800, 34200, 675], [32400, 43200, 830], [34200, 45000, 900], [43200, 54000, 830], [45000, 50400, 900], [46800, 64800, 947], [50400, 59400, 818], [54000, 70200, 810], [59400, 66600, 600], [64800, 75600, 900], [66600, 73800, 720], [70200, 79200, 900], [73800, 79200, 900], [75600, 79200, 1200], [79200, 86400, 1200]]"
J06,J06,(M) Pudahuel,3,"[[19800, 23400, 1800], [19800, 27000, 7200], [23400, 28800, 2700], [23400, 32400, 2250], [27000, 46800, 2475], [28800, 34200, 1800], [32400, 43200, 2160], [34200, 45000, 2160], [43200, 54000, 2160], [45000, 50400, 2700], [46800, 64800, 2571], [50400, 59400, 2250], [54000, 70200, 2314], [59400, 66600, 1800], [64800, 75600, 2160], [66600, 73800, 2400], [70200, 79200, 1800], [73800, 79200, 2700], [75600, 79200, 1800], [79200, 86400, 3600]]"
J08,J08,Lo Franco,3,"[[0, 3600, 1800], [3600, 19800, 1620], [19800, 23400, 720], [19800, 27000, 1200], [23400, 28800, 675], [23400, 32400, 818], [27000, 46800, 1042], [28800, 34200, 900], [32400, 43200, 900], [34200, 45000, 830], [43200, 54000, 900], [45000, 50400, 900], [46800, 64800, 1058], [50400, 59400, 818], [54000, 70200, 900], [59400, 66600, 600], [64800, 75600, 1080], [66600, 73800, 720], [70200, 79200, 1000], [73800, 79200, 771], [75600, 79200, 1200], [79200, 86400, 1200]]"
J10,J10,Parque De Los Reyes,3,"[[19800, 23400, 720], [19800, 27000, 1200], [23400, 28800, 900], [23400, 32400, 900], [27000, 46800, 990], [28800, 34200, 900], [32400, 43200, 900], [34200, 45000, 900], [43200, 54000, 900], [45000, 50400, 675], [46800, 64800, 782], [50400, 59400, 692], [54000, 70200, 736], [59400, 66600, 654], [64800, 75600, 900], [66600, 73800, 800], [70200, 79200, 818], [73800, 79200, 771], [75600, 79200, 900], [79200, 86400, 1440]]"
J13,J13,(M) Estacion Central,3,"[[19800, 23400, 720], [19800, 27000, 800], [23400, 28800, 600], [23400, 32400, 692], [27000, 46800, 900], [28800, 34200, 675], [32400, 43200, 771], [34200, 45000, 830], [43200, 54000, 720], [45000, 50400, 771], [46800, 64800, 947], [50400, 59400, 692], [54000, 70200, 704], [59400, 66600, 720], [64800, 75600, 981], [66600, 73800, 720], [70200, 79200, 900], [73800, 79200, 771], [75600, 79200, 900], [79200, 86400, 1200]]"
J16,J16,© Cerro Navia - (M) Estacion Central,3,"[[19800, 23400, 900], [19800, 27000, 1440], [23400, 28800, 771], [23400, 32400, 1125], [27000, 46800, 1414], [28800, 34200, 900], [32400, 43200, 1080], [34200, 45000, 900], [43200, 54000, 981], [45000, 50400, 900], [46800, 64800, 1200], [50400, 59400, 900], [54000, 70200, 1012], [59400, 66600, 800], [64800, 75600, 1200], [66600, 73800, 900], [70200, 79200, 1500], [73800, 79200, 1350], [75600, 79200, 1200], [79200, 86400, 2400]]"
J17,J17,(M) Pajaritos,3,"[[23400, 28800, 1800], [23400, 32400, 1800], [27000, 46800, 1800], [28800, 34200, 1800], [32400, 43200, 1800], [34200, 45000, 2160], [43200, 54000, 1800], [45000, 50400, 1800], [46800, 64800, 1800], [50400, 59400, 2250], [54000, 70200, 1800], [59400, 66600, 2400], [64800, 75600, 1800], [66600, 73800, 2400], [70200, 79200, 1800], [73800, 79200, 1800], [75600, 79200, 1800], [79200, 86400, 3600]]"
J19,J19,Pudahuel Sur,3,"[[19800, 23400, 1800], [19800, 27000, 1440], [23400, 28800, 540], [23400, 32400, 900], [27000, 46800, 1164], [28800, 34200, 771], [32400, 43200, 900], [34200, 45000, 720], [43200, 54000, 830], [45000, 50400, 771], [46800, 64800, 1200], [50400, 59400, 750], [54000, 70200, 900], [59400, 66600, 600], [64800, 75600, 1200], [66600, 73800, 800], [70200, 79200, 900], [73800, 79200, 1080], [75600, 79200, 1800], [79200, 86400, 2400]]"
J22,J22,Praderas De Lo Aguirre,3,"[[3600, 19800, 16200], [19800, 23400, 3600], [19800, 27000, 7200], [23400, 28800, 5400], [23400, 32400, 4500], [27000, 46800, 6600], [28800, 34200, 5400], [32400, 43200, 10800], [34200, 45000, 5400], [43200, 54000, 5400], [45000, 50400, 5400], [46800, 64800, 9000], [50400, 59400, 9000], [54000, 70200, 8100], [59400, 66600, 3600], [64800, 75600, 5400], [66600, 73800, 7200], [70200, 79200, 9000], [73800, 79200, 5400]]"
MTN,MTN,Nos,0,"[[21600, 22200, 600], [22200, 24120, 480], [24120, 24360, 240], [24360, 32520, 480], [25200, 32400, 720], [29400, 81000, 1200], [32400, 39600, 900], [32520, 33120, 600], [33120, 63360, 720], [39600, 61200, 720], [61200, 82800, 900], [63360, 72000, 480], [72000, 73440, 720], [73440, 73920, 480], [73920, 80400, 720], [80400, 81000, 600], [81000, 82800, 900]]"
