recorrido_id,paradero_id,orden,distancia_recorrida
101,PB1,0,256.57844588316283
101,PB2,1,660.1911916064482
101,PB3,2,1022.2428696464851
101,PB1469,3,5703.3293293682345
101,PB1563,4,6251.505851253604
101,PB2024,5,6625.259636730178
101,PB2022,6,7397.696771347711
101,PB2015,7,8193.33262322258
101,PB2012,8,8624.567106749024
101,PJ1,9,9346.019744061708
101,PJ2,10,9654.614883593667
101,PJ3,11,10096.660931851806
101,PJ4,12,10390.426495957792
101,PJ5,13,10822.51626675358
101,PJ6,14,10955.47904567333
101,PJ7,15,11271.818827889148
101,PJ8,16,11700.429242031414
101,PJ9,17,12064.297077764575
101,PJ10,18,12390.90411672244
101,PJ11,19,12847.895038738638
101,PJ12,20,13133.227902194612
101,PJ13,21,13444.429700153987
101,PJ14,22,13724.917132702052
101,PJ15,23,13941.786821590069
101,PJ1582,24,14158.475248407596
101,PJ16,25,14320.261048033966
101,PJ17,26,14617.712456499437
101,PJ18,27,15180.44709903131
101,PI1,28,15616.703041299374
101,PI1489,29,16022.849459140534
101,PI3,30,16384.90378974013
101,PI4,31,16605.116452551643
101,PI5,32,16934.469606072442
101,PI6,33,17185.187763376976
101,PI7,34,17398.09448290552
101,PI18,35,20853.78478594665
101,PI19,36,21076.022937249072
101,PI20,37,21357.922497997995
101,PI21,38,21710.81941906212
101,PI1321,39,22074.950544160543
101,PI1323,40,22343.493644429233
101,PI24,41,22576.710985038604
101,PI25,42,22764.146324416946
102,PI1840,0,60.4183879361057
102,PI909,1,813.5737851260476
102,PI910,2,985.2218110961353
102,PI1079,3,1533.8494929997587
102,PI1080,4,1770.757651726719
102,PI1081,5,2013.7517461033246
102,PJ18,6,2317.3040467055444
102,PI1,7,2753.559200030813
102,PI2,8,3133.63367067586
102,PI49,9,3480.7862180465745
102,PI50,10,3932.350368700993
102,PI51,11,4429.828690304275
102,PI53,12,5423.53964486171
102,PI1375,13,5707.986232298984
102,PI55,14,5940.1960067405535
102,PI56,15,6304.856837848466
102,PH2,16,6846.5540838923225
102,PH3,17,7402.586244484213
102,PH4,18,7810.259110216914
102,PH5,19,8161.469598646107
102,PH6,20,8403.410821439475
102,PH1454,21,8693.236632947737
102,PH7,22,8976.418032196636
102,PH8,23,9224.414823674728
102,PH9,24,9596.040788568524
102,PH10,25,9845.96769831541
102,PH11,26,10084.164472991199
102,PH12,27,10503.369248539864
102,PH13,28,10775.731303754546
102,PH14,29,11082.284810118963
102,PH15,30,11488.03174916977
102,PH16,31,11645.260857060539
102,PH17,32,12012.99303952319
102,PH18,33,12187.607636788449
102,PH19,34,12606.742791958528
102,PH1456,35,12830.99816294916
102,PH1491,36,13147.601192196167
102,PH21,37,13336.112971227712
102,PH22,38,13599.936171543482
102,PE1500,39,14267.917822570416
102,PE2,40,14621.20104404895
102,PE3,41,15264.114718161514
102,PE4,42,15656.687632427967
102,PE5,43,15984.821119830767
102,PE1292,44,16346.224073712847
102,PE7,45,16919.653874391217
102,PE8,46,17192.86219588479
102,PE9,47,17424.3712116839
103,PD614,0,335.6737841494097
103,PD462,1,526.5711092946433
103,PD463,2,688.6615734750101
103,PD139,3,790.0360496609203
103,PD140,4,979.6117752033956
103,PD141,5,1285.5568236196984
103,PD142,6,1582.5523033392753
103,PD143,7,1800.7255031083666
103,PD144,8,2016.2239209146396
103,PD683,9,2373.627771329219
103,PD684,10,2477.2836582775394
103,PD685,11,2830.334415741306
103,PD686,12,2985.76424015087
103,PD687,13,3378.3293183144315
103,PD130,14,3607.395772177117
103,PE158,15,4384.308336525119
103,PE159,16,4643.479187010527
103,PE1296,17,4979.144129887918
103,PE1537,18,7046.461741152528
103,PE1536,19,7510.476154053783
103,PH384,20,7819.748619909654
103,PH1466,21,8244.44445107675
103,PH48,22,8509.866086610424
103,PH49,23,8881.582080870689
103,PH1443,24,9404.864697924844
103,PH1442,25,9820.767970551064
103,PH1491,26,10096.034850832835
103,PH21,27,10284.546685450527
103,PH22,28,10548.369650594694
103,PH672,29,10788.181195756619
103,PE1,30,11071.592194485862
103,PE2,31,11569.63447596119
103,PD30,32,11973.440680772215
103,PD31,33,12460.413031510296
103,PD32,34,12614.679900580557
103,PD33,35,12883.572607020726
103,PD34,36,13314.374752020674
103,PD35,37,13639.546991480247
103,PD36,38,13905.016127966943
103,PD37,39,14192.865695760369
103,PD38,40,14570.856249629682
103,PD1637,41,14798.200435711393
103,PD39,42,14972.956821337835
103,PD40,43,15337.018962983666
103,PD41,44,15655.922868362124
103,PD42,45,15902.936464705155
103,PD43,46,16231.421442354489
103,PD44,47,16655.6450568431
103,PD45,48,16841.119511642242
103,PD46,49,17364.511245326048
103,PD47,50,17558.461743274107
103,PD48,51,18019.081602291033
103,PD49,52,18449.32118211987
103,PD50,53,18892.890478677054
103,PD51,54,19081.938214754246
103,PD52,55,19456.98941291035
103,PC12,56,19717.408910006852
103,PC13,57,20039.288899533127
103,PC14,58,20327.961384822425
103,PC15,59,20504.017781981296
103,PC16,60,20789.30864876742
103,PC17,61,21042.880009534423
103,PC18,62,21359.33587481793
103,PC19,63,21586.21690345358
103,PC20,64,21957.25321963487
103,PC21,65,22357.012410314997
103,PC1,66,23081.509653248115
104,PE1383,0,8766.494034116393
104,PE30,1,8945.49683645738
104,PE31,2,9198.145688612176
104,PE32,3,9526.00545851942
104,PD85,4,10201.330613952507
104,PD147,5,10626.500957137123
104,PD87,6,10999.925014142002
104,PD148,7,11230.22657611016
104,PD149,8,11520.040501966008
104,PD88,9,11797.05546696602
104,PD89,10,12201.347574302534
104,PD1428,11,12511.577657327334
104,PD90,12,12847.368567679572
104,PD91,13,13079.558494514447
104,PD92,14,13441.588352811877
104,PD93,15,13741.456213488116
104,PD94,16,14048.268311906633
104,PD95,17,14377.350971321812
104,PD96,18,14696.272593845255
104,PD97,19,14910.25502783557
104,PD98,20,15158.388626882572
104,PD99,21,15378.799464337404
104,PD100,22,15733.824510188233
104,PD101,23,16023.619793524382
104,PD235,24,16416.675140402767
104,PD103,25,16573.955402972137
104,PD104,26,16858.904679061423
104,PD237,27,17156.709508993878
104,PD106,28,17502.98788590021
104,PC29,29,18044.9327735523
104,PC30,30,18308.341405772888
104,PC31,31,18567.461252867844
104,PC32,32,18908.3318455046
104,PC33,33,19367.529936743216
104,PC34,34,19693.621321764876
104,PC35,35,20078.587451696425
104,PC36,36,20329.474514320045
104,PC37,37,20765.0559055687
105,PB64,0,8394.335103427582
105,PB65,1,8618.54765656067
105,PB66,2,9010.604773421335
105,PB1824,3,9174.157514487386
105,PB67,4,9386.695514515362
105,PB68,5,9538.875028300274
105,PB1880,6,9726.232941415921
105,PB70,7,10375.233462353588
105,PB71,8,10580.644410513796
105,PB72,9,10920.490031886891
105,PB73,10,11145.9528518674
105,PB74,11,11315.819414054487
105,PB75,12,11521.057438353366
105,PJ36,13,12419.829439151454
105,PJ37,14,12625.26750782827
105,PJ38,15,13025.723830636864
105,PJ1774,16,13556.120812552965
105,PJ454,17,13835.199117831438
105,PJ455,18,14158.443469468602
105,PJ41,19,14429.397994024192
105,PJ42,20,14699.729211791751
105,PJ43,21,15022.07937580894
105,PJ44,22,15319.200193178758
105,PI65,23,15537.941864896764
105,PI66,24,15804.811548277747
105,PI67,25,16038.52104070291
105,PI68,26,16565.91553856271
105,PI69,27,16995.408567083745
105,PI70,28,17264.87674999527
105,PI71,29,17509.377064791966
105,PI72,30,17957.79016348114
105,PI73,31,19412.8977304144
105,PH581,32,19988.79908451643
105,PH52,33,20237.488333865607
105,PH53,34,20521.265327135257
105,PH54,35,20863.15738967933
105,PH55,36,21311.699450379558
105,PH56,37,21540.086685499464
105,PH57,38,21869.26806821821
105,PH58,39,22202.05453756708
105,PH59,40,22508.902684840228
105,PH60,41,22653.8276733161
105,PH61,42,22852.481273516347
105,PH62,43,23052.9776291396
105,PH63,44,23311.484588928084
105,PH64,45,23565.779201384674
105,PH65,46,23717.576341501313
105,PH66,47,23990.029160880542
105c,PH77,0,3635.238147249334
105c,PH78,1,3887.273825346266
105c,PH79,2,4045.2147762163136
105c,PH80,3,4301.429135360045
105c,PH81,4,4411.876842730153
105c,PH82,5,4559.833801738501
105c,PH83,6,4759.491566213632
105c,PH84,7,5109.85036130557
105c,PH85,8,5301.113379261628
105c,PH86,9,5703.753495576104
105c,PH87,10,6072.199403347851
105c,PH88,11,6415.22620640028
105c,PH89,12,6837.638519369748
105c,PH90,13,7059.580300454002
105c,PH91,14,7449.548281031679
105c,PH92,15,7807.2370946374
105c,PH93,16,8217.951763243547
105c,PH94,17,8902.709614319783
105c,PH95,18,9170.480486460756
105c,PH579,19,9428.343581297795
105c,PH580,20,9639.640775231925
105c,PH495,21,10021.602086297507
105c,PH496,22,10212.141451404335
105c,PA573,23,10519.498771634902
105c,PH108,24,10742.577393568934
105c,PI73,25,11936.13052410289
105c,PH581,26,12512.027599551546
105c,PH52,27,12513.027599551546
105c,PH53,28,12514.027599551546
105c,PH54,29,12515.027599551546
105c,PH55,30,12516.027599551546
105c,PH56,31,12517.027599551546
105c,PH57,32,14392.502366627803
105c,PH58,33,14393.502366627803
105c,PH59,34,14394.502366627803
105c,PH60,35,14395.502366627803
105c,PH61,36,14396.502366627803
105c,PH62,37,14397.502366627803
105c,PH63,38,14398.502366627803
105c,PH64,39,14399.502366627803
105c,PH65,40,14400.502366627803
105c,PH66,41,14401.502366627803
106,PE42,0,133.53166324309922
106,PE37,1,556.8625871805726
106,PE39,2,876.0140506613808
106,PD1409,3,1081.4357162643507
106,PD139,4,1344.2794245241207
106,PD140,5,1533.8551413056764
106,PD141,6,1839.8002196404848
106,PD142,7,2136.795670851657
106,PD143,8,2354.968921626097
106,PD144,9,2570.4673661356155
106,PD1397,10,2835.5052623213423
106,PD145,11,3425.2597021291576
106,PD146,12,3621.537556401556
106,PD1374,13,3963.0532095859135
106,PD85,14,4347.263547890252
106,PD147,15,4772.434263813147
106,PD87,16,5145.855027407385
106,PD148,17,5376.154935410712
106,PD149,18,5665.97248247204
106,PD88,19,5942.98529170838
106,PD89,20,6347.2858302462955
106,PD1428,21,6657.515573361307
106,PD90,22,6993.306468508879
106,PD91,23,7225.496310297402
106,PD92,24,7587.5265404946995
106,PD93,25,7887.394197112234
106,PD94,26,8194.206196679019
106,PD95,27,8523.288910657402
106,PD96,28,8842.2101169259
106,PD97,29,9056.192526988481
106,PD98,30,9304.325961399978
106,PD161,31,10023.745018586576
106,PD162,32,10571.116315337355
106,PD163,33,10829.95760310021
106,PD164,34,11185.87840209026
106,PD1643,35,11724.801760220083
106,PD166,36,11942.321724797182
106,PD167,37,12233.40491132178
106,PD168,38,12442.591037970193
106,PC45,39,12742.590913440485
106,PC46,40,12966.73837286205
106,PC47,41,13300.667231478437
106,PC48,42,13586.706203676444
106,PC49,43,14072.477510057051
106,PC50,44,14408.110250313131
106,PC51,45,14587.488944569348
106,PC192,46,14938.185359305144
106,PC193,47,15245.856287761348
106,PC194,48,15710.664067383921
106,PC195,49,16060.894239369394
106,PC196,50,16311.843331104816
106,PA343,51,16765.098757684216
106,PA41,52,17127.462227629963
106,PA344,53,17971.469168934065
106,PA345,54,18207.84909264488
106,PA184,55,18756.47858874227
106,PA346,56,19046.803583312078
106,PA347,57,19514.09711649324
106,PA348,58,19981.501530957157
106,PA349,59,20430.346866745585
106,PI403,60,21232.051390843633
106,PI404,61,21696.773079260292
106,PI405,62,22135.11696714551
106,PI471,63,22631.073090691883
106,PI406,64,23046.994050987312
106,PJ112,65,23830.27526610281
106,PI407,66,24601.810475383594
106,PI408,67,25011.598361604767
107,PD614,0,416.4765408890532
107,PD462,1,607.3738668258432
107,PD463,2,769.4643310030705
107,PD137,3,992.3282385193879
107,PD138,4,1096.1917192404358
107,PD169,5,1408.5089949401445
107,PD171,6,1808.0095737646332
107,PD172,7,2070.262437755707
107,PD170,8,2516.5698827405913
107,PD145,9,2952.276318314787
107,PD146,10,3148.5540944053046
107,PD1374,11,3490.0697473398295
107,PD1443,12,3865.9183110426407
107,PD1444,13,3997.8461180490567
107,PD1,14,4358.354505781384
107,PD2,15,4655.234699411977
107,PD1161,16,5118.426400471719
107,PD4,17,5450.227894542554
107,PD904,18,5897.325638897413
107,PH23,19,6592.4866628109985
107,PH24,20,6963.677569337526
107,PH1455,21,7202.318742983689
107,PH26,22,7580.516765247947
107,PH27,23,7885.404928593327
107,PH28,24,8106.011561132029
107,PH29,25,8361.095489436799
107,PH30,26,8720.50564811849
107,PH31,27,8992.989220678039
107,PH32,28,9421.825504682316
107,PH33,29,9677.838601049214
107,PH34,30,9912.406143236554
107,PH35,31,10248.953578717805
107,PH36,32,10485.601573985941
107,PH37,33,10820.157636902153
107,PH38,34,11177.511042740567
107,PH1453,35,11427.475883402589
107,PH39,36,11665.53756349993
107,PH40,37,11948.369817064235
107,PH41,38,12279.081336083707
107,PH42,39,12637.00281383458
107,PH43,40,13199.300454429971
107,PH44,41,13625.57700905185
107,PI57,42,14096.521315283166
107,PI58,43,14480.986486753332
107,PI60,44,14798.287508861105
107,PI61,45,15617.142920048856
107,PI62,46,16042.072746141717
107,PI63,47,16557.487422769504
107,PI64,48,16890.788361659514
107,PI45,49,17233.21267124582
107,PI46,50,17706.27921591836
107,PI47,51,18314.235685120777
107,PI48,52,18609.361178587966
107,PJ19,53,18943.161690463858
107,PJ20,54,19228.8425723409
107,PJ21,55,19507.495801420147
107,PJ22,56,19837.619420666546
107,PJ23,57,20094.763003284013
107,PJ24,58,20429.510522448218
107,PJ25,59,20875.045652300472
107,PJ26,60,21354.04158146272
107,PJ27,61,21664.82765216643
107,PJ28,62,22114.989567914556
107,PJ29,63,22530.390803934613
107,PJ30,64,22864.592158403513
107,PJ31,65,23287.36334908091
107,PJ32,66,23500.30428340938
107,PB2013,67,24328.879325268976
107,PB2014,68,24589.188857886198
107,PB2016,69,25004.384521543314
107,PB2020,70,25389.9926411162
107,PB2023,71,26149.079988962032
107,PB2025,72,26589.37806699837
107,PB32,73,27126.21993198166
107,PB1878,74,31660.683302165253
107c,PJ1961,0,72.12017760498817
107c,PB2013,1,676.8070067353375
107c,PB2014,2,937.115313208337
107c,PB2016,3,1352.3119857586564
107c,PB2020,4,1737.9179002853982
107c,PB2023,5,2497.0044125690156
107c,PB2025,6,2937.305740469978
107c,PB32,7,3474.150421942014
107c,PB1878,8,8008.623854229978
108,PE42,0,133.53166324309922
108,PE1383,1,3081.853641204457
108,PE30,2,3260.8559878774104
108,PE31,3,3513.504242224007
108,PE32,4,3841.364070265548
108,PE33,5,4268.427684544827
108,PD1444,6,4750.0779996844085
108,PD1,7,5110.5863244929205
108,PD2,8,5407.466441195233
108,PD1161,9,5870.658232113833
108,PD4,10,6202.459614318927
108,PD904,11,6649.557321401738
108,PH23,12,7344.718424867287
108,PH24,13,7715.909345684832
108,PH1455,14,7954.550534919739
108,PH26,15,8332.748571879854
108,PH27,16,8637.636624047984
108,PH28,17,8858.243227286579
108,PH29,18,9113.32717857066
108,PH30,19,9472.738013183674
108,PH31,20,9745.22133739954
108,PH32,21,10174.057469120124
108,PH33,22,10430.070737248809
108,PH34,23,10664.63832826754
108,PH35,24,11001.185704393845
108,PH36,25,11237.833606429851
108,PH37,26,11572.389901189861
108,PH38,27,11929.7432010476
108,PH1453,28,12179.70873245178
108,PH39,29,12417.769286925917
108,PH40,30,12700.60299995255
108,PH41,31,13031.314659080517
108,PH42,32,13389.23647688384
108,PH43,33,13951.532829341551
108,PH44,34,14377.811112661579
108,PI57,35,14848.75270027206
108,PI181,36,15388.426435529453
108,PI1616,37,15714.424420523816
108,PI1617,38,16057.967948560447
108,PI1618,39,16433.028360974808
108,PI1619,40,16768.641270013642
108,PI1620,41,17117.7181811589
108,PI1621,42,17465.271053408673
108,PI1622,43,18065.284415032373
108,PI23,44,18257.120087099356
108,PI1271,45,18612.452328530388
108,PI137,46,18901.74525999145
109,PI118,0,9531.42078614199
109,PI119,1,9816.170775118762
109,PI120,2,10165.996094767605
109,PI1631,3,10577.487707600872
109,PI1630,4,10975.028977950016
109,PI1629,5,11304.509218781748
109,PI1628,6,11668.557805456625
109,PI1627,7,12006.918292233324
109,PI1626,8,12358.725785208466
109,PI1625,9,12725.45678615735
109,PI1624,10,13052.0200719235
109,PI1819,11,13394.551075574134
109,PI204,12,13907.66107985356
109,PI205,13,14245.392624501783
109,PI206,14,14664.258922770145
109,PI207,15,15056.305389011282
109,PI208,16,15388.21287319666
109,PI209,17,15645.440312557168
109,PI210,18,15891.22653653065
109,PA9,19,16131.297894124606
109,PA10,20,16464.235414458966
109,PA695,21,16697.358908452436
109,PA11,22,16943.729308309434
109,PA12,23,17390.643994270402
109,PA13,24,17688.19417080826
109,PA14,25,18051.577007894834
109,PA15,26,18330.090125137267
109,PA16,27,18669.21276675446
109,PA4,28,19147.435773060093
109,PA5,29,19612.985191290016
109,PA547,30,19877.24431583249
109,PJ56,31,20388.755680971415
109,PJ57,32,20695.13630223132
109,PJ58,33,21102.034167630936
109,PJ45,34,21366.119654393657
109,PJ591,35,21758.600480869376
109,PJ47,36,21997.93547636951
109,PJ48,37,22532.646710279096
109,PJ49,38,23080.60354192603
109,PJ50,39,23286.780107246785
109,PB76,40,23966.8087135395
109,PB77,41,24335.845830115806
109,PB78,42,24568.290372939377
109,PB79,43,24823.228491739275
109,PB80,44,25146.198428231084
109,PB81,45,25413.73202951198
109,PB82,46,25811.3759609407
109,PB83,47,26062.452532405852
109,PB84,48,26328.257802278964
109,PB85,49,26564.411886500515
109,PB86,50,26810.69086745588
109,PB1709,51,27017.67446367373
109N,PI118,0,9531.42078614199
109N,PI119,1,9816.170775118762
109N,PI120,2,10165.996094767605
109N,PI1631,3,10577.487707600872
109N,PI1630,4,10975.028977950016
109N,PI1629,5,11304.509218781748
109N,PI1628,6,11668.557805456625
109N,PI1627,7,12006.918292233324
109N,PI1626,8,12358.725785208466
109N,PI1625,9,12725.45678615735
109N,PI1624,10,13052.0200719235
109N,PI1819,11,13394.551075574134
109N,PI204,12,13907.66107985356
109N,PI205,13,14245.392624501783
109N,PI206,14,14664.258922770145
109N,PI207,15,15056.305389011282
109N,PI208,16,15388.21287319666
109N,PI209,17,15645.440312557168
109N,PI210,18,15891.22653653065
109N,PA9,19,16131.297894124606
109N,PA10,20,16464.235414458966
109N,PA695,21,16689.709195041483
109N,PA11,22,16936.07959489848
109N,PA12,23,17382.99428085945
109N,PA13,24,17680.544457397307
109N,PA14,25,18043.92729448388
109N,PA15,26,18322.440411726315
109N,PA163,27,18824.303303082423
109N,PA336,28,19124.18491444127
109N,PA337,29,19679.38655669796
109N,PA28,30,20174.14642843552
109N,PA350,31,20662.586053695155
109N,PA168,32,21368.60812838704
109N,PA169,33,21805.213561213186
109N,PA342,34,22252.967307888313
109N,PA171,35,22693.914354079385
110,PJ1961,0,72.12017760498817
110,PB82,1,740.0675294424248
110,PB83,2,991.158422949312
110,PB84,3,1256.956299589487
110,PB85,4,1493.1127127980126
110,PB86,5,1739.3939226291743
110,PB1709,6,1946.3776694240016
113,PA166,0,241.01276567579544
113,PA30,1,655.2970958700718
113,PA31,2,956.3836970487921
113,PA32,3,1224.2079263109126
113,PA33,4,1644.5258207793374
113,PA34,5,1949.2049479927173
113,PA630,6,2234.66579961876
113,PA633,7,3084.8994255980806
113,PA634,8,3442.8263093841665
113,PA635,9,3787.8320438764677
113,PH1459,10,4031.0942493622
113,PH103,11,4165.506972868543
113,PH104,12,4430.577857070299
113,PH1473,13,4653.773315426091
113,PH105,14,4850.19688385262
113,PH106,15,5044.847543446961
113,PH107,16,5456.6371051507
113,PA659,17,5736.776496013748
113,PA574,18,6140.219361084154
113,PA573,19,6384.109439157757
113,PH108,20,6607.187362769373
113,PH109,21,7104.3242354846925
113,PI1327,22,7439.081434339664
113,PI179,23,7618.060498887451
113,PI180,24,7955.460343035866
113,PI181,25,8327.49571145349
113,PI1616,26,8653.49498426084
113,PI1617,27,8997.037992232677
113,PI1618,28,9372.0961292436
113,PI1619,29,9707.710683664613
113,PI1620,30,10056.786558892683
113,PI1621,31,10404.33951108477
113,PI1622,32,11004.352653524364
113,PI23,33,11196.189755927062
113,PI1271,34,11551.521706713731
113,PI137,35,11840.813797583205
113c,PI118,0,12798.914879280517
113c,PI119,1,13083.664382762303
113c,PI120,2,13433.490157986615
113c,PI1631,3,13844.982023107535
113c,PI1630,4,14242.522214338398
113c,PI1629,5,14572.002469245925
113c,PI1628,6,14936.052032427497
113c,PI1627,7,15274.411663692263
113c,PI1626,8,15626.218825465558
113c,PI1625,9,15992.94962029855
113c,PI1623,10,16400.84013719883
113c,PI288,11,16933.093209066083
113c,PI289,12,17378.04699930403
113e,PA675,0,0.3028753023387638
113e,PA166,1,367.9296712584315
113e,PI358,2,13755.82486788546
113e,PI359,3,14219.726705638526
114,PE1383,0,8766.494034116393
114,PE30,1,8945.49683645738
114,PE31,2,9198.145688612176
114,PE32,3,9526.00545851942
114,PD85,4,10201.330613952507
114,PD147,5,10626.500957137123
114,PD87,6,10999.925014142002
114,PD148,7,11230.22657611016
114,PD149,8,11520.040501966008
114,PD88,9,11797.05546696602
114,PD89,10,12201.347574302534
114,PD1305,11,12731.789380333343
114,PD37,12,12977.030398086525
114,PD38,13,13355.021343471244
114,PD1637,14,13582.366159081796
114,PD39,15,13757.122762792535
114,PD40,16,14121.184560030993
114,PD41,17,14440.088533139342
114,PD42,18,14687.102422094971
114,PD43,19,15015.587918077703
114,PD44,20,15439.81163306877
114,PD45,21,15625.285909987573
114,PD46,22,16148.675571878866
114,PD47,23,16342.627700663916
114,PD48,24,16803.246362334976
114,PD1626,25,17054.13490234083
114,PD431,26,17313.139520192282
114,PD351,27,17601.402738384873
114,PD80,28,17867.24020773295
114,PD81,29,18209.031397006085
114,PD82,30,18510.46870261774
114,PD163,31,19585.335773732822
115,PI118,0,9748.644650819171
115,PI119,1,10033.394289023667
115,PI120,2,10383.219937797006
115,PI1631,3,10794.711732877671
115,PI1630,4,11192.252223475642
115,PI1629,5,11521.732474484133
115,PI1628,6,11885.781766767415
115,PI1627,7,12224.1416353722
115,PI1626,8,12575.948889031384
115,PI1625,9,12942.679741067968
115,PI1623,10,13350.570511514772
115,PI1320,11,13658.461025817998
115,PI288,12,13882.823459635556
115,PI1319,13,14105.002957296607
115,PI289,14,14327.777197510999
115,PH94,15,14835.969601045079
115,PH95,16,15103.7404859097
115,PH96,17,15338.50581116345
115,PH97,18,15650.625338014372
115,PH1472,19,16041.05946219043
115,PH98,20,16440.91234000508
115,PH99,21,16678.956930739118
115,PH100,22,16834.655825518697
115,PH101,23,17068.598523718774
115,PA17,24,18046.795587214223
115,PA18,25,18273.094030542914
115,PA19,26,18638.61916827023
115,PA20,27,18897.514217791595
115,PA21,28,19208.98169216899
115,PA22,29,19489.17220298209
115,PA662,30,19760.917234506975
115,PA23,31,19932.335289759125
115,PA24,32,20229.91619741
115,PA25,33,20551.271684754036
115,PA80,34,21091.05063029139
115,PA81,35,21650.24222777887
115c,PI118,0,9748.644650819171
115c,PI119,1,10033.394289023667
115c,PI120,2,10383.219937797006
115c,PI1631,3,10794.711732877671
115c,PI1630,4,11192.252223475642
115c,PI1629,5,11521.732474484133
115c,PI1628,6,11885.781766767415
115c,PI1627,7,12224.1416353722
115c,PI1626,8,12575.948889031384
115c,PI1625,9,12942.679741067968
115c,PI1623,10,13350.570511514772
115c,PI181,11,14112.665096617724
115c,PI1616,12,14438.662570541472
115c,PI1617,13,14782.206305138507
115c,PI1618,14,15157.267620355271
115c,PI1619,15,15492.879876653353
115c,PI1620,16,15841.957198757022
115c,PI1621,17,16189.510039291614
115c,PI1622,18,16789.523487821167
115c,PI23,19,16981.358591960827
115c,PI1271,20,17336.690948592066
115c,PI137,21,17625.984213817123
116,PB143,0,6012.258699490523
116,PB144,1,6343.093890655325
116,PB145,2,6631.602326616441
116,PB146,3,6850.4144835914385
116,PB147,4,7013.164384003638
116,PB148,5,7281.041612184272
116,PB149,6,7559.433536368828
116,PB150,7,7827.922473597008
116,PB151,8,8081.025377112526
116,PB152,9,8460.536352547282
116,PB153,10,8668.014820316606
116,PB315,11,9447.899753062602
116,PB316,12,9709.814883747871
116,PB317,13,9965.443875478317
116,PB318,14,10238.298908211105
116,PA88,15,10491.069839975688
116,PA195,16,10829.08505550804
116,PA763,17,11069.626477142574
116,PA91,18,11421.34283341194
116,PA109,19,12249.654503512931
116,PA111,20,12771.606228117527
116,PA112,21,13031.505259117293
116,PA160,22,13185.301568766345
116,PB159,23,13525.807960255594
116,PB160,24,13526.807960255594
116,PB161,25,13868.532500026562
116,PB162,26,14038.456673580973
116,PB163,27,14039.456673580973
116,PB1497,28,14551.376291463948
116,PB165,29,15137.896888280584
116,PB166,30,15379.904593170395
116,PB167,31,15590.072032564842
116,PB168,32,16025.522890826172
116,PB169,33,16263.32015725805
116,PB170,34,16493.210070706664
116,PB171,35,16494.210070706664
116,PB172,36,16495.210070706664
116,PB173,37,16496.210070706664
116,PB174,38,16497.210070706664
116,PB175,39,16498.210070706664
117,PD614,0,335.6737841494097
117,PD462,1,526.5711092946433
117,PD463,2,688.6615734750101
117,PD137,3,911.5254811708666
117,PD138,4,1015.38896190098
117,PD169,5,1327.706238110674
117,PD171,6,1727.2068167489097
117,PD172,7,1989.4596803636352
117,PD170,8,2435.767125505693
117,PD145,9,2871.473561002316
117,PD146,10,3067.751337353012
117,PD1374,11,3409.266990288469
117,PD1444,12,3917.043360948674
117,PD906,13,4557.963993817526
117,PD907,14,4737.91958499511
117,PD908,15,4973.859259970424
117,PD1667,16,5400.392821065237
117,PD31,17,5679.50871701783
117,PD32,18,5833.7755860880925
117,PD33,19,6102.668292528262
117,PD34,20,6533.470437528209
117,PD35,21,6858.6426769877835
117,PD36,22,7124.111813474478
117,PD37,23,7411.961381267905
117,PD38,24,7789.951935137218
117,PD1637,25,8017.29612121893
117,PD39,26,8192.052506845375
117,PD40,27,8556.114648491206
117,PD41,28,8875.018553869664
117,PD42,29,9122.032150212695
117,PD43,30,9450.51712786203
117,PD44,31,9874.740742350641
117,PD45,32,10060.215197149782
117,PD46,33,10583.606930833577
117,PD47,34,10777.55742878164
117,PD48,35,11238.177287798573
117,PD49,36,11668.416867627415
117,PD50,37,12111.986164184593
117,PD51,38,12301.033900261784
117,PD52,39,12676.085098417887
117,PC12,40,12936.50459551439
117,PC13,41,13258.384585040672
117,PC14,42,13547.057070329967
117,PC15,43,13723.11346748884
117,PC16,44,14008.404334274966
117,PC17,45,14261.97569504197
117,PC18,46,14578.431560325474
117,PC19,47,14805.312588961124
117,PC152,48,15159.851082274532
117,PC153,49,15360.136798067308
117,PC206,50,15806.419062216877
117,PC155,51,16129.740019901019
117,PC1216,52,16584.510968938986
117,PC1227,53,16798.510034981056
117,PC1145,54,17317.613274578092
117c,PC206,0,8772.313419075503
117c,PC155,1,9095.632578039947
117c,PC1216,2,9550.393650283986
117c,PC1227,3,9764.382656884978
117c,PC1145,4,10283.492681421654
118,PI356,0,11643.211951763156
118,PI357,1,12280.518884403245
118,PE1333,2,25742.649951148607
118,PE1332,3,25991.74943358727
118,PE1334,4,26252.985973639672
118,PE4,5,26842.91563591338
118,PE5,6,27171.048870695184
118,PE1410,7,27518.71479953726
118,PE1411,8,27727.163913311077
118,PE35,9,28129.258301510603
118,PE1412,10,28420.353119147043
118,PE43,11,28667.001001284552
118,PE840,12,28936.969056771548
118,PE44,13,29053.889131077474
118,PE45,14,29403.146316649905
118,PE46,15,29610.305093560182
118,PE47,16,29801.487420779795
118,PE48,17,30024.245066613534
118,PE1300,18,30187.38915740879
118,PE50,19,30356.5914214923
118,PE51,20,30600.470987540342
118,PE38,21,30714.733258875276
118,PE40,22,31029.956130646282
118,PE41,23,31216.11611394304
118,PE503,24,31529.452783691646
118,PE504,25,31976.61003169096
119,PH321,0,5633.01321895119
119,PH322,1,5926.599975777099
119,PH800,2,6261.403723508946
119,PH323,3,6397.777578171629
119,PH324,4,6794.705422633834
119,PH325,5,7074.985394464036
119,PH326,6,7524.688459369383
119,PH327,7,7850.311443172733
119,PH328,8,8101.010902798819
119,PH329,9,8540.777707313444
119,PH330,10,8968.112981888979
119,PH331,11,9210.781296502086
119,PH332,12,9565.708017660218
119,PH333,13,10022.25337818278
119,PH334,14,10385.426699896496
119,PH335,15,10757.188602238364
119,PA287,16,11245.043730780342
119,PA9,17,11645.522589203598
119,PA10,18,11978.460069038829
119,PA695,19,12203.93422226966
119,PA11,20,12450.304765493138
119,PA12,21,12897.21937722351
119,PA289,22,13026.861112739389
119,PA291,23,13779.551619765536
119,PA292,24,14036.59423190557
119,PA293,25,14294.859531556745
119,PA294,26,14528.043947013974
119,PA817,27,14919.806255151672
119,PA295,28,15200.78076667638
119,PA296,29,15585.97354221089
119,PA297,30,15924.020653967737
119,PA726,31,16423.33332761353
119,PA425,32,16717.944951815978
119,PA352,33,17083.791857364547
119,PA601,34,17382.91943049929
119,PA221,35,17695.340187122307
119,PA353,36,18285.14469340345
120,PB64,0,2250.2499074017305
120,PB65,1,2474.462420710057
120,PB66,2,2866.51942037536
120,PB1824,3,3030.072275608434
120,PB67,4,3242.610488191579
120,PB68,5,3394.790330216079
120,PB1880,6,3582.1476179717743
120,PB70,7,4231.148585678777
120,PB71,8,4436.559101577636
120,PB72,9,4776.404695840613
120,PB73,10,5001.867506410129
120,PB74,11,5171.734200640482
120,PB75,12,5376.972324807663
120,PJ36,13,6275.744551022697
120,PJ37,14,6481.182591536278
120,PJ38,15,6881.6389191962935
120,PJ1774,16,7412.035875152084
120,PJ454,17,7691.11408915484
120,PJ455,18,8014.358369257036
120,PJ41,19,8285.312786435115
120,PJ42,20,8555.644240975394
120,PJ43,21,8877.994376453127
120,PJ44,22,9175.115218725785
120,PI65,23,9393.856879496283
120,PI66,24,9660.726308228795
120,PI67,25,9894.43587726358
120,PI68,26,10421.830264709964
120,PI69,27,10851.323391767839
120,PI70,28,11120.791711915734
120,PI71,29,11365.292017556158
120,PI72,30,11813.705152162058
120,PI73,31,13268.813000586664
120,PH581,32,13844.714653406658
120,PH52,33,14093.403173660736
120,PH53,34,14377.180178644448
120,PH54,35,14719.07228626827
120,PH55,36,15167.614779936786
120,PH56,37,15396.002061744295
120,PH57,38,15725.18323328316
120,PH58,39,16057.969884219188
120,PH59,40,16364.817272454284
120,PH60,41,16509.743046839776
120,PH61,42,16708.396603792953
120,PH62,43,16908.89307800844
120,PH63,44,17167.400042412228
120,PH64,45,17421.694551131375
120,PH65,46,17573.491691659365
120,PH66,47,17845.944498475197
121,PH704,0,3677.431391695354
121,PH78,1,3934.4107784644175
121,PH79,2,4092.351784596869
121,PH80,3,4348.566093342375
121,PH81,4,4459.013815427545
121,PH83,5,4806.628459136958
121,PH84,6,5156.987281829285
121,PH365,7,5737.441914300232
121,PH366,8,6337.646443200052
121,PH367,9,6558.89871563115
121,PH368,10,6783.363745196693
121,PH369,11,7122.506719984487
121,PH370,12,7353.796241366379
121,PH371,13,7516.315113053416
121,PH372,14,7795.339335090001
121,PH373,15,8085.596353880692
121,PH374,16,8396.789370122513
121,PH375,17,8642.35213448693
121,PH376,18,8976.368740965556
121,PH377,19,9193.859359803522
121,PH378,20,9390.017565951988
121,PH379,21,9669.450758217392
121,PH380,22,9860.512693686447
121,PH381,23,10090.394381870372
121,PH107,24,10507.27748470266
121,PH335,25,10837.20981564735
121,PA691,26,11261.764752194951
121,PA690,27,11585.363769750218
121,PA673,28,11876.181238943775
121,PA318,29,12385.536317055941
121,PA319,30,12734.852590844905
121,PA320,31,13162.825831553226
121,PA321,32,13703.605445569732
121,PA322,33,13980.481623168904
121,PA291,34,14321.449997151894
121,PA292,35,14578.492609291929
121,PA293,36,14836.757908943104
121,PA294,37,15069.942324400332
121,PA817,38,15461.70463253803
121,PA295,39,15742.679144062738
121,PA296,40,16127.871919597248
121,PA323,41,16390.881508197745
121,PA324,42,16734.777840369672
121,PA600,43,17101.82632077808
121,PA226,44,17255.399676296547
121,PA601,45,17956.536363444095
121,PA221,46,18268.957120067113
121,PA353,47,18858.761626348256
124,PE1383,0,22738.376910955238
124,PE30,1,22917.379997439326
124,PE31,2,23170.029220661523
124,PE32,3,23497.888954325183
124,PD85,4,24173.214298720013
124,PD147,5,24598.384409879076
124,PD87,6,24971.810517819507
124,PD148,7,25202.113110168724
124,PD149,8,25491.924780367248
125,PH77,0,4217.53468136059
125,PH78,1,4469.570363667923
125,PH79,2,4627.511369800374
125,PH80,3,4883.72567854588
125,PH81,4,4994.17340063105
125,PH82,5,5142.130315037241
125,PH83,6,5341.788044340463
125,PH84,7,5692.14686703279
125,PH85,8,5883.409545126159
125,PH86,9,6286.049924710391
125,PH87,10,6654.495915295542
125,PH88,11,6997.522761454043
125,PH89,12,7419.934792196356
125,PH90,13,7641.876568455582
125,PH91,14,8031.844539868055
125,PH92,15,8389.533591065663
125,PH93,16,8800.248194409221
125,PH94,17,9485.00592367134
125,PH95,18,9752.776784359061
125,PH96,19,9987.542115262486
125,PH97,20,10299.66163066419
125,PH1472,21,10690.095698894978
125,PH98,22,11089.948664497011
125,PH99,23,11327.993190894387
125,PH100,24,11483.692101540504
125,PH101,25,11717.634876079519
125,PA17,26,12695.831260748651
125,PA18,27,12922.13033413363
125,PA235,28,13300.759270934526
125,PA236,29,13557.263654586026
125,PA237,30,13776.884280540158
125,PA238,31,14002.768528888808
125,PA239,32,14457.13203428333
125,PA240,33,14689.519999268756
125,PA80,34,15055.696237907672
125,PA81,35,15614.887485335139
125,PA166,36,15911.87707158003
125,PA339,37,16730.88656637331
126,PE505,0,198.8454802946016
126,PE506,1,622.9955837857672
126,PE507,2,795.4197033877288
126,PE508,3,974.3871392227907
126,PE1341,4,1456.5929868230005
126,PE1339,5,1689.3310594599152
126,PE42,6,1998.377730374098
126,PE52,7,2436.991941072969
126,PE53,8,2624.5856142123316
126,PE54,9,2762.3827609136774
126,PE55,10,2955.8396498360066
126,PE1265,11,3120.1600193970125
126,PE57,12,3340.0912041149245
126,PE58,13,3522.1825153411833
126,PE59,14,3660.955868590793
126,PE60,15,3907.2253637408376
126,PE841,16,4127.282530689719
126,PE61,17,4319.526801765536
126,PE62,18,4474.57214707403
126,PD146,19,4829.6617129333845
126,PD1374,20,5171.177366054255
126,PD85,21,5555.387556647759
126,PD147,22,5980.558290232501
126,PD87,23,6353.978897808292
126,PD148,24,6584.278727476109
126,PD149,25,6874.096446056878
126,PD88,26,7151.109153176083
126,PD89,27,7555.410091156158
126,PD1428,28,7865.639818160851
126,PD90,29,8201.430712587844
126,PD91,30,8433.620550345451
126,PD92,31,8795.65079816961
126,PD93,32,9095.51844511543
126,PD94,33,9402.330439996975
126,PD95,34,9731.413156561437
126,PD96,35,10050.334343100858
126,PD97,36,10264.316752029348
126,PD98,37,10512.450178637659
126,PD161,38,11231.869077644811
126,PD162,39,11779.240494525022
126,PD163,40,12038.081889207047
126,PD164,41,12394.002694599674
126,PD1643,42,12932.925842617407
126,PD166,43,13150.44573321568
126,PD167,44,13441.528925422095
126,PD168,45,13650.715059331933
126,PC45,46,13950.714930680711
126,PC46,47,14174.862358124032
126,PC47,48,14508.791268701907
126,PC48,49,14794.830245675505
126,PC49,50,15280.601537861356
126,PC50,51,15616.234284820819
126,PC51,52,15795.61297637578
126,PC1221,53,16260.620605760641
126,PC38,54,16408.10604595823
126,PC39,55,16721.54862285947
126,PC40,56,17072.1950646827
126,PC41,57,17407.853939693836
126,PC42,58,17687.914438041815
126,PC43,59,17965.953722625705
126,PC44,60,18273.887126716916
126,PD108,61,18483.952124944513
126,PD109,62,18742.98777484331
126,PD110,63,18978.680469133094
126,PD1586,64,19275.86315398245
126,PD1585,65,19276.86315398245
126,PD113,66,19867.889114803354
126,PD114,67,20237.051938768403
126,PD528,68,20370.965268068157
126,PD529,69,20906.14877847994
126,PD61,70,21651.582705116838
126,PD62,71,21939.304492669613
126,PD63,72,22152.767226820943
126,PD64,73,22456.35847439462
126,PD65,74,22457.35847439462
126,PD66,75,22458.35847439462
126,PD67,76,22459.35847439462
126,PD68,77,22460.35847439462
126,PD1449,78,22461.35847439462
126,PD69,79,24284.523373792475
126,PD70,80,24636.401657729046
126,PD71,81,24637.401657729046
126,PD72,82,25363.468761883807
126,PD73,83,25364.468761883807
126,PD1417,84,25365.468761883807
126,PD74,85,25366.468761883807
126,PD130,86,26585.10895593679
126,PE1410,87,26950.460589507067
126,PE1411,88,27158.909768407415
126,PE35,89,27561.00406259747
126,PE1412,90,27852.098968936665
126,PE43,91,27853.098968936665
126,PE840,92,27854.098968936665
126,PE44,93,27855.098968936665
126,PE45,94,27856.098968936665
126,PE46,95,27857.098968936665
126,PE47,96,27858.098968936665
126,PE48,97,27859.098968936665
126,PE1300,98,27860.098968936665
126,PE50,99,27861.098968936665
126,PE51,100,27862.098968936665
126,PE38,101,30146.47784782352
126,PE40,102,30147.47784782352
126,PE41,103,30148.47784782352
126,PE503,104,30961.199235988497
126,PE504,105,31408.356439661453
201,PB1967,0,7290.841082428768
201,PB1964,1,7726.766755912221
201,PB1960,2,8160.9886854543365
201,PB1958,3,8483.429782275038
201,PB1957,4,8796.300092685351
201,PB1955,5,9159.416065844649
201,PB1953,6,9401.44411048937
201,PB1951,7,9739.069495786916
201,PB1950,8,10291.21394642691
201,PB1948,9,10728.944154993973
201,PA48,10,11071.176074051004
201,PA49,11,11931.879588604941
201,PA50,12,12077.03101175497
201,PA51,13,12403.293368951525
201,PA52,14,12782.873294082434
201,PA53,15,13090.130998078883
201,PA30,16,13548.260028053355
201,PA31,17,13849.346107056675
201,PA54,18,14150.442336279064
201,PA55,19,14515.530343503442
201,PA627,20,14671.484889623463
201,PA56,21,14919.387386614231
201,PA57,22,15123.047126484278
201,PA58,23,15589.54054476226
201,PA694,24,15832.852717515834
201,PA60,25,16260.320046839754
201,PA61,26,16647.235990009463
201,PA62,27,16984.98552851916
201,PH110,28,17434.963844466518
201,PH111,29,17913.92189503832
201,PH112,30,18137.517028442315
201,PH113,31,18591.17852385701
201,PH114,32,18856.074756093974
201,PH115,33,19210.76653138012
201,PH792,34,19555.453508399103
201,PH118,35,19954.921800900625
201,PH119,36,20250.68478572451
201,PH120,37,20483.337866698206
201,PH121,38,20752.191962442866
201,PH122,39,21213.808222879798
201,PH123,40,21432.843952874286
201,PG1,41,21900.943460207443
201e,PH137,0,15960.926526505333
201e,PA80,1,20459.082195029623
201e,PA81,2,21018.275887100746
201e,PA82,3,21579.68250920074
201e,PA243,4,21872.40103877598
203,PH150,0,12273.125102925966
203,PH151,1,12717.195457239817
203,PH152,2,13054.144156870983
203,PH153,3,13488.396005129905
203,PH154,4,14012.859851763302
203,PH155,5,14540.218544438292
203,PH156,6,14822.097934101237
203,PH157,7,15180.794581683063
203,PH158,8,15624.289860977322
203,PH159,9,16059.891607716607
203,PH160,10,16429.920437591034
203,PH161,11,16682.260048190263
203,PA100,12,17114.821283899608
203,PA101,13,17344.667931246728
203,PA102,14,17719.898374113367
203,PA103,15,18161.91183840495
203,PA104,16,18582.2219544571
203,PA105,17,18942.80516635857
203,PA106,18,19564.516127705076
203,PA107,19,19817.64674440885
203,PA108,20,20175.349713845688
203,PA109,21,20587.404662446344
203,PA111,22,21109.356242745314
203,PA112,23,21369.253114472885
203,PA160,24,21523.049007304384
203,PB159,25,21863.54721372774
203,PB161,26,22206.269518353503
203,PB162,27,22376.19586625872
203,PB163,28,22590.37192886695
203,PB319,29,22947.542582162718
203,PB320,30,23427.80382307121
203,PB321,31,23602.39320642793
203,PB322,32,23980.917532316576
203,PB323,33,24279.055246241205
203,PB324,34,24531.255331637385
203,PB325,35,24808.203253995012
203,PB326,36,25098.36342248784
203,PB327,37,25351.674529242835
203N,PB306,0,4589.310295197155
203N,PB307,1,4865.5949723769145
203N,PB308,2,5120.79929373895
203N,PB309,3,5408.617258670332
203N,PB310,4,5692.023932850881
203N,PB311,5,6016.158554354401
203N,PB312,6,6434.832302448426
203N,PB313,7,6634.304218690927
203N,PB314,8,6951.6718229038415
203N,PB315,9,7329.462920655224
203N,PB316,10,7591.377183919468
203N,PB317,11,7847.006250800911
203N,PB318,12,8119.861979348226
203N,PA88,13,8372.6324591146
203N,PA195,14,8710.64664288024
203N,PA763,15,8951.18804233434
203N,PA91,16,9302.904464238047
203N,PA654,17,9872.05344632646
203N,PA139,18,10446.372487200964
203N,PA140,19,10776.42728870446
203N,PA141,20,11195.553363456225
203N,PA142,21,11541.67907787299
203N,PA143,22,11926.136261102054
203N,PA144,23,12507.34215344403
203N,PA145,24,12813.816608771347
203N,PH1646,25,13309.833971814282
203N,PH183,26,13594.243319686784
203N,PH184,27,13857.18983805875
203N,PH185,28,14205.307694038926
203N,PH186,29,14660.38650538549
203N,PH187,30,15104.817391437658
203N,PH188,31,15472.27660824199
203N,PH189,32,15747.684674946933
203N,PH190,33,16276.204749377514
203N,PH191,34,16794.905131829233
203N,PH192,35,17001.577100831455
203N,PH193,36,17350.516381843445
203N,PH194,37,17789.165665198198
203e,PH150,0,12273.125102925966
203e,PH153,1,13488.396005129905
203e,PH157,2,15180.794581683063
203e,PH161,3,16682.260048190263
203e,PA101,4,17344.667931246728
203e,PA104,5,18582.2219544571
203e,PA105,6,18942.80516635857
203e,PA107,7,19817.64674440885
203e,PA109,8,20587.404662446344
203e,PA114,9,20978.45845746382
203e,PA159,10,21235.911470196555
203e,PA160,11,21523.049007304384
204,PA115,0,102.63456628889045
204,PA116,1,546.5091502865489
204,PA117,2,903.7132531470431
204,PA118,3,1171.6676451307965
204,PA119,4,1492.8273453918732
204,PA120,5,1704.0102804895607
204,PA121,6,2019.7083209140694
204,PA122,7,2399.8438178218116
204,PA123,8,2725.4916503577015
204,PA124,9,3020.5556138285747
204,PA125,10,3286.991308743719
204,PA126,11,3735.482662654015
204,PH162,12,4205.813966337939
204,PH163,13,4447.351265050466
204,PH172,14,4678.535409931255
204,PH164,15,5360.581705707054
204,PH165,16,5607.871797992654
204,PH166,17,5937.511389299852
204,PH167,18,6280.952240641583
204,PH168,19,6557.886161018944
204,PH169,20,7014.0922895769
204,PH170,21,7379.187127260261
204,PH171,22,7848.893277384581
204,PH1451,23,8342.290297674905
204,PH173,24,8881.696108167474
204,PE72,25,9282.444862288035
204N,PA115,0,102.63456628889045
204N,PA116,1,546.5091502865489
204N,PA117,2,903.7132531470431
204N,PA118,3,1171.6676451307965
204N,PA119,4,1492.8273453918732
204N,PA120,5,1704.0102804895607
204N,PA121,6,2019.7083209140694
204N,PA122,7,2399.8438178218116
204N,PA123,8,2725.4916503577015
204N,PA124,9,3020.5556138285747
204N,PA125,10,3286.991308743719
204N,PA126,11,3735.482662654015
204N,PH162,12,4205.813966337939
204N,PH163,13,4447.351265050466
204N,PH172,14,4678.535409931255
204N,PH164,15,5360.581705707054
204N,PH165,16,5607.871797992654
204N,PH166,17,5937.511389299852
204N,PH167,18,6280.952240641583
204N,PH168,19,6557.886161018944
204N,PH169,20,7014.0922895769
204N,PH170,21,7379.187127260261
204N,PH171,22,7848.893277384581
204N,PH1451,23,8342.290297674905
204N,PH173,24,8881.696108167474
204N,PE72,25,9282.444862288035
205,PA138,0,50.732350688597585
205,PA116,1,546.5091502865489
205,PA137,2,887.014853247271
205,PA663,3,1353.568520989355
205,PA139,4,1758.2108001829804
205,PA140,5,2088.2664758563146
205,PA141,6,2507.3941914101065
205,PA142,7,2853.517554104696
205,PA143,8,3237.9749119975495
205,PA144,9,3819.1802353345142
205,PA145,10,4125.654633314278
205,PH1646,11,4621.667286026222
205,PH183,12,4906.081037118316
205,PH184,13,5169.027823885304
205,PH185,14,5517.1456450317155
205,PH186,15,5972.224478986908
205,PH187,16,6416.655264956448
205,PH188,17,6784.114593623045
205,PH189,18,7059.522538906327
205,PH190,19,7588.042579606482
205,PH191,20,8106.743459665765
205,PH192,21,8313.415104816038
205,PH193,22,8662.354522192223
205,PH194,23,9101.003566080166
206,PA88,0,370.0329500980258
206,PA195,1,708.0510101718882
206,PA763,2,948.5924929543637
206,PA91,3,1300.3086682833828
206,PA92,4,1714.859350011854
206,PA663,5,2039.1341023969812
206,PA93,6,2310.9186718362294
206,PA94,7,2612.176404610097
206,PA95,8,3108.986990121772
206,PA96,9,3452.6116207525324
206,PA97,10,3845.346031168496
206,PA98,11,4390.66339884562
206,PA99,12,4743.977156813235
206,PA819,13,5066.004383446459
206,PH138,14,5490.237684525991
206,PH139,15,5745.988608409081
206,PH140,16,6112.38661974101
206,PH141,17,6544.152443957153
206,PH142,18,6996.945568016992
206,PH143,19,7345.756757569708
206,PH144,20,7633.2189922049665
206,PH145,21,8161.662947825287
206,PH146,22,8650.715006231672
206,PH147,23,9119.948122787428
206,PH148,24,9457.937052715693
206,PH149,25,9903.471269806834
206c,PH150,0,11433.156602297444
206c,PH151,1,11877.226956611295
206c,PH152,2,12214.175656242462
206c,PH153,3,12648.427504501384
206c,PH154,4,13172.89135113478
206c,PH155,5,13700.25004380977
206c,PH156,6,13982.129433472715
206c,PH157,7,14340.826081054542
206c,PH158,8,14784.3213603488
206c,PH159,9,15219.923107088085
206c,PH160,10,15589.951936962512
206c,PH161,11,15842.291547561741
207,PA158,0,1100.8499334533988
207,PA195,1,1755.154152554246
207,PA763,2,1995.695633345428
207,PA91,3,2347.411814566854
207,PA654,4,2916.5598607915003
207,PA139,5,3490.8794693216464
207,PA140,6,3820.935022510328
207,PA141,7,4240.06250815883
207,PA142,8,4586.18620037094
207,PA143,9,4970.643533791669
207,PA144,10,5551.84893685152
207,PA145,11,5858.323342866001
207,PH1646,12,6354.336656277857
207,PH183,13,6638.749789698014
207,PH184,14,6901.696538860788
207,PH185,15,7249.814364887285
207,PH186,16,7704.893195674982
207,PH187,17,8149.323995666829
207,PH188,18,8516.78330866095
207,PH189,19,8792.191270956211
207,PH190,20,9320.711316382407
207,PH191,21,9839.412126719715
207,PH192,22,10046.083817245506
207,PH193,23,10395.023215515483
207,PH194,24,10833.672292957068
207e,PH198,0,14688.734770459927
207e,PH202,1,16425.95977865362
207e,PH206,2,17911.15269864516
207e,PA147,3,18616.891331266892
207e,PA150,4,19859.3103807975
207e,PA151,5,20184.408530611396
207e,PA153,6,21055.459936777774
207e,PA156,7,22078.472393144137
207e,PA111,8,22461.649530417122
207e,PA112,9,22721.545862639294
207e,PA161,10,23061.16374290483
208,PB306,0,4589.310295197155
208,PB307,1,4865.5949723769145
208,PB308,2,5120.79929373895
208,PB309,3,5408.617258670332
208,PB310,4,5692.023932850881
208,PB311,5,6016.158554354401
208,PB312,6,6434.832302448426
208,PB313,7,6634.304218690927
208,PB314,8,6951.6718229038415
208,PB315,9,7329.462920655224
208,PB316,10,7591.377183919468
208,PB317,11,7847.006250800911
208,PB318,12,8119.861979348226
208,PA88,13,8372.6324591146
208,PA195,14,8710.64664288024
208,PA763,15,8951.18804233434
208,PA91,16,9302.904464238047
208,PA109,17,10131.215901287764
208,PA111,18,10653.167639370016
208,PA112,19,10913.066873099493
208,PA160,20,11066.863221876996
208,PB159,21,11407.370381843815
208,PB161,22,11750.095131306542
208,PB162,23,11920.019100792886
208,PB163,24,11921.019100792886
208,PB319,25,11922.019100792886
208,PB320,26,11923.019100792886
208,PB321,27,11924.019100792886
208,PB322,28,13524.735729596248
208,PB323,29,13525.735729596248
208,PB324,30,13526.735729596248
208,PB325,31,13527.735729596248
208,PB326,32,14642.19609001818
208,PB327,33,14895.493224022375
209,PA138,0,50.732350688597585
209,PA116,1,546.5091502865489
209,PA137,2,887.014853247271
209,PA663,3,1353.568520989355
209,PA139,4,1758.2108001829804
209,PA140,5,2088.2664758563146
209,PA141,6,2507.3941914101065
209,PA142,7,2853.517554104696
209,PA143,8,3237.9749119975495
209,PA144,9,3819.1802353345142
209,PA145,10,4125.654633314278
209,PH1646,11,4621.667286026222
209,PH183,12,4906.081037118316
209,PH184,13,5169.027823885304
209,PH185,14,5517.1456450317155
209,PH186,15,5972.224478986908
209,PH187,16,6416.655264956448
209,PH188,17,6784.114593623045
209,PH189,18,7059.522538906327
209,PH190,19,7588.042579606482
209,PH191,20,8106.743459665765
209,PH192,21,8313.415104816038
209,PH193,22,8662.354522192223
209,PH194,23,9101.003566080166
210,PI1840,0,60.4183879361057
210,PI909,1,813.5737851260476
210,PI910,2,985.2218110961353
210,PI340,3,1646.1844172414626
210,PI341,4,1916.9715344877754
210,PI440,5,2338.956657498017
210,PI1814,6,2748.2219549326664
210,PA163,7,3454.2512511724126
210,PA336,8,3754.1318733677012
210,PA337,9,4309.333212753792
210,PA215,10,5037.036867255884
210,PA167,11,5383.313186353685
210,PA168,12,5998.555371980077
210,PA169,13,6435.162346804872
210,PA170,14,6984.068133501008
210,PA171,15,7323.861553487794
210,PA172,16,7684.9053254622395
210,PA174,17,8286.504811844696
210,PA176,18,8816.056627620137
210,PA177,19,9078.055224713797
210,PA823,20,9472.265501120983
210,PA179,21,9933.548883320635
210,PA181,22,10443.536304398745
210,PH207,23,11001.05373413118
210,PH208,24,11464.334773840737
210,PH209,25,11850.985350585946
210,PH210,26,12158.804498951169
210,PD1612,27,12809.490137430343
210,PH212,28,13287.83681253015
210,PH213,29,13808.501861573319
210,PH214,30,14107.491744684316
210,PH215,31,14398.07253649036
210,PH216,32,14728.16863500531
210,PH217,33,15332.51850305754
210,PE1499,34,15629.584387486937
210,PE121,35,15922.901263809466
210,PE122,36,16243.317826133063
210,PE123,37,16509.965611332256
210,PE125,38,16883.28420017435
210e,PI910,0,985.2218110961353
210e,PI340,1,1646.1844172414626
210e,PI341,2,1916.9715344877754
210e,PI1814,3,2748.2219549326664
210e,PA336,4,3754.1318733677012
210e,PA337,5,4309.333212753792
210e,PA215,6,5037.036867255884
210e,PA167,7,5383.313186353685
210e,PA168,8,5998.555371980077
210e,PA170,9,6984.068133501008
210e,PA177,10,9078.055224713797
210e,PA823,11,9472.265501120983
210e,PA181,12,10443.536304398745
210e,PH212,13,13287.83681253015
210e,PH214,14,14107.491744684316
210e,PH217,15,15332.51850305754
210e,PE121,16,15922.901263809466
210e,PE125,17,16883.28420017435
210v,PI1840,0,60.4183879361057
210v,PI909,1,813.5737851260476
210v,PI910,2,985.2218110961353
210v,PI340,3,1646.1844172414626
210v,PI341,4,1916.9715344877754
210v,PI440,5,2338.956657498017
210v,PI1814,6,2748.2219549326664
210v,PA163,7,3454.2512511724126
210v,PA336,8,3754.1318733677012
210v,PA337,9,4309.333212753792
210v,PA215,10,5037.036867255884
210v,PA167,11,5383.313186353685
210v,PA168,12,5998.555371980077
210v,PA169,13,6435.162346804872
210v,PA170,14,6984.068133501008
210v,PA171,15,7323.861553487794
210v,PA172,16,7684.9053254622395
210v,PA174,17,8286.504811844696
210v,PA176,18,8816.056627620137
210v,PA177,19,9078.055224713797
210v,PA823,20,9472.265501120983
210v,PA179,21,9933.548883320635
210v,PA181,22,10443.536304398745
210v,PH207,23,11001.05373413118
210v,PH208,24,11464.334773840737
210v,PH209,25,11850.985350585946
210v,PH210,26,12158.804498951169
210v,PD1612,27,12809.490137430343
210v,PH212,28,13287.83681253015
210v,PH213,29,13808.501861573319
210v,PH214,30,14107.491744684316
210v,PH215,31,14398.07253649036
210v,PH216,32,14728.16863500531
210v,PH217,33,15332.51850305754
210v,PE1499,34,15629.584387486937
210v,PE121,35,15922.901263809466
210v,PE122,36,16243.317826133063
210v,PE123,37,16509.965611332256
210v,PE125,38,16883.28420017435
211,PE185,0,22975.307608205534
211,PE186,1,23349.86440614614
211,PD1641,2,23825.89866992483
212,PH150,0,11506.788794182403
212,PH151,1,11950.859149416703
212,PH1651,2,12412.57082321228
212,PH1430,3,12682.476188864492
212,PH17,4,12899.96694544219
212,PH18,5,13074.581543253727
212,PH19,6,13493.718602509989
212,PH1456,7,13717.973193647336
212,PH1491,8,14034.576213458298
212,PH21,9,14223.088157387898
212,PH22,10,14486.910660070138
212,PE1,11,15010.133436203287
212,PE2,12,15508.175392736232
212,PE3,13,16151.09125222067
212,PE4,14,16543.66250377959
212,PE5,15,16871.79561076025
212,PD1642,16,17306.734650385795
212,PD147,17,17798.748770493155
212,PD87,18,18172.17265289723
212,PD148,19,18402.474127160556
212,PD149,20,18692.28824502459
212,PD88,21,18969.303095727715
212,PD89,22,19373.595650017545
212,PD1428,23,19683.825715030125
212,PD90,24,20019.616624576534
212,PD91,25,20251.80654690453
212,PD92,26,20613.836424909827
212,PD93,27,20913.70427477252
212,PD94,28,21220.516367952703
212,PD95,29,21549.599030259236
212,PD96,30,21868.52063072471
212,PD97,31,22082.503063446926
212,PD98,32,22330.636653769692
212,PD99,33,22551.047499671986
212,PD100,34,22906.072551393812
212,PD101,35,23195.867830317926
212,PD235,36,23588.923177329445
212,PD103,37,23746.20321762674
212,PD104,38,24031.15280607874
212,PD237,39,24328.957649887507
212,PD106,40,24675.235846582105
212,PC29,41,25217.180755480218
212,PC30,42,25480.58935512515
212,PC31,43,25739.709212714828
212,PC32,44,26080.57969612342
212,PC33,45,26539.777876023436
212,PC34,46,26865.86927214301
212,PC35,47,27250.835395495305
212,PC36,48,27501.72241750028
212,PC1257,49,28338.583476196956
213e,PA698,0,83.4057228116123
213e,PA170,1,525.5148804564042
213e,PA172,2,1226.3527112307243
213e,PA174,3,1827.9520275621621
213e,PA177,4,2619.501451711056
213e,PA823,5,3013.7137518697614
213e,PA181,6,3984.9829274272056
213e,PH209,7,5392.432232564092
213e,PD1612,8,6350.93734471946
213e,PH212,9,6829.283509146209
213e,PH214,10,7648.93927982458
213e,PH217,11,8873.963142530798
213e,PE1499,12,9171.032034180726
213e,PE121,13,9464.3490612025
213e,PE125,14,10424.731176679805
214,PH732,0,796.7726455732197
214,PH1440,1,963.3585182971376
214,PH1475,2,1208.349862592975
214,PG272,3,2066.0329475320104
214,PG273,4,2285.2890562933144
214,PG410,5,2772.125914568888
214,PG274,6,2910.8867915258543
214,PH1444,7,3252.686087466176
214,PH537,8,3475.8376914762835
214,PH238,9,3698.780353304539
214,PH1448,10,3924.7925507286486
214,PH239,11,4282.480633241671
214,PH1445,12,4521.773511845229
214,PH541,13,4739.500875823527
214,PH126,14,5012.976620825675
214,PH127,15,5192.170411329018
214,PH128,16,5506.964035801059
214,PH129,17,5809.187233861173
214,PH130,18,6174.3804776276465
214,PH131,19,6443.1801589310335
214,PH132,20,6745.989844614419
214,PH133,21,7119.448655045774
214,PH134,22,7392.736772491733
214,PH135,23,7931.4967367823865
214,PA63,24,8379.235248998204
214,PA64,25,8702.531667936251
214,PA65,26,9041.355269139343
214,PA66,27,9442.20340790658
214,PA67,28,9820.93757850668
214,PA68,29,10170.214610639683
214,PA69,30,10612.59076300121
214,PA70,31,10881.827835402124
214,PA107,32,11705.314443745288
214,PA108,33,12063.017170008357
214,PA156,34,12613.847677680369
214,PA114,35,12866.125748338207
214,PA587,36,13267.344151404095
214,PA261,37,13659.356917481886
214,PA262,38,13912.362802173333
214,PA87,39,14783.836329299056
214,PB211,40,15088.782012204792
214,PB212,41,15287.418895334473
214,PB213,42,15643.634188286329
214,PB386,43,15875.085973719833
214,PB1992,44,16189.341733092528
214,PB387,45,16583.857001936052
214,PB388,46,16837.08904235125
214,PB390,47,17255.648018746353
214,PB902,48,17692.86492857999
214,PB872,49,17943.61943235386
214,PB873,50,18176.603956904062
214,PB874,51,18417.076123234776
214,PB875,52,18724.159929858062
214,PB876,53,18967.67064254448
214,PB877,54,19229.318722310483
214,PB878,55,19458.370365271596
214,PB879,56,19652.643347262514
214,PB880,57,19981.482457962436
214,PB882,58,20271.94167613036
216,PC103,0,1183.8413688680253
216,PC104,1,1591.0865163139335
216,PC105,2,1925.3683520970812
216,PC752,3,2309.44893992425
216,PC106,4,2692.4636642232254
216,PC107,5,2912.9930358610013
216,PC108,6,3401.116767747025
216,PC109,7,3847.1774891145355
216,PC110,8,4126.159737575928
216,PC111,9,4534.051134028565
216,PC112,10,4973.207130025432
216,PD1375,11,5604.146294826899
216,PD183,12,5795.908188450181
216,PD184,13,6131.217123935855
216,PD185,14,6347.06138733589
216,PD226,15,6592.572198515081
216,PD227,16,6892.554719271305
216,PD186,17,7104.836200235735
216,PD228,18,7322.452807099499
216,PD229,19,7601.4879859678
216,PD187,20,7910.340715215796
216,PD230,21,8331.339208685265
216,PD231,22,8566.852119597163
216,PD188,23,8980.868152407593
217e,PA82,0,25098.073505633427
217e,PA190,1,25809.346629943495
219e,PD178,0,17012.251675938238
219e,PD1116,1,18459.460646278945
219e,PD182,2,19422.524728585275
219e,PC54,3,20421.284306493042
219e,PC57,4,21638.90979977611
223,PA720,0,141.33075621150135
223,PA215,1,272.6646145538345
223,PA29,2,590.0310432833157
223,PA196,3,822.0857725201965
223,PA197,4,1097.4955392028758
223,PA55,5,1338.520139119384
223,PA627,6,1494.474422893953
223,PA56,7,1742.377175716331
223,PA57,8,1946.0369041438194
223,PA58,9,2412.5305532694297
223,PA694,10,2655.8427478229733
223,PA60,11,3083.3097185591146
223,PA61,12,3470.225886780241
223,PA62,13,3807.974177907796
223,PH110,14,4257.951856986741
223,PH111,15,4736.907943145457
223,PH112,16,4960.502945678317
223,PH113,17,5414.164305663127
223,PH114,18,5679.060991052603
223,PH115,19,6033.752499543075
223,PH792,20,6378.439483130602
223,PH118,21,6777.907630077322
223,PH119,22,7073.670330960224
223,PH121,23,7575.177631519433
223,PH122,24,8036.79336364679
223,PH123,25,8255.830550692794
223,PG1,26,8723.929759625076
224,PE1490,0,8505.3240415053
224,PE155,1,9110.817183034194
224,PE156,2,9492.49064387104
224,PE1385,3,10030.516815442112
224,PE2,4,10353.621416251564
224,PE3,5,10996.537367976805
224,PE4,6,11389.10854935629
224,PE5,7,11717.241640278575
224,PD1642,8,12152.180531344407
224,PD147,9,12644.19506185668
224,PD87,10,13017.6191810395
224,PD148,11,13247.920774241504
224,PD149,12,13537.734631719617
224,PD88,13,13814.749637422636
224,PD89,14,14219.041585593252
224,PD1428,15,14529.271675032318
224,PD90,16,14865.062585671481
224,PD91,17,15097.252514111167
224,PD92,18,15459.282365390556
224,PD93,19,15759.150229917594
224,PD94,20,16065.96233020153
224,PD95,21,16395.04498858706
224,PD96,22,16713.966618965493
224,PD97,23,16927.949053407196
224,PD98,24,17176.082655561077
224,PD99,25,17396.493490007724
224,PD100,26,17751.51853376773
224,PD101,27,18041.313818675248
224,PD235,28,18434.369165506243
224,PD103,29,18591.64950723087
224,PD237,30,19174.403497074334
224,PD76,31,19539.06308188281
224,PD77,32,19916.858608104834
225,PE185,0,10011.810246500972
225,PE186,1,10386.36721274223
225,PD1642,2,10947.037366680133
225,PD273,3,11224.960772516199
225,PD274,4,11603.52842286967
225,PD173,5,11937.514080519592
225,PD275,6,12328.98485039536
225,PD276,7,12499.84659330978
225,PD277,8,12747.477515834851
225,PD278,9,12923.154723201375
225,PD174,10,13273.22202375087
225,PD1356,11,13513.918881485899
225,PD279,12,13913.283195822127
225,PD283,13,14086.207346344325
225,PD175,14,14602.806999917475
225,PD280,15,15034.685562125107
225,PD281,16,15223.477215218705
225,PD282,17,15420.05454955061
225,PD176,18,15585.525324590219
225,PD284,19,16008.033250818748
225,PD285,20,16226.976813501467
225,PD177,21,16509.769353116437
225,PD218,22,16826.047993533084
225,PD219,23,16946.7772174738
225,PD286,24,17257.294827746966
225,PD287,25,17609.82319370103
225,PD288,26,17935.248534156628
225,PD289,27,18179.4590562098
225,PD290,28,18371.962703351528
225,PD291,29,18500.174112649736
225,PD292,30,18674.79354880144
225,PD293,31,18931.846192899895
225,PD294,32,19316.985596500093
225,PD271,33,19650.833626382373
225,PD1382,34,20103.718240417522
225,PD295,35,20357.045361287066
225,PD296,36,20664.13272242372
225,PD297,37,20921.55495847266
225,PD298,38,21102.584254568468
225,PD299,39,21444.631746573625
225,PD300,40,21740.476674283866
225,PD301,41,21873.158050667644
225,PD302,42,22186.481160529533
225,PD303,43,22456.98947662631
225,PD304,44,22748.912729214328
225,PD305,45,22940.302470641567
225,PD306,46,23213.322524238843
225,PD307,47,23556.544324437404
225,PD308,48,23928.43815746614
225,PD309,49,24121.808983981377
225,PD310,50,24474.761774460076
225,PD311,51,24898.18430944218
225,PC728,52,25124.95294352792
225,PC129,53,25300.190466989334
225,PC130,54,25546.44527167535
225,PC131,55,25914.501222073686
225,PC132,56,26080.752565459064
225,PC1034,57,26351.052031411495
225,PC1109,58,26499.92098232434
225,PC523,59,26707.80959816966
225,PC524,60,26900.606062249903
225,PC525,61,27093.780478849014
225,PC526,62,27264.31281355751
225,PC527,63,27440.372655910433
225,PC678,64,28068.76648628235
225,PC1134,65,28321.191815912505
225,PC679,66,28503.65026032985
225,PC1068,67,28887.36811913332
225,PC139,68,29347.35139028118
225,PC140,69,29753.7757803629
226,PA88,0,118.59645766653634
226,PA195,1,456.6144844012509
226,PA763,2,697.1559664669842
226,PA91,3,1048.8721439166666
226,PA29,4,2140.6191660516774
226,PA196,5,2372.6739083449143
226,PA197,6,2648.083720464057
226,PA55,7,2889.108193430575
226,PA627,8,3045.0625192824295
226,PA56,9,3292.9652310711003
226,PA57,10,3496.6249613356513
226,PA58,11,3963.1185734334167
226,PA694,12,4206.430764490619
226,PA60,13,4633.8977927423475
226,PA61,14,5020.813924866269
226,PA62,15,5358.562416068398
226,PH110,16,5808.54019729468
226,PH111,17,6287.496598553452
226,PH112,18,6511.091622076402
226,PH113,19,6964.753003788018
226,PH114,20,7229.649616481443
226,PH115,21,7584.341167771574
226,PH792,22,7929.028150310603
226,PH118,23,8328.496320608621
226,PH119,24,8624.259067032941
226,PH120,25,8856.912193887289
226,PH121,26,9125.766347728053
226,PH122,27,9587.382164605406
226,PH799,28,9768.117306092718
226,PH790,29,10148.785534917963
226,PG278,30,10339.260854395736
226,PG279,31,10753.562182188876
226,PG280,32,10916.329257139774
226,PG281,33,11194.90784686496
226,PG282,34,11408.291373731803
226,PG283,35,11623.12721570767
226,PG284,36,11845.37675351581
226,PG285,37,12045.830544366929
226,PG286,38,12300.696118877953
226,PG287,39,12554.64709963136
226,PG1723,40,12794.589857473864
226,PE226,41,13028.035181908968
226,PE1351,42,13272.95969966827
226,PE1350,43,13623.618838972778
226,PE1346,44,13884.617564343172
227,PI1307,0,300.15867010608406
227,PI1863,1,705.0265743073917
227,PH605,2,1934.2025672778548
227,PH606,3,2131.2841185584543
227,PH477,4,2462.605066945544
227,PH478,5,2733.742918414819
227,PH479,6,2932.396821718006
227,PH366,7,3236.877694550361
227,PH257,8,3554.974840353421
227,PH258,9,3809.6742544271337
227,PH259,10,4123.533395107754
227,PG274,11,4301.864811486607
227,PG289,12,4634.232973841998
227,PG278,13,5003.342389590147
227,PG279,14,5417.644285036142
227,PG280,15,5580.41001495316
227,PG281,16,5858.988216333698
227,PG282,17,6072.371883250811
227,PG283,18,6287.207468674546
227,PG284,19,6509.4572069766145
227,PG285,20,6709.911118783534
227,PG286,21,6964.77665692485
227,PG287,22,7218.727461434812
227,PH195,23,7774.441813137441
227,PH196,24,8204.581996470111
227,PH197,25,8555.342020256037
227,PH198,26,8721.073420563675
227,PH199,27,9282.179773265969
227,PH200,28,9809.39717866007
227,PH201,29,10090.178813933335
227,PH202,30,10458.29889667565
227,PH203,31,10904.73771614699
227,PH204,32,11352.552451588448
227,PH205,33,11703.07057697346
227,PH206,34,11943.492087364992
227,PA146,35,12392.29957641272
227,PA147,36,12649.22970072662
227,PA148,37,12975.681098297922
227,PA149,38,13398.943669863305
227,PA206,39,13712.921830430776
227,PA207,40,13991.963693673248
227,PA208,41,14252.83695970383
227,PA209,42,14603.22417085821
227,PA210,43,14919.589878072933
227,PD1315,44,15635.630714179466
227,PD347,45,16276.100722342517
227,PD348,46,16623.20713030611
227,PD349,47,16872.047538924486
227,PD111,48,17263.374929642603
227,PD429,49,17494.889757451867
227,PD112,50,17677.91894424422
227,PD350,51,18052.477680767373
227,PD431,52,18287.11783735954
227,PD351,53,18575.380509934374
227,PD352,54,18873.19811407589
227,PD353,55,19293.702278170113
227,PD354,56,19611.451509678456
227,PD355,57,19806.32409589783
227,PD356,58,20064.669183055048
227,PD432,59,20408.21128602864
227,PD433,60,20700.04130944659
227,PD434,61,21090.069316658843
227,PD220,62,21674.304964416413
227,PD435,63,21966.22337407987
227,PD436,64,22386.185750595367
227,PD437,65,22731.032844744434
227,PD438,66,22922.56683386226
227,PD1634,67,23324.04107084998
227,PD414,68,23545.807896800925
227,PD415,69,23727.035737847138
227,PD416,70,23951.490297886616
227,PD247,71,24142.140281203752
227,PD248,72,24389.465848568507
227,PD249,73,24665.12310199041
227,PD250,74,25071.446174873832
227,PD251,75,25276.78268212699
227,PD252,76,25532.49046049039
227,PD253,77,25772.36995861673
227,PD1080,78,26060.96720882127
227,PD1081,79,26227.129129071058
227,PD1030,80,26432.025377451686
227,PD1031,81,26781.73635797543
227,PD271,82,27193.14966392639
229,PA215,0,272.6646145538345
229,PA29,1,590.0310432833157
229,PA196,2,822.0857725201965
229,PA197,3,1097.4955392028758
229,PA55,4,1338.520139119384
229,PA627,5,1494.474422893953
229,PA56,6,1742.377175716331
229,PA57,7,1946.0369041438194
229,PA58,8,2412.5305532694297
229,PA694,9,2655.8427478229733
229,PA60,10,3083.3097185591146
229,PA61,11,3470.225886780241
229,PA62,12,3807.974177907796
229,PH110,13,4257.951856986741
229,PH111,14,4736.907943145457
229,PH112,15,4960.502945678317
229,PH113,16,5414.164305663127
229,PH114,17,5679.060991052603
229,PH115,18,6033.752499543075
229,PH792,19,6378.439483130602
229,PH118,20,6777.907630077322
229,PH119,21,7073.670330960224
229,PH120,22,7306.3234665854025
229,PH121,23,7575.177631519433
229,PH122,24,8036.79336364679
229,PH123,25,8255.830550692794
229,PG1,26,8723.929759625076
230,PB1967,0,7661.2368666243065
230,PB1964,1,8097.16254010776
230,PB1960,2,8531.384469649875
230,PB1958,3,8853.825566470576
230,PB1957,4,9166.695876880889
230,PB1955,5,9529.811850040187
230,PB1953,6,9771.839894684908
230,PB1951,7,10109.465279982454
230,PB1950,8,10661.609730622447
230,PB1949,9,11007.450008733947
230,PA329,10,11397.054312362268
230,PA88,11,11870.652574355208
230,PA195,12,12208.666882187343
230,PA763,13,12449.208284308634
230,PA91,14,12800.924698319925
230,PA156,15,13768.014131181733
230,PA114,16,14020.2906009615
230,PA112,17,14411.087109206896
230,PA161,18,14750.685951788937
230,PB211,19,15290.739963002554
230,PB212,20,15489.377260105282
230,PB587,21,15987.86578543641
230,PB214,22,16210.292638641547
230,PB1952,23,16211.292638641547
230,PB1954,24,16212.292638641547
230,PB1956,25,16213.292638641547
230,PB1959,26,16214.292638641547
230,PB1963,27,16215.292638641547
230,PB1966,28,16216.292638641547
230,PB1968,29,16217.292638641547
233,PE1490,0,15241.376886957232
233,PE123,1,16324.496484744903
233,PE125,2,16697.81465887078
234,PA115,0,102.63456628889045
234,PA116,1,546.5091502865489
234,PA117,2,903.7132531470431
234,PA118,3,1171.6676451307965
234,PA119,4,1492.8273453918732
234,PA120,5,1704.0102804895607
234,PA121,6,2019.7083209140694
234,PA122,7,2399.8438178218116
234,PA123,8,2725.4916503577015
234,PA124,9,3020.5556138285747
234,PA125,10,3286.991308743719
234,PA126,11,3735.482662654015
234,PH162,12,4205.813966337939
234,PH163,13,4447.351265050466
234,PH172,14,4678.535409931255
234,PH164,15,5360.581705707054
234,PH165,16,5607.871797992654
234,PH166,17,5937.511389299852
234,PH167,18,6280.952240641583
234,PH168,19,6557.886161018944
234,PH169,20,7014.0922895769
234,PH170,21,7379.187127260261
234,PH171,22,7848.893277384581
234,PH1451,23,8342.290297674905
234,PH173,24,8881.696108167474
234,PE72,25,9282.444862288035
244,PE1489,0,18714.419410508348
244,PE800,1,18715.419410508348
244,PE801,2,18716.419410508348
244,PE858,3,18717.419410508348
244,PE859,4,18718.419410508348
244,PE804,5,18719.419410508348
244,PE159,6,18720.419410508348
244,PE1296,7,18721.419410508348
262N,PD1641,0,133.19063237157442
262N,PE158,1,1151.2996023126566
262N,PE159,2,1410.4704755036275
264N,PB1967,0,12594.442402442639
264N,PB1964,1,13030.368075926091
264N,PB1960,2,13464.590005468204
264N,PB1958,3,13787.031102288905
264N,PB1957,4,14099.901412699219
264N,PB1955,5,14463.017385858517
264N,PB1953,6,14705.045430503238
264N,PB1951,7,15042.670815800784
264N,PB1950,8,15594.815266440777
264N,PB1948,9,16032.54547500784
264N,PA48,10,16374.777394064871
264N,PA49,11,17235.480908618814
264N,PA50,12,17380.632331768844
264N,PA51,13,17706.8946889654
264N,PA52,14,18086.474614096307
264N,PA53,15,18393.732318092756
264N,PA215,16,18787.098838666338
264N,PA29,17,19104.458453108942
264N,PA196,18,19336.51326374848
264N,PA197,19,19611.923313711224
264N,PA55,20,19852.947122138863
264N,PA627,21,20008.901668258884
264N,PA56,22,20256.80416524966
264N,PA57,23,20460.463905119705
264N,PA58,24,20926.957323397684
264N,PA694,25,21170.26949615126
264N,PA60,26,21597.736825475175
264N,PA61,27,21984.652768644883
264N,PA62,28,22322.402307154578
264N,PH110,29,22772.380623101937
264N,PH111,30,23251.338673673738
264N,PH112,31,23474.933807077734
264N,PH113,32,23928.595302492427
264N,PH114,33,24193.491534729394
264N,PH115,34,24548.183310015538
264N,PH792,35,24892.870287034522
264N,PH118,36,25292.338579536045
264N,PH119,37,25588.101564359928
264N,PH120,38,25820.754645333625
264N,PH121,39,26089.608741078286
264N,PH122,40,26551.225001515217
264N,PH123,41,26770.260731509705
264N,PG1,42,27238.360238842863
271,PA397,0,0.0
271,PA226,1,500.5446706470194
271,PA50,2,1080.1488207849745
271,PA51,3,1406.4110310347794
271,PA52,4,1785.9910958197147
271,PA53,5,2093.2488006284407
271,PA30,6,2551.3780879951705
271,PA31,7,2852.46459424781
271,PA54,8,3153.5573183815986
271,PA55,9,3518.6487603509754
271,PA627,10,3674.6030926700937
271,PA56,11,3922.505798151885
271,PA57,12,4126.165528698796
271,PA58,13,4592.659135105556
271,PA694,14,4835.971325625318
271,PA60,15,5263.438362716906
271,PA61,16,5650.354489292933
271,PA62,17,5988.1030112455255
271,PH110,18,6438.080808171419
271,PH111,19,6917.0372578590595
271,PH112,20,7140.632284608047
271,PH113,21,7594.293669658639
271,PH114,22,7859.190271179526
271,PH115,23,8213.881829047794
271,PH792,24,8558.568811425477
271,PH118,25,8958.03698531208
271,PH119,26,9253.799738735806
271,PH120,27,9486.45286424243
271,PH121,28,9755.307016378161
271,PH122,29,10216.92284628066
271,PH123,30,10435.95976367712
271,PG1,31,10904.059027835408
286,PC952,0,4596.237878353463
286,PC953,1,4915.467450102234
286,PC1018,2,5283.7912124051545
286,PC71,3,5921.016237262596
286,PC72,4,6513.25521025824
286,PC73,5,6674.780952624696
286,PC74,6,7036.344385746424
286,PC75,7,7463.69328974635
286,PC76,8,7901.437215399736
286,PC77,9,8118.141388720276
286,PC78,10,8475.148691998224
286,PC79,11,8763.397357065849
286,PC80,12,9078.414632682598
286,PD1375,13,9278.902913732161
286,PD183,14,9470.66481230953
286,PD184,15,9805.973734695419
286,PD185,16,10021.817977767532
286,PD226,17,10267.3288186963
286,PD227,18,10567.311345780807
286,PD186,19,10779.592814496978
286,PD228,20,10997.20940050979
286,PD229,21,11276.244591235136
286,PD187,22,11585.09731407322
286,PD230,23,12006.095926316293
286,PD231,24,12241.608909749226
286,PD188,25,12655.624937880802
301,PG68,0,9911.407917200653
301,PG69,1,10349.6113162812
301,PH124,2,10741.862420304882
301,PH125,3,11017.875932207942
301,PH126,4,11439.841014789517
301,PH127,5,11619.034983435724
301,PH128,6,11933.827853426414
301,PH129,7,12236.05207201524
301,PH130,8,12601.245079014907
301,PH131,9,12870.044791092001
301,PH132,10,13172.854623957026
301,PH133,11,13546.313072622936
301,PH134,12,13819.60132205586
301,PH135,13,14358.360869756969
301,PA63,14,14806.10292318446
301,PA64,15,15129.398904337693
301,PA65,16,15468.222965516645
301,PA66,17,15869.070942772745
301,PA67,18,16247.805156332617
301,PA68,19,16597.082215099184
301,PA69,20,17039.45966904805
301,PA70,21,17308.69632524307
301,PA71,22,17550.828710206682
301,PA198,23,17755.0264763517
301,PA212,24,18258.962375120325
301,PA665,25,18683.973621222438
301,PA219,26,19213.56248940645
301,PA220,27,19570.73106819777
301,PA299,28,19978.24747927962
301,PA87,29,20477.813999090395
301,PB212,30,20981.396080344595
301,PB213,31,21337.611705158808
301,PB386,32,21569.063681043437
301,PB1992,33,21883.322562541063
301,PB387,34,22277.845285898184
301,PB388,35,22531.066559357892
301,PB390,36,22949.624729714185
301,PB391,37,23158.162054023116
301,PB392,38,23391.403503715333
301,PB393,39,23641.966066526
301,PB394,40,23939.980489464804
301,PB395,41,24325.123762733543
301,PB396,42,24679.42452042479
301,PB397,43,25189.36402441399
301,PB398,44,25384.57687434973
301,PB375,45,25702.405987083945
301,PB1334,46,26135.678155939346
301,PB1335,47,26383.30969074407
302,PA229,0,289.08382069100463
302,PA78,1,561.560623483003
302,PA230,2,775.0456808545532
302,PA231,3,1145.3208211191804
302,PA232,4,1464.6186002622453
302,PA233,5,1653.0479511137958
302,PA35,6,2152.2860844474935
302,PA840,7,2533.1523627347015
302,PA234,8,3076.229571842109
302,PA38,9,4055.1355304134718
302,PA39,10,4437.417660562067
302,PH261,11,5270.354688724018
302,PH262,12,5633.502860529723
302,PH263,13,5919.2150361214535
302,PH264,14,6095.30457467877
302,PH136,15,6496.145231606246
302,PH265,16,6716.766213547524
302,PH266,17,7011.487930602952
302,PH267,18,7325.690292539344
302,PH268,19,7667.1674642674125
302,PH269,20,7911.403659490031
302,PH270,21,8201.368529789492
302,PH271,22,8552.338342884748
302,PH272,23,8906.387085833981
302,PH1499,24,9190.877841530868
302,PH1492,25,9430.193297822694
302,PH1500,26,9622.64595790373
302,PH1493,27,9835.52737894404
302N,PG272,0,13937.778305694179
302N,PG273,1,14157.035957704124
302N,PG410,2,14643.872146493
302N,PH273,3,15107.850007614448
302N,PH274,4,15444.97361999859
302N,PH275,5,15979.574985646124
302N,PH276,6,16270.729216487138
302N,PH277,7,16532.23841927945
302N,PH278,8,16748.868369514843
302N,PH137,9,17099.964934480246
302N,PH279,10,17320.57037094853
302N,PH280,11,17714.44352082077
302N,PH281,12,18003.30708366643
302N,PH282,13,18415.36780737879
302N,PA17,14,19248.69855078353
302N,PA18,15,19474.99408655559
302N,PA235,16,19853.623459743805
302N,PA236,17,20110.127515424778
302N,PA237,18,20329.748181774143
302N,PA238,19,20555.632479782093
302N,PA239,20,21009.99617659076
302N,PA240,21,21242.387303857253
302N,PA80,22,21608.561959769115
302N,PA241,23,21820.27685915091
302N,PA81,24,22167.75517309542
302N,PA338,25,22689.837975003218
302N,PA339,26,23283.747534722155
302N,PA344,27,23524.953962087005
303,PA373,0,45.79454711173725
303,PA692,1,562.1164941250108
303,PA43,2,1146.8952220929264
303,PA44,3,1408.0777362508334
303,PA261,4,1934.7202767243828
303,PA262,5,2187.7259592664223
303,PA423,6,2604.0049809771112
303,PA303,7,2923.537846987495
303,PA245,8,3107.509112614993
303,PA265,9,3255.9515678202106
303,PB430,10,4373.925488540161
303,PB1525,11,4687.369622973583
303,PB431,12,5036.33113491892
303,PB432,13,5603.706631935042
303,PB433,14,6074.133098888561
303,PB434,15,6331.449283606499
303,PB435,16,6529.22025737873
303,PB436,17,7125.3645978325785
303,PB437,18,7472.29533741402
303,PB1559,19,7821.865043151594
303,PB439,20,7963.654896363269
306,PH561,0,4338.750055781872
306,PH562,1,4515.075933467096
306,PH563,2,4782.216496684621
306,PH564,3,4963.766663879957
306,PH565,4,5233.65937247632
306,PH566,5,5540.097792572702
306,PH365,6,5768.283771275925
306,PH479,7,6064.006310318142
306,PH366,8,6368.487065621762
306,PH367,9,6589.741046829848
306,PH368,10,6814.206024036094
306,PH369,11,7153.348965751222
306,PH370,12,7384.638148839981
306,PH371,13,7547.157053676271
306,PH372,14,7826.181367373238
306,PH373,15,8116.438469868009
306,PH374,16,8427.631623924999
306,PH375,17,8673.19426261693
306,PH376,18,9007.210716299216
306,PH377,19,9224.701735450843
306,PH378,20,9420.859108001723
306,PH379,21,9700.292303670934
306,PH380,22,9891.354235520153
306,PH381,23,10121.235926351319
306,PH99,24,10374.080242347636
306,PH100,25,10529.779175310066
306,PH101,26,10763.722057205132
306,PH102,27,10897.803129403163
306,PH497,28,11149.190013904872
306,PH498,29,11440.011292246996
306,PH499,30,11664.826194616615
306,PA63,31,12110.91777369846
306,PA64,32,12434.214180283361
306,PA65,33,12773.037794465847
306,PA605,34,12932.173504485834
306,PA102,35,13431.445297883605
306,PA103,36,13873.457801739602
306,PA104,37,14293.767831515659
306,PA105,38,14654.351087689174
306,PA491,39,15341.186187599867
306,PA492,40,15684.580712256015
306,PA70,41,15793.685385462932
306,PA71,42,16035.81786699133
306,PA198,43,16240.015455599429
306,PA212,44,16743.954627639232
306,PA665,45,17168.96004353252
306,PA219,46,17698.550107727904
306,PA220,47,18055.720415257045
306,PA299,48,18463.236798736045
306,PA87,49,18962.805488933413
306,PB212,50,19466.388041243066
306,PB213,51,19822.603343559418
306,PB386,52,20054.05513436696
306,PB1992,53,20368.310981733022
306,PB387,54,20762.826460672728
306,PB388,55,21016.05819768187
306,PB390,56,21434.617151369162
306,PB391,57,21643.154454099873
306,PB392,58,21876.388666956413
306,PB393,59,22126.954222508222
306,PB394,60,22424.96584163202
306,PB395,61,22810.10878916841
306,PB396,62,23164.412422519665
306,PB397,63,23674.352710703966
306,PB398,64,23869.56535956902
306,PB375,65,24187.398015326587
306,PB1334,66,24620.66767579284
306,PB1335,67,24868.298518281277
307,PB422,0,12740.773320990402
307,PB423,1,13268.496316953975
307,PB424,2,13574.964989446145
307,PB425,3,14035.371609749653
307,PB426,4,14232.61708547212
307,PB427,5,14468.183601103952
307,PB428,6,14923.23789123733
307,PB429,7,15432.719546574812
307,PA329,8,17535.003743943613
307,PA476,9,17855.30281518176
307,PA89,10,18224.58114024449
307,PA820,11,18435.484187152673
307,PA821,12,18863.55480676755
307,PA371,13,19289.755926158938
307,PA169,14,19806.006915261874
307,PA170,15,20354.900553374344
307,PC145,16,20999.927222029157
307,PA259,17,21940.125052198946
307,PA261,18,22515.944095066618
307,PA262,19,22768.949603982233
307,PA423,20,23185.22803715629
307,PA303,21,23504.76167521221
307,PA245,22,23688.7313579707
307,PA265,23,23837.172754382547
307,PB430,24,24955.145741632892
307,PB1525,25,25268.5895131817
307,PB431,26,25617.551192158757
307,PB432,27,26184.923792487272
307,PB433,28,26655.352930223602
307,PB434,29,26912.671586551085
307,PB435,30,27110.441228758864
307,PB436,31,27706.586350149737
307,PB437,32,28053.51705471866
307,PB1559,33,28403.084726841815
307,PB439,34,28544.876216533812
307e,PA329,0,16358.203989307487
307e,PA476,1,16678.503013311478
307e,PA89,2,17047.78147384994
307e,PA820,3,17258.684504123667
307e,PA821,4,17686.755186308495
307e,PA371,5,18112.95658560812
308,PB1967,0,14651.961938082037
308,PB1964,1,15087.887604535665
308,PB1960,2,15522.109558306736
308,PB1958,3,15844.550675922143
308,PB1957,4,16157.420970243982
308,PB1955,5,16520.536934745185
308,PB1953,6,16762.564979312774
308,PB1951,7,17100.190322757902
308,PB1950,8,17652.33481380415
308,PB1948,9,18090.06502195213
308,PA84,10,18412.720811567033
313e,PA331,0,77.71146337773183
313e,PI1075,1,1130.2455603414903
313e,PI344,2,1452.6585492441268
313e,PI404,3,1814.8245787642006
313e,PI405,4,2253.167058478444
314,PB422,0,12034.155989772638
314,PB423,1,12561.878985736212
314,PB424,2,12868.347658228382
314,PB425,3,13328.75427853189
314,PB426,4,13525.999754254357
314,PB427,5,13761.566269886189
314,PB428,6,14216.620560019566
314,PB429,7,14726.102215357048
314,PA352,8,16631.98601177129
314,PA51,9,17135.842780096285
314,PA52,10,17515.42270634718
314,PA28,11,17983.103739968883
314,PA598,12,18425.837820421875
314,PA371,13,19097.922815467802
314,PA169,14,19614.17380457074
314,PA170,15,20163.06744268321
314,PC145,16,20811.201098658898
314,PA259,17,21751.398928828687
314,PA261,18,22327.21797169636
314,PA262,19,22580.223480611974
314,PA423,20,22996.50191378603
314,PA303,21,23316.03555184195
314,PA245,22,23500.00523460044
314,PA265,23,23648.446631012288
314,PB430,24,24766.419618262633
314,PB1525,25,25079.863389811442
314,PB431,26,25428.825068788497
314,PB432,27,25996.197669117013
314,PB433,28,26466.626806853343
314,PB434,29,26723.945463180826
314,PB435,30,26921.715105388605
314,PB436,31,27517.860226779478
314,PB437,32,27864.7909313484
314,PB1559,33,28214.358603471555
314,PB439,34,28356.150093163553
315e,PA352,0,19808.959061047168
315e,PA51,1,20312.815829372164
315e,PA52,2,20692.39575562306
315e,PA28,3,21160.076789244762
315e,PA598,4,21602.810869697754
315e,PA371,5,22274.89586474368
320,PA829,0,0.0
320,PH110,1,468.4804038627501
320,PH111,2,947.4357985305382
320,PH112,3,1171.0307550032876
320,PH113,4,1624.6920673044158
320,PH114,5,1889.588912237285
320,PH115,6,2244.2803267971244
320,PH792,7,2588.9673126790326
320,PH118,8,2988.4354083759454
320,PH260,9,3172.8113501400358
320,PH120,10,3516.8511642019694
320,PH121,11,3785.7053534732904
320,PH747,12,4040.951080719475
320,PH748,13,4466.973928174867
320,PH749,14,4730.492915534705
320,PH1640,15,5042.788420211687
320,PH1639,16,5240.289358219767
320,PH1486,17,5456.238309887914
320,PH784,18,5667.520353283777
320,PH1449,19,5861.937559695134
320,PH783,20,6228.298544843112
320,PH1647,21,6511.250939504896
320,PH741,22,6951.703154793435
320,PH751,23,7220.68066174011
320,PH752,24,7518.473830500188
320,PH753,25,7798.7046578396275
320,PH754,26,8047.463081772354
320,PH415,27,8287.413647829253
320,PH416,28,8478.425776747823
320,PH21,29,8754.191035899366
320,PH22,30,9018.014162244826
320,PH672,31,9257.825641748592
320,PH217,32,9552.011660578171
320,PE1499,33,9849.893565764385
320,PE121,34,10143.210370876599
320,PE122,35,10463.627056600377
320,PE123,36,10730.27514636985
320,PE125,37,11103.593695180132
320,PE1282,38,12382.757949177047
320,PE1304,39,12600.370335064195
320,PE1484,40,12921.51691651136
320,PE1325,41,13325.038187727965
320,PE1322,42,13586.012179441823
320,PE1323,43,13844.305950973529
320,PE1324,44,14067.819976413864
320,PE497,45,14296.06072528432
320,PE498,46,14596.59313113021
320,PE500,47,16440.039645577945
320,PE501,48,16822.689679432464
320,PE502,49,17157.454751348356
320,PE40,50,17254.575910340754
320,PE41,51,17440.735793545853
320,PE503,52,17754.071689533273
320,PE1517,53,18010.02090903288
320,PE1336,54,18161.48632099681
320,PE1387,55,18378.9230736239
320,PE1401,56,18658.54130953454
320,PE1337,57,19114.71432388283
320,PE1338,58,19322.765893976757
320c,PE1282,0,15.640221489690404
320c,PE1304,1,233.24531270597657
320c,PE1484,2,554.3934111142167
320c,PE1325,3,957.91430329543
320c,PE1322,4,1218.893718573698
320c,PE1323,5,1477.187985051427
320c,PE1324,6,1700.7013709775606
320c,PE497,7,1928.9385700180808
320c,PE498,8,2229.4707295866174
320c,PE500,9,4072.9146671780272
320c,PE501,10,4455.567477663262
320c,PE502,11,4790.331705170849
320c,PE40,12,4887.452305247482
320c,PE41,13,5073.612252013357
320c,PE503,14,5386.948639954904
320c,PE1517,15,5642.897924596999
320c,PE1336,16,5794.363855483874
320c,PE1387,17,6011.7999826978175
320c,PE1401,18,6291.419798643059
320c,PE1337,19,6747.5937702835545
320c,PE1338,20,6955.6447969711035
321,PH77,0,953.5621823644508
321,PH78,1,1205.5978772571725
321,PH79,2,1363.5390482899018
321,PH80,3,1619.7532066531105
321,PH665,4,1907.6826834945646
321,PH666,5,2162.688643001372
321,PH573,6,2372.5151250268777
321,PH574,7,2665.1284197009745
321,PH713,8,5085.406370909219
321,PH714,9,5372.345740360632
321,PH716,10,5910.973602266358
321,PH717,11,6099.697957264572
321,PH718,12,6439.985658538026
321,PH719,13,6670.090284864749
321,PH720,14,6908.588256565252
321,PH721,15,7165.841610931484
321,PH259,16,7494.296623854864
321,PG274,17,7672.627167769532
321,PG289,18,8004.995556174179
321,PG278,19,8374.104874866856
321,PG1107,20,8556.662516664495
321,PG425,21,8743.835243590514
321,PG1167,22,9106.39848733085
322,PE1282,0,15.640221489690404
322,PE1304,1,233.24531270597657
323,PE1282,0,15.640221489690404
323,PE1304,1,233.24531270597657
325,PD428,0,0.0
325,PD347,1,721.8972514636199
325,PD348,2,975.5962706272693
325,PD349,3,1213.873446558809
325,PD111,4,1653.392895823485
325,PD429,5,1882.0478715375914
325,PD112,6,2072.490949677364
325,PD350,7,2440.185755075982
325,PD431,8,2674.04052701269
325,PD351,9,2965.9759787727976
325,PD80,10,3740.1528184410586
325,PD81,11,4029.4301155883627
325,PD530,12,4629.200019159601
325,PD892,13,5063.034890332612
325,PD893,14,5494.75853706945
325,PD894,15,5738.747180210961
325,PD895,16,6027.864352397798
325,PD596,17,6199.746429604305
325,PD597,18,6506.591026356447
325,PD598,19,6814.245215873286
325,PD599,20,7141.341429314629
325,PD600,21,7530.552259422415
325,PD601,22,7954.825105443243
325,PD602,23,8104.072173032825
325,PD603,24,8382.670864747635
325,PD604,25,8587.143066488308
325,PD605,26,8790.707731396484
325,PD606,27,8996.305666121314
325,PD896,28,9148.473358975334
325,PD897,29,9374.348695879109
325,PD898,30,9683.127868777892
325,PD899,31,9827.279303114017
325,PD900,32,10010.43544356279
325,PD901,33,10331.291495611453
325,PD902,34,10497.883234834411
325,PD3,35,10764.634592707447
325,PE479,36,11544.944583363238
325,PE819,37,11919.283690276558
325,PE820,38,12233.357436872817
325,PE827,39,12458.978573646247
325,PE804,40,12659.2554470094
325,PE158,41,12692.53599358835
325,PE159,42,12951.70665043837
325,PE1296,43,13287.37158382253
329,PH321,0,6765.3721180122775
329,PH322,1,7058.959144688814
329,PH800,2,7393.762693838096
329,PH323,3,7530.136474980454
329,PH1461,4,7747.735051422333
329,PH1462,5,7993.373409838687
329,PH1504,6,8183.94838235394
329,PH688,7,8308.911378838851
329,PH1505,8,8476.914851233001
329,PH690,9,8713.25662490934
329,PH1440,10,9098.40317714479
329,PH1475,11,9343.394550373485
329,PG68,12,12020.553876104657
329,PG1709,13,12440.086536421024
329,PG1613,14,12786.357809706566
329,PG1612,15,13086.62042572095
329,PG283,16,13324.500425097813
329,PG284,17,13546.750194306354
329,PG285,18,13747.204124761078
329,PG286,19,14002.06965729392
329,PG287,20,14256.020434631524
329,PG1723,21,14495.961071751959
329,PE226,22,14729.405740540871
329,PE1351,23,14974.330370528138
329,PE1350,24,15324.989679972407
329,PE1392,25,15538.393695421952
329,PE838,26,15704.76893535815
329,PE839,27,16079.193207684873
329,PH669,28,16358.546555616713
329,PH670,29,16622.0905143043
329,PH671,30,16887.75199091211
329,PH22,31,17150.54149842548
329,PH672,32,17390.353081812347
329,PE1,33,17673.764089446682
329,PE2,34,18171.806304980546
329,PE1419,35,19099.113438758548
345,PA816,0,242.75639051797123
345,PA692,1,498.33063375455765
345,PA182,2,990.9853671895462
345,PA183,3,1501.6990327982064
345,PA365,4,1940.163443287035
345,PA185,5,2443.9278135809864
345,PA187,6,3017.654603996342
345,PA186,7,3435.787094643851
345,PA551,8,3806.0622489767075
345,PA714,9,4212.413431811825
345,PI169,10,4673.099704351073
345,PA597,11,5031.17663414692
345,PA591,12,5372.972329317011
345,PA592,13,5634.173052512042
345,PA280,14,6118.645000379152
345,PA281,15,6377.910893356262
345,PA589,16,6531.475945274556
345,PA590,17,6757.90134860885
345,PA664,18,7005.576465780523
345,PA682,19,7255.220465976797
345,PA681,20,7476.152803746837
345,PA691,21,7888.45485799149
345,PH293,22,8600.10876102794
345,PH107,23,9005.294132491403
345,PA659,24,9285.433523367905
345,PA574,25,9688.876387267215
345,PH1650,26,9991.599041444639
345,PH579,27,10203.00819579702
345,PH580,28,10414.305310576727
345,PH494,29,10533.350964105244
345,PI1236,30,10991.320975902343
345,PI1235,31,11221.109634850358
345,PH297,32,11535.161783310723
345,PH298,33,11744.13705796521
345,PH299,34,12126.510299290461
345,PH300,35,12575.417510016743
345,PH301,36,12883.474230781812
345,PH302,37,13182.158598944885
345,PH303,38,13600.429284324066
345,PH1478,39,14069.331895708736
345,PH1516,40,14265.803045663382
345,PH60,41,14675.64557405116
345,PH61,42,14874.299321803577
345,PH62,43,15074.795272828662
345,PH63,44,15333.302216863858
345,PH64,45,15587.59718323981
345,PH65,46,15739.39432196188
345,PH66,47,16011.847184192991
346N,PA344,0,45.177778896462684
346N,PA183,1,439.74640587956253
346N,PA184,2,830.1895090969248
346N,PA185,3,1381.9751930713785
346N,PA187,4,1955.701988448378
346N,PA186,5,2373.834476990194
346N,PA551,6,2744.1096310002204
346N,PA367,7,2962.5948767391756
346N,PI1076,8,3731.497092424444
346N,PI1077,9,3984.7929084049015
346N,PI346,10,4285.228485390654
346N,PI67,11,4543.279350330434
346N,PI68,12,5070.674222511344
346N,PI69,13,5500.166916968028
346N,PI70,14,5769.634634643376
346N,PI71,15,6014.13498047828
346N,PI72,16,6462.5479574140345
346N,PI73,17,7917.654570005431
346N,PH581,18,8493.55491125271
346N,PH52,19,8742.246632508004
346N,PH53,20,9026.02358606783
346N,PH54,21,9367.915495794216
346N,PH55,22,9816.45608864217
346N,PH56,23,10044.843165453269
346N,PH57,24,10374.025264140699
346N,PH58,25,10706.811117836103
346N,PH59,26,11013.661839305922
346N,PH60,27,11158.5841624865
346N,PH61,28,11357.23790931853
346N,PH62,29,11557.733862867173
346N,PH63,30,11816.240807000613
346N,PH64,31,12070.535771168981
346N,PH65,32,12222.332909900138
346N,PH66,33,12494.785771863695
348,PI356,0,12686.104208320752
348,PI357,1,13323.410306818272
348,PI358,2,15079.329106200457
348,PI1428,3,15495.358132840081
348,PI1424,4,15595.760012162322
348,PI1425,5,15864.91433450716
348,PI1422,6,16041.4411626337
348,PI1423,7,16338.581515538619
348,PI1429,8,16759.707784918606
348,PH602,9,17149.661092361042
348,PH603,10,17531.432622154087
348,PH604,11,17782.385291769257
348,PH605,12,18298.602325770604
348,PH606,13,18495.683870568104
348,PH477,14,18827.004818989433
348,PH478,15,19098.142676573392
348,PH479,16,19296.796610333244
348,PH366,17,19601.27747754536
348,PH257,18,19919.374569276824
348,PH258,19,20174.074020671498
348,PH259,20,20487.93318270271
348,PG274,21,20666.264557204264
348,PG289,22,20998.63273040926
348,PG278,23,21367.742141499835
348,PG1107,24,21550.300708053146
348,PG425,25,21737.473340073484
348,PG1167,26,22100.035675034178
348,PG1585,27,22262.063882715014
385,PE1419,0,0.0
385,PE1289,1,729.6587410260727
385,PE1487,2,972.6959688982449
385,PE1488,3,1297.9454849879853
385,PE1302,4,1560.9717081028703
385,PE1315,5,2103.2158339963353
385,PE1314,6,2269.757449995699
385,PE1307,7,2458.5490225015506
385,PH1466,8,2652.1385017198186
385,PH412,9,2832.130727829306
385,PH669,10,3017.834428897952
385,PH670,11,3281.378266607143
385,PH671,12,3595.72667465441
385,PH1535,13,3961.9559323907342
385,PH1534,14,4148.51187503422
385,PH1545,15,4430.749586238307
385,PH423,16,4697.887683414091
385,PH424,17,4909.273455745293
385,PH425,18,5177.229077300943
385,PH426,19,5437.129802906629
385,PH1470,20,5673.545892657245
385,PH1648,21,6084.212413842912
385,PH482,22,6604.997674891913
385,PH181,23,7202.3220696981225
385,PH791,24,7567.216953258541
385,PH432,25,7748.388932369241
385,PH433,26,7982.07359824623
385,PH434,27,8435.218643585138
385,PA100,28,8799.377863325777
385,PA101,29,9029.224667660072
385,PA102,30,9404.455453107536
385,PA103,31,9846.467757620385
385,PA104,32,10266.777769490525
385,PA105,33,10627.361034855283
385,PA106,34,11249.072592937298
385,PA107,35,11502.20293849176
385,PA108,36,11859.905624312663
385,PA183,37,12795.141995073729
385,PA365,38,13233.604940797884
385,PA185,39,13737.368468200704
385,PA187,40,14311.09347230667
385,PA186,41,14729.226721018209
385,PA16,42,15423.035629733056
385,PI1076,43,16086.895327159826
385,PI1077,44,16340.19038475609
385,PI346,45,16640.621077093085
385,PI911,46,17047.21911780232
385,PI68,47,17426.073741088436
385,PI69,48,17855.56567950213
385,PI70,49,18125.03234444082
385,PI71,50,18369.53276050088
385,PI72,51,18817.945461962743
385,PI1183,52,19400.829937699167
385,PI1184,53,19661.403886430984
385,PI1185,54,19913.614075433372
385,PI1186,55,20186.61993299991
385,PI1187,56,20501.227179393485
385,PI1188,57,20680.944673631086
385,PI1189,58,20929.663380667476
385,PI1266,59,21143.151450870697
385,PI1190,60,21299.1834223666
385,PI1191,61,21642.898274743944
385,PI1192,62,21957.841363172032
385,PI1193,63,22105.78734643517
385,PI1082,64,22302.614238125367
385,PI1083,65,22576.571152607456
385,PI1084,66,22980.502301283675
385,PI1194,67,23250.96033647307
385,PI1195,68,23493.480489864938
385,PI5,69,23807.88665935368
385,PI6,70,24058.60529436932
385,PI7,71,24271.513005577784
401,PC478,0,1707.8423917731197
401,PC479,1,1955.4954200544814
401,PC480,2,2236.3877265535957
401,PC481,3,2578.8652587425636
401,PC1058,4,2982.752068420799
401,PC1046,5,3253.6453781036403
401,PC455,6,3555.507983737585
401,PC1045,7,3746.31480760654
401,PC456,8,4054.19974909977
401,PC457,9,4323.641853150737
401,PC458,10,4656.063789877663
401,PC1137,11,4905.122436804284
401,PC131,12,5274.8349200965595
401,PC132,13,5441.086412244644
401,PC133,14,6084.239732928873
401,PC134,15,6311.308785791855
401,PC135,16,6472.202050351593
401,PC136,17,6819.189946793626
401,PC1105,18,7084.863090269941
401,PC175,19,7454.275754241072
401,PC176,20,7706.3990981800935
401,PC177,21,8082.2654496917885
401,PC178,22,8498.971338104946
401,PC179,23,8766.454405244383
401,PC180,24,8993.383141253535
401,PC181,25,9394.252255916328
401,PC182,26,9838.109622973967
401,PC183,27,10260.448496206669
401,PC184,28,10552.75965884532
401,PC1106,29,10928.271960631835
401,PC185,30,11202.190079963684
401,PC186,31,11478.543297048405
401,PC1016,32,11800.506369618797
401,PC187,33,12195.181738725287
401,PC188,34,12645.307337135866
401,PC189,35,12980.69244467592
401,PC21,36,13375.073055956133
401,PC191,37,13595.885274626648
401,PC192,38,13926.979726119465
401,PC193,39,14234.652215949876
401,PC194,40,14699.4605277113
401,PC195,41,15049.691709409586
401,PC196,42,15300.638434036782
401,PA343,43,15753.893773117446
401,PA41,44,16116.257788464649
401,PA344,45,16960.262114072877
401,PA345,46,17196.64338250857
401,PA184,47,17745.2742973535
401,PA346,48,18035.598116763587
401,PA347,49,18502.89122517851
401,PA348,50,18970.297111725824
401,PA349,51,19419.14228961323
401,PI403,52,20220.849789936306
401,PI404,53,20685.567048650748
401,PI405,54,21123.90930511916
401,PI471,55,21619.866702989097
401,PI406,56,22035.788077918172
401,PJ112,57,22819.0667735256
401,PI407,58,23590.602591382394
401,PI408,59,24000.388999981933
401c,PC478,0,1462.7282180845107
401c,PC479,1,1710.381207958526
401c,PC480,2,1991.2734926600347
401c,PC481,3,2333.7509629814895
401c,PC1058,4,2737.637926622742
401c,PC1046,5,3008.531176453026
401c,PC455,6,3310.393769654584
401c,PC1045,7,3501.2006436980105
401c,PC456,8,3809.085567394354
401c,PC457,9,4078.5276684309083
401c,PC458,10,4410.949612993677
401c,PC1137,11,4660.008260433092
401c,PC131,12,5029.720745094486
401c,PC132,13,5195.972238191562
401c,PC133,14,5839.125562448785
401c,PC134,15,6066.194602713712
401c,PC135,16,6227.087861798908
401c,PC136,17,6574.0757835173445
401c,PC1105,18,6839.748871434655
401c,PC175,19,7209.1615406413175
401c,PC176,20,7461.2848973163445
401c,PC177,21,7837.151284182802
401c,PC178,22,8253.85717757605
401c,PC179,23,8521.340277465055
401c,PC180,24,8748.269027973174
401c,PC181,25,9149.138128568993
401c,PC182,26,9592.995582109595
402,PJ176,0,6819.886179099249
402,PJ177,1,7113.23402480113
402,PJ178,2,7459.816359426141
402,PJ131,3,7644.082760349579
402,PJ179,4,7866.989697455155
402,PJ180,5,8236.710972863595
402,PJ133,6,8408.17908284005
402,PJ181,7,8790.616448886078
402,PJ135,8,9162.241591360347
402,PJ51,9,9604.928519964955
402,PJ52,10,9914.741862146862
402,PJ98,11,10400.913805365008
402,PA222,12,10741.723806560405
402,PA223,13,11131.983106173871
402,PA224,14,11395.190651391385
402,PA225,15,11690.213241218013
402,PA600,16,11954.100625328292
402,PA226,17,12107.674134638117
402,PA228,18,12471.752284229635
402,PA229,19,12603.754723412361
402,PA332,20,13156.477187366958
402,PA417,21,13720.23008380783
402,PA159,22,14220.372715101124
402,PA160,23,14507.508571089622
402,PA88,24,15206.544372504037
402,PA89,25,15422.527707779213
402,PA421,26,15518.62985175509
402,PA422,27,15759.284119507029
402,PA264,28,16266.66268563329
402,PA424,29,16737.941463882744
402,PA247,30,17044.811206153852
402,PA248,31,17448.891435037982
402,PA249,32,17704.883420826172
402,PA250,33,17807.881225922116
402,PA251,34,18198.22274737414
402,PA355,35,18497.688632033678
402,PJ137,36,18923.430601152755
402,PJ138,37,19143.651245499055
402,PJ139,38,19584.631310054636
402,PJ140,39,19920.969197915943
402,PJ141,40,20263.028992524873
402,PJ142,41,20596.44903143318
402,PJ143,42,20597.44903143318
402,PJ190,43,20598.44903143318
402,PJ145,44,21762.76724368561
402,PJ953,45,21763.76724368561
402,PJ146,46,21764.76724368561
402,PJ147,47,21765.76724368561
402,PJ148,48,21766.76724368561
403,PA78,0,0.0
403,PA230,1,179.21481563198083
403,PA231,2,549.4899898977914
403,PA668,3,1012.5616371353965
403,PA215,4,1567.2275867042022
403,PA167,5,1913.5036478646168
403,PA168,6,2528.745812103414
403,PA169,7,2965.3534098397354
403,PA342,8,3413.108282418416
403,PA171,9,3854.0519759237723
403,PA172,10,4215.094026645629
403,PA487,11,5154.029609763156
403,PD426,12,5458.056105783612
403,PD427,13,5608.975505260863
403,PD428,14,5840.295216122486
403,PD347,15,6167.883159204203
403,PD348,16,6514.98500970389
403,PD349,17,6763.827564888613
403,PD111,18,7155.154290085097
403,PD429,19,7386.668732881614
403,PD112,20,7569.697443851464
403,PD350,21,7944.256168846606
403,PD431,22,8178.896375666848
403,PD351,23,8467.158573437502
403,PD352,24,8764.977273116772
403,PD1370,25,8999.288200079654
403,PD353,26,9185.481551305309
403,PD354,27,9503.230833865564
403,PD355,28,9698.099033147886
403,PD356,29,9956.44696732883
403,PD432,30,10299.988905241842
403,PD433,31,10591.817032826819
403,PD434,32,10981.84793115373
403,PD220,33,11566.086755123953
403,PD435,34,11858.004688112676
403,PD436,35,12277.966507966376
403,PD437,36,12622.813747814573
403,PD438,37,12814.347883403263
403,PD1634,38,13215.822732963432
403,PD414,39,13437.59158713109
403,PD415,40,13618.819318822156
403,PD416,41,13843.273360885585
403,PD247,42,14033.923872442529
403,PD248,43,14281.24487888438
403,PD249,44,14556.901054135165
403,PD417,45,14868.803386379963
403,PD418,46,15328.604628253095
403,PD419,47,15702.395033110595
403,PD1017,48,16029.06363405781
403,PD420,49,16232.64299849402
403,PD1435,50,16613.25254536846
403,PD726,51,18098.752382494404
403,PD727,52,18397.539019086016
404,PI397,0,8719.798947196696
404,PI398,1,9212.182113996432
404,PI1632,2,9665.848667688986
404,PI470,3,10069.862795821027
404,PI438,4,10779.334988309047
404,PI448,5,11173.470359098254
404,PI340,6,11724.746788737248
404,PI439,7,11867.793951125777
404,PI342,8,12530.392404715774
404,PA368,9,12918.27692555039
404,PA163,10,13532.813571384668
404,PA164,11,13926.64586476445
404,PA668,12,14560.935654092193
404,PA28,13,14882.656494206916
404,PA350,14,15371.09684670442
404,PA156,15,16613.69166354538
404,PA114,16,16865.96925277894
404,PA159,17,17123.424719378436
404,PA160,18,17410.560959847786
404,PA161,19,17596.371346647848
404,PA158,20,18729.903516328115
404,PA89,21,19262.17329716195
404,PA820,22,19473.076863645467
404,PA821,23,19901.145528985235
404,PA345,24,20286.500237503733
404,PA365,25,20883.15244061525
404,PA366,26,21325.78308420496
404,PA348,27,22060.15329366067
404,PA349,28,22508.99855388685
404,PA367,29,22967.535306656402
404,PI344,30,23413.25790677138
404,PI404,31,23775.42407069062
404,PI449,32,24393.75201662568
404,PI450,33,24848.075639159368
404,PI458,34,25241.954672445707
404,PJ165,35,25937.67296963219
404,PI407,36,26680.460579399343
404,PI408,37,27090.247758391415
404c,PI397,0,5918.283346605947
404c,PI398,1,6410.666427321563
404c,PI437,2,7207.629953253724
405,PI397,0,11780.290543986755
405,PI398,1,12272.674482859647
405,PI1632,2,12726.341398170372
405,PI400,3,13192.013425134539
405,PI457,4,13709.218480247717
405,PI339,5,14151.686815774263
405,PI401,6,14582.210985636639
405,PI439,7,14928.284903503967
405,PI440,8,15478.00982280366
405,PI1813,9,15825.338888316986
405,PA657,10,16336.681914279667
405,PA369,11,16782.152480244742
405,PA370,12,17342.94119140892
405,PA338,13,18051.675057270455
405,PA350,14,18431.586949724726
405,PA371,15,19057.964525599542
405,PA341,16,19503.722737471307
405,PA372,17,19946.248774371703
405,PC1147,18,20350.810797415223
405,PC200,19,20849.702071923955
405,PC201,20,21159.705159765395
405,PC202,21,21665.491313054066
405,PC1,22,21952.401808982828
405,PC2,23,22385.527174123323
405,PC1319,24,22795.122867740658
405,PC204,25,22971.886814835845
405,PC205,26,23249.460077699754
405,PC1329,27,23755.099638238735
405,PC207,28,24365.98116124818
405,PC208,29,24666.267483604053
405,PC209,30,24810.705667321025
405,PC210,31,25276.15817232839
405,PC211,32,25883.684375262153
405,PC212,33,26152.712462588228
405,PC213,34,26462.814978962102
405,PC214,35,26824.62570598323
405c,PC263,0,30560.737818032474
405c,PC264,1,30561.737818032474
405c,PC265,2,30562.737818032474
405c,PC266,3,30563.737818032474
405c,PC267,4,30564.737818032474
405c,PC268,5,30565.737818032474
405c,PC269,6,30566.737818032474
405c,PC270,7,30567.737818032474
405c,PC271,8,30568.737818032474
405c,PC301,9,30568.809534906726
405c,PC190,10,30568.809534906726
405c,PC273,11,30568.809534906726
405c,PC274,12,30568.809534906726
405c,PC1192,13,30568.809534906726
405c,PC276,14,30568.809534906726
405c,PC277,15,30568.809534906726
405c,PA393,16,30568.809534906726
405c,PC1147,17,30568.809534906726
405c,PC200,18,30568.809534906726
405c,PC201,19,30568.809534906726
405c,PC202,20,30568.809534906726
405c,PC1,21,30568.809534906726
405c,PC2,22,30568.809534906726
405c,PC1319,23,30568.809534906726
405c,PC204,24,30568.809534906726
405c,PC205,25,30568.809534906726
405c,PC1329,26,30568.809534906726
405c,PC207,27,30568.809534906726
405c,PC208,28,30568.809534906726
405c,PC209,29,30568.809534906726
405c,PC210,30,30568.809534906726
405c,PC211,31,30568.809534906726
405c,PC212,32,30568.809534906726
405c,PC213,33,30568.809534906726
405c,PC214,34,30568.809534906726
406,PC298,0,4895.570087524427
406,PC299,1,5328.88093546549
406,PC300,2,5721.857659575854
406,PC177,3,6161.441339312
406,PC178,4,6578.147508125313
406,PC179,5,6845.632419046308
406,PC180,6,7072.5619713817
406,PC181,7,7473.430294036687
406,PC182,8,7917.292531393564
406,PC183,9,8339.625419607879
406,PC184,10,8631.936562908551
406,PC1106,11,9007.44882148693
406,PC185,12,9281.366719061982
406,PC186,13,9557.7207571481
406,PC1016,14,9879.678085338375
406,PC270,15,10180.779544276538
406,PC271,16,10522.603463515812
406,PC301,17,10817.447199571898
406,PC190,18,11371.863749396038
406,PC273,19,11887.890057069455
406,PC274,20,12209.14516299758
406,PC1192,21,12605.15767754428
406,PC276,22,13049.791202392184
406,PC277,23,13301.801342782275
406,PA373,24,13914.320904568198
406,PA42,25,14303.007547178246
406,PA374,26,15144.203610209248
406,PA375,27,15519.216256210606
406,PA376,28,15938.638514046303
406,PA377,29,16461.31328611623
406,PA187,30,16949.966043588633
406,PA186,31,17368.097770097753
406,PA378,32,18178.82108214255
406,PA4,33,18540.115679414994
406,PA5,34,19005.66455528313
406,PA547,35,19269.92435776918
406,PA8,36,19469.722867787706
406,PA725,37,19594.10078209826
406,PJ137,38,20030.56686245397
406,PJ138,39,20250.787672556384
406,PJ139,40,20691.76741673231
406,PJ140,41,21028.105576399983
406,PJ141,42,21370.165882301677
406,PJ142,43,21703.5838807848
406,PJ183,44,21950.91110574389
406,PJ143,45,22163.88114796309
406,PJ190,46,22408.28461408837
406,PJ145,47,22869.904529809617
406,PJ953,48,23181.859263288097
406,PJ146,49,23430.11071557584
406,PJ147,50,23696.054232920473
406,PJ148,51,24038.045346299234
406c,PC160,0,493.63108782732604
406c,PC161,1,937.0723485917927
406c,PC162,2,1114.6621679823206
406c,PC163,3,1369.6418600559484
406c,PC1066,4,1757.0241427125559
406c,PC165,5,2337.9122519205816
406c,PC278,6,2716.4636017482326
406c,PC279,7,2980.5523057740506
406c,PC280,8,3527.2568258773085
406c,PC298,9,22202.19728126716
406c,PC299,10,22203.19728126716
406c,PC300,11,24239.323955824864
406c,PC177,12,24678.908516234857
406c,PC178,13,25095.614472980815
406c,PC179,14,25096.614472980815
406c,PC180,15,25097.614472980815
406c,PC181,16,25098.614472980815
406c,PC182,17,25099.614472980815
407,PC478,0,1462.7282180845107
407,PC541,1,1617.3687765337866
407,PC311,2,1902.0404478426851
407,PC312,3,2113.3039779654005
407,PC313,4,2398.398465174464
407,PC314,5,2788.125000784409
407,PC315,6,3198.373788208371
407,PC316,7,3412.8738434614006
407,PC121,8,3811.7934935885482
407,PC122,9,4064.4604200531785
407,PC174,10,4296.925083273072
407,PC1105,11,4562.446216089005
407,PC175,12,4931.858885295668
407,PC176,13,5183.982241970695
407,PC177,14,5559.848628837152
407,PC178,15,5976.554522230402
407,PC179,16,6244.037622119408
407,PC180,17,6470.9663726275285
407,PC181,18,6871.835473223351
407,PC182,19,7315.692926763954
407,PC183,20,7738.031693716819
407,PC184,21,8030.3428560119555
407,PC1106,22,8405.855157031243
407,PC185,23,8679.773272423541
407,PC186,24,8956.126504088019
407,PC1016,25,9278.089474625162
407,PC270,26,9579.186016686665
407,PC271,27,9921.009502682195
407,PC301,28,10215.852808467675
407,PC190,29,10770.26697675855
407,PC273,30,11286.295114108241
407,PC274,31,11607.55006347724
407,PC1192,32,12003.561062394077
407,PC276,33,12448.193337228671
407,PC277,34,12700.205781149378
407,PA373,35,13312.72449687763
407,PA42,36,13701.412846205334
407,PA374,37,14542.609772572925
407,PA375,38,14917.621719537648
407,PA376,39,15337.04468179123
407,PA377,40,15859.719134158788
407,PA187,41,16348.370242710322
407,PA186,42,16766.502559159904
407,PA16,43,17460.31039673238
407,PI454,44,17872.949522963576
407,PI345,45,18289.893743354878
407,PI80,46,18709.909806881966
407,PI81,47,18882.65662788392
407,PI82,48,19119.80798880618
407,PI83,49,19403.049869379327
407,PI84,50,19649.91383046896
407,PJ1731,51,20407.718155073762
407,PJ189,52,20690.695544963597
407,PJ143,53,21171.92631303824
407,PJ190,54,21416.328485549475
407,PJ145,55,21877.950583543115
407,PJ953,56,22189.904344780483
407,PJ146,57,22438.156479909772
407,PJ147,58,22704.09992867136
407,PJ148,59,23046.09132215766
408,PA380,0,157.27201755481343
408,PA49,1,1188.912576388231
408,PA774,2,1467.784862884376
408,PB82,3,7563.274242725265
408,PB83,4,7814.362046445746
408,PB84,5,8080.161517501499
408,PB85,6,8316.317428281494
408,PB86,7,8562.598157439266
408,PB1709,8,8769.581871770642
408e,PA380,0,157.27201755481343
408e,PB82,1,6403.244065014875
408e,PB83,2,6654.331868735356
408e,PB84,3,6920.131339791108
408e,PB85,4,7156.287250571102
408e,PB86,5,7402.567979728875
408e,PB1709,6,7609.551694060251
409,PC338,0,12605.597502945724
409,PC339,1,12868.709756893992
409,PC340,2,13141.904279260714
409,PC341,3,13412.448015567215
409,PC342,4,13676.12139420927
409,PC343,5,14872.423155153507
409,PC344,6,15183.450415102956
409,PC345,7,15453.739787665545
409,PC346,8,15811.325545529628
409,PC347,9,16042.386397786917
409,PB668,10,16464.76492670741
409,PB669,11,16851.526093056887
409,PB670,12,17077.94891748227
409,PA354,13,17466.502351150488
410,PC349,0,146.0720660976057
410,PC273,1,803.9004373202364
410,PC274,2,1125.1553969774511
410,PC1192,3,1521.1664958999902
410,PC276,4,1965.7988534002375
410,PC277,5,2217.8111452179805
410,PC1081,6,2961.278244484219
410,PB1888,7,8787.943976793455
410,PB77,8,9142.30736291764
410,PB78,9,9374.751287683035
410,PB79,10,9629.68930737203
410,PB80,11,9952.659243614447
410,PB81,12,10220.192818860238
410,PB82,13,10617.828320253746
410,PB83,14,10868.917315964012
410,PB84,15,11134.716171882861
410,PB85,16,11370.872276492533
410,PB86,17,11617.15319109796
410,PB1709,18,11824.136917954429
410e,PC317,0,15657.108113905097
410e,PC318,1,15826.441645011395
410e,PC349,2,16250.588476403163
411,PC203,0,53.6989953780895
411,PC204,1,407.40859213985794
411,PC350,2,868.7717110482213
411,PC320,3,1281.0846967602206
411,PC322,4,5039.599862666931
412,PD1424,0,425.5543113555514
412,PD998,1,639.7229664848726
412,PD738,2,1166.1210564540972
412,PD1420,3,1663.225578294217
412,PD440,4,1931.6511826468206
412,PD1187,5,2202.3731440063434
412,PD1418,6,2431.4164678089246
412,PD1079,7,2605.0691844665384
412,PD296,8,2913.924022178836
412,PD297,9,3171.3464237966737
412,PD298,10,3352.3758457161507
412,PD780,11,3696.014967874508
412,PD781,12,3909.141732365353
412,PD782,13,4096.14917580176
412,PD1002,14,4581.847313809901
412,PD1254,15,4935.4932934725675
412,PD1255,16,5225.431739571356
412,PD1256,17,5432.24396005112
412,PD1257,18,5741.5322120637065
412,PD1258,19,6036.899564445585
412,PD1361,20,6238.524824088863
412,PD308,21,6623.737475517398
412,PD1259,22,6882.900875349357
412,PD1260,23,7132.0806411713675
412,PD1199,24,7580.940612838441
412,PD1200,25,7907.309762038668
412,PD1201,26,8119.372686159708
412,PD407,27,8259.57339945569
412,PD467,28,8740.097786306416
412,PD468,29,9205.338356852615
412,PC978,30,9524.1206364172
412,PC388,31,9838.851485074396
412,PC389,32,10118.32986177982
412,PC390,33,10387.271435550056
412,PC391,34,10632.294929749647
412,PC392,35,10896.493046561827
412,PC394,36,11278.770418728249
412,PC1016,37,11873.705111232206
412,PC187,38,12268.37703482322
412,PC188,39,12718.501889827843
412,PC189,40,13053.885274779765
412,PC190,41,13365.876783146916
412,PC191,42,13669.080120094826
412,PC192,43,14000.174605648997
412,PC193,44,14307.846443076744
412,PC194,45,14772.654531991031
412,PC195,46,15122.885293630281
412,PC196,47,15373.833006457735
412,PA373,48,15908.334561289668
412,PA42,49,16297.024131025657
412,PA385,50,16851.40425324754
412,PA183,51,17428.026503875844
412,PA365,52,17866.490436623455
412,PA185,53,18370.254532022107
412,PA187,54,18943.98073975857
412,PA186,55,19362.11347770378
412,PA16,56,20055.921799516982
412,PI454,57,20468.56131623937
412,PI345,58,20885.50565170754
412,PI449,59,21377.08988088504
412,PI450,60,21831.413769181952
412,PI458,61,22225.292627559575
412,PJ113,62,22825.20353671011
412,PI759,63,23721.615349814212
412,PI760,64,23982.975976185662
415e,PC322,0,22829.127463136992
415e,PC103,1,23874.925542046814
415e,PC104,2,24282.171749989793
415e,PC105,3,24616.452187276238
415e,PC373,4,24936.369101871216
417e,PJ49,0,21504.402905541017
417e,PC322,1,34486.25062490312
417e,PC103,2,35532.058607787905
417e,PC104,3,35939.30634864239
417e,PC105,4,36273.58476455582
417e,PC373,5,36593.49613205889
418,PE1517,0,229.9097625492288
418,PE1336,1,381.3756561276429
418,PE1387,2,598.8118283650915
418,PE1401,3,878.4315306152184
418,PE1337,4,1334.6054334543876
418,PE1338,5,1542.656499216328
418,PE1503,6,1613.2370721182326
418,PE824,7,2048.3327015324253
418,PE511,8,2364.390463107095
418,PE42,9,2641.0494798414015
418,PE37,10,3064.380330373871
418,PE39,11,3383.531804870207
418,PD1409,12,3588.9534901815628
418,PD618,13,3777.2452539819183
418,PD464,14,4101.962514552479
418,PD465,15,4506.09834269139
418,PD466,16,4803.999099550943
418,PD469,17,5314.114410475336
418,PD470,18,5617.779928841538
418,PD471,19,5932.766748252016
418,PD472,20,6256.630873580941
418,PD1400,21,6737.6911377021415
418,PD1401,22,7065.8942747700585
418,PD1399,23,7566.869277599555
418,PD1402,24,7766.992855728736
418,PD395,25,8637.463156926442
418,PD396,26,8908.576942794958
418,PD397,27,9127.90488418041
418,PD398,28,9568.062425757067
418,PD399,29,10037.100139452574
418,PD400,30,10258.98421502363
418,PD401,31,10514.568865602816
418,PD402,32,10958.000909563487
418,PD403,33,11247.58866659125
418,PD404,34,11599.929567239795
418,PD405,35,11843.672421424071
418,PD406,36,12378.948147872441
418,PD407,37,12837.39876314045
418,PD467,38,13317.9244688698
418,PD468,39,13783.167350478714
418,PC978,40,14101.948270433779
418,PC388,41,14416.677776430797
418,PC389,42,14696.15676580896
418,PC390,43,14965.101559944256
418,PC391,44,15210.123067205
418,PC392,45,15474.323106541488
418,PC394,46,15856.602647034315
418,PC1016,47,16451.531753253217
418,PC187,48,16846.19897692727
418,PC188,49,17296.322814744253
418,PC189,50,17631.703850614955
418,PC190,51,17943.695672216818
418,PC191,52,18246.901444242165
418,PC192,53,18577.99597557309
418,PC193,54,18885.666924214893
418,PC194,55,19350.474710691044
418,PC195,56,19700.70489582724
418,PC196,57,19951.653956914455
418,PA373,58,20486.153790037642
418,PA42,59,20874.844984293137
418,PA385,60,21429.22525593497
418,PA183,61,22005.8493348189
418,PA365,62,22444.312184187445
418,PA185,63,22948.07565613709
418,PA187,64,23521.800542755584
418,PA186,65,23939.933841317295
418,PA16,66,24633.742807321494
418,PI454,67,25046.38284366135
418,PI345,68,25463.32733234904
418,PI449,69,25954.91235014474
418,PI450,70,26409.234782605927
418,PI458,71,26803.114599136166
418,PJ113,72,27403.026707538695
418,PJ215,73,27927.10562208241
418,PI759,74,28272.21467811386
418,PI760,75,28533.576778289556
419,PI397,0,17047.062445845895
419,PI398,1,17539.446384718787
419,PI1632,2,17993.113300029512
419,PI470,3,18397.124678255306
419,PI438,4,19106.598433319563
419,PI448,5,19500.733563870497
419,PI340,6,20052.00952512978
419,PI439,7,20195.056805363118
419,PI342,8,20857.65540956251
419,PI1814,9,21154.04538679615
419,PA163,10,21860.07610097114
419,PA336,11,22159.957712329986
419,PA337,12,22715.159354586674
419,PA28,13,23209.919226324237
419,PA350,14,23698.35885158387
419,PA168,15,24404.380926275757
419,PA169,16,24840.986359101902
419,PA342,17,25288.74010577703
420,PD614,0,335.6737841494097
420,PD465,1,737.5141466714209
420,PD466,2,1035.4151183600893
420,PD469,3,1545.5302732192258
420,PD470,4,1849.1958462393488
420,PD471,5,2164.182646683476
420,PD472,6,2488.046765685397
420,PD1400,7,2969.106969818423
420,PD1401,8,3297.310107220108
420,PD1399,9,3798.285504795034
420,PD1402,10,3998.408890045187
420,PD1652,11,4486.567937989858
420,PD395,12,4868.879759781842
420,PD396,13,5139.992384214432
420,PD397,14,5359.320176998779
420,PD398,15,5799.4771777918395
420,PD399,16,6268.515453024717
420,PD400,17,6490.3993910986055
420,PD401,18,6745.983622440564
420,PD402,19,7189.415560858895
420,PD403,20,7479.0033464444305
420,PD404,21,7831.344220515463
420,PD405,22,8075.087091152498
420,PD406,23,8610.363127113185
420,PD407,24,9068.814292935009
420,PD182,25,9802.310989377564
420,PC52,26,10074.621423916573
420,PC53,27,10427.70809310497
420,PC54,28,10801.066082672369
420,PC55,29,11024.416663156682
420,PC56,30,11431.68097034185
420,PC1090,31,12002.240442729455
420,PC74,32,12701.741959760355
420,PC75,33,13129.1081449971
420,PC76,34,13566.857179715827
420,PC77,35,13783.56196766873
420,PC78,36,14140.562145441909
420,PC79,37,14428.808723446884
420,PC80,38,14743.82333075198
420,PD1375,39,14944.310005970929
420,PD183,40,15136.07171686933
420,PD184,41,15471.381135508971
420,PD357,42,15757.05928016583
420,PD358,43,15758.05928016583
420,PD359,44,15759.05928016583
420,PD360,45,15760.05928016583
420,PD361,46,15761.05928016583
420,PD362,47,15762.05928016583
420,PD363,48,15763.05928016583
420,PD364,49,15764.05928016583
420,PD365,50,15765.05928016583
420,PD1665,51,15766.05928016583
420,PD367,52,15767.05928016583
420,PD368,53,15768.05928016583
420,PD656,54,15769.05928016583
420,PD369,55,20061.094982509494
420,PD1412,56,20305.145116516658
420,PD370,57,20493.921800905355
420,PD371,58,20818.987403363542
420,PD372,59,21107.777752748934
420,PD373,60,21406.958047287902
420,PD374,61,21806.058855756564
420,PD460,62,23227.51104855867
420,PD1357,63,23228.51104855867
420,PD461,64,23229.51104855867
420,PD620,65,24302.61260462844
421,PC419,0,4860.35482178033
421,PC420,1,5012.214826569201
421,PC421,2,5298.978671189541
421,PC422,3,5471.966005952718
421,PC315,4,5804.909158038819
421,PC316,5,6019.409788734497
421,PC121,6,6418.328352713772
421,PC122,7,6670.995060917675
421,PC174,8,6903.459671889949
421,PC1105,9,7168.979905914719
421,PC175,10,7538.39271961655
421,PC176,11,7790.51642782457
421,PC177,12,8166.383790448245
421,PC178,13,8583.089821285314
421,PC179,14,8850.573825078725
421,PC180,15,9077.502975772168
421,PC181,16,9478.371688107374
421,PC182,17,9922.231528947612
421,PC183,18,10344.567362160766
421,PC184,19,10636.878514973496
421,PC1106,20,11012.390794812063
421,PC185,21,11286.308801485287
421,PC186,22,11562.662435598197
421,PC1016,23,11884.622589994686
421,PC187,24,12279.300518334254
421,PC188,25,12729.426667667072
421,PC189,26,13064.813054958086
421,PC21,27,13459.192577387292
421,PC191,28,13680.00438763758
421,PC192,29,14011.098813556691
421,PC193,30,14318.771788429138
421,PC194,31,14783.58026633319
421,PC195,32,15133.81175862948
421,PC196,33,15384.75774936519
421,PA343,34,15838.013061055599
421,PA41,35,16200.377247158793
421,PA344,36,17044.380760564323
421,PA345,37,17280.762445521763
421,PA184,38,17829.39379989472
421,PA346,39,18119.717255265397
421,PA347,40,18587.010232095134
421,PA348,41,19054.416574761013
421,PA349,42,19503.261703700326
421,PI403,43,20304.970126793294
421,PI404,44,20769.686012430248
421,PI405,45,21208.02776356749
421,PI471,46,21703.985556195625
421,PI406,47,22119.907059536028
421,PJ112,48,22903.18497471254
421,PI407,49,23674.720981414543
421,PI408,50,24084.506932162265
421c,PC419,0,4860.35482178033
421c,PC420,1,5012.214826569201
421c,PC421,2,5298.978671189541
421c,PC422,3,5471.966005952718
421c,PC171,4,5852.710018451377
421c,PC1020,5,6217.1053540322555
421c,PC1064,6,6804.129862071477
421c,PC138,7,7241.860268671192
421c,PC170,8,7477.896008865935
421c,PC396,9,7478.896008865935
421c,PC397,10,7479.896008865935
421c,PC398,11,7480.896008865935
422,PJ176,0,8696.29175281012
422,PJ177,1,8989.639594772005
422,PJ178,2,9336.222134299196
422,PJ131,3,9520.488522152704
422,PJ179,4,9743.395529828169
422,PJ180,5,10113.116675656293
422,PJ133,6,10284.584816672304
422,PJ181,7,10667.022288410582
422,PJ135,8,11038.647132136131
422,PJ51,9,11481.334275352432
422,PJ136,10,11877.60093563767
422,PJ53,11,12359.355990955248
422,PJ54,12,12661.360313471834
422,PA1,13,12908.54195172501
422,PA599,14,13196.788545674242
422,PA2,15,13930.798251247837
422,PA368,16,14281.156879012551
422,PA163,17,14895.693347737148
422,PA164,18,15289.52430476801
422,PA668,19,15923.812696853205
422,PA215,20,16478.478958213884
422,PA167,21,16824.754969647387
422,PA168,22,17439.99712977212
422,PA169,23,17876.604847666073
422,PA342,24,18324.359782562115
422,PA171,25,18765.303290191674
422,PA172,26,19126.3450090235
422,PA487,27,20065.28059242394
422,PD426,28,20369.307031957112
422,PD427,29,20520.226389371426
422,PD428,30,20751.54633715963
422,PD347,31,21079.134380739335
422,PD348,32,21426.23593299204
422,PD349,33,21675.078628643692
422,PD111,34,22066.405310292925
422,PD429,35,22297.919727894947
422,PD112,36,22480.948407729695
422,PD350,37,22855.507131969323
422,PD431,38,23090.14734207689
422,PD351,39,23378.409508776163
422,PD352,40,23676.22828014653
422,PD1370,41,23910.53923232251
422,PD353,42,24096.73256580004
422,PD354,43,24414.48185170087
422,PD355,44,24609.349763755217
422,PD356,45,24867.697884392004
422,PD432,46,25211.239811503456
422,PD433,47,25503.067814988535
422,PD434,48,25893.09890255012
422,PD220,49,26477.337934544656
422,PD435,50,26769.25583615414
422,PD436,51,27189.217619583244
422,PD437,52,27534.064868965048
422,PD438,53,27725.599014138654
422,PD1634,54,28127.073903782963
422,PD414,55,28348.84289066889
422,PD415,56,28530.070615202945
422,PD416,57,28754.524623372225
422,PD247,58,28945.17516949476
422,PD248,59,29192.495877489815
422,PD249,60,29468.15198218985
422,PD417,61,29780.054249087487
422,PD418,62,30239.8557396155
422,PD419,63,30613.646142832582
422,PD1017,64,30940.31477816606
422,PD420,65,31143.894113741728
422,PD1435,66,31524.503666818062
422,PD726,67,33010.00348280619
422,PD727,68,33308.79037468787
423,PI397,0,15347.076883327649
423,PI398,1,15839.46082220054
423,PI1632,2,16293.127737511266
423,PI470,3,16697.13911573706
423,PI438,4,17406.612870801317
423,PI448,5,17800.74800135225
423,PI340,6,18352.023962611533
423,PI439,7,18495.07124284487
423,PI342,8,19157.669847044264
423,PI1814,9,19454.059824277905
423,PA163,10,20160.090538452892
423,PA336,11,20459.97214981174
423,PA337,12,21015.173792068428
423,PA28,13,21509.93366380599
423,PA350,14,21998.373289065625
423,PA168,15,22704.39536375751
423,PA169,16,23141.000796583656
423,PA342,17,23588.754543258783
424,PA92,0,403.947903394687
424,PA344,1,946.3268231637302
424,PA183,2,1340.8954592918358
424,PA365,3,1779.3598586369278
424,PA366,4,2221.9912065606222
424,PA347,5,2488.9557341968107
424,PA348,6,2956.3613675766637
424,PA349,7,3405.2065726274373
424,PA367,8,3863.743888293785
424,PI454,9,4381.430833018982
424,PI345,10,4798.375102532871
424,PI449,11,5289.9589921041625
424,PI450,12,5744.283507327119
424,PI458,13,6138.161953104642
424,PJ165,14,6833.879442974279
424,PI407,15,7576.66744291138
424,PI408,16,7986.454105636546
425,PD381,0,0.0
425,PD280,1,501.21292147891336
425,PD973,2,663.0038221470537
425,PD974,3,1052.9853109558412
425,PD975,4,1405.493404384786
425,PD976,5,1634.7413096631908
425,PD891,6,1847.0585392458468
425,PD857,7,2039.8240101468814
425,PD858,8,2387.3287114835957
425,PD859,9,2569.5208843185023
425,PD392,10,2815.9851260182895
425,PD393,11,3038.265402956135
425,PD394,12,3454.5929326085284
425,PD1371,13,3641.505596935827
425,PD395,14,3927.468191064543
425,PD396,15,4198.578443208565
425,PD397,16,4417.905932498189
425,PD398,17,4858.061828892442
425,PD399,18,5327.1012509855245
425,PD400,19,5548.984908220757
425,PD401,20,5804.568283268276
425,PD402,21,6248.000006351013
425,PD403,22,6537.587850579104
425,PD404,23,6889.928670126883
425,PD405,24,7133.671574449151
425,PD406,25,7668.94824236542
425,PD407,26,8127.400532830913
425,PD181,27,8503.307536069442
425,PD182,28,8860.89758259134
425,PC52,29,9133.207687549213
425,PC53,30,9486.293036371782
425,PC54,31,9859.64943110118
425,PC55,32,10083.000168831972
425,PC56,33,10490.265504308285
425,PC57,34,11077.281275887994
425,PC58,35,11468.895752126109
425,PC59,36,11744.084175666623
425,PC60,37,12063.859907631257
425,PC61,38,12436.747171500663
426,PC298,0,8014.576892230439
426,PC299,1,8447.88713605835
426,PC300,2,8840.862907573508
426,PC177,3,9280.446173975863
426,PC178,4,9697.152442275845
426,PC179,5,9964.638007100246
426,PC180,6,10191.567848979259
426,PC181,7,10592.435890710281
426,PC182,8,11036.29985603698
426,PC183,9,11458.630620849783
426,PC184,10,11750.941757297667
426,PC1106,11,12126.45400054738
426,PC185,12,12400.37181948371
426,PC186,13,12676.726148828666
426,PC1016,14,12998.681439731221
426,PC270,15,13299.78467525699
426,PC271,16,13641.608749839823
426,PC301,17,13936.452641645557
426,PC190,18,14490.870052465874
426,PC273,19,15006.89569808223
426,PC274,20,15328.150860941769
426,PC1192,21,15724.163923480019
426,PC276,22,16168.797898796363
426,PC277,23,16420.807207200094
426,PA373,24,17033.327074721827
426,PA42,25,17422.01310125245
426,PA374,26,18263.20885181259
426,PA375,27,18638.221750175828
426,PA376,28,19057.64375372524
426,PA377,29,19580.318641219295
426,PA187,30,20068.971994189422
426,PA186,31,20487.103507604206
426,PA378,32,21297.824941443007
426,PA4,33,21659.119572129475
426,PA5,34,22124.668376989513
426,PA547,35,22388.9282682328
426,PA8,36,22588.726710291598
426,PA725,37,22713.104740218798
426,PJ137,38,23149.571170753527
426,PJ138,39,23369.79202808975
426,PJ139,40,23810.77168097142
426,PJ140,41,24147.10991809051
426,PJ141,42,24489.17036969812
426,PJ142,43,24822.58778616577
426,PJ183,44,25069.91500394289
426,PJ143,45,25282.886069211145
426,PJ190,46,25527.290002462167
426,PJ145,47,25988.909130190383
426,PJ953,48,26300.864214700287
426,PJ146,49,26549.115420426282
426,PJ147,50,26815.05896251409
426,PJ148,51,27157.049974761496
428,PI358,0,6484.526858028167
428,PI359,1,6948.428071817874
428,PI360,2,7357.1416549124115
429,PD381,0,0.0
429,PD280,1,501.21292147891336
429,PD973,2,663.0038221470537
429,PD974,3,1052.9853109558412
429,PD384,4,1214.694149598621
429,PD408,5,1616.634450710998
429,PD385,6,1911.9749409974063
429,PD386,7,2246.2196762211856
429,PD387,8,2578.326179409619
429,PD979,9,2995.7663361033533
429,PD388,10,3112.1610160057535
429,PD390,11,3570.0824226912723
429,PD391,12,3898.0598607655634
429,PD392,13,4362.971130693012
429,PD393,14,4585.251407630857
429,PD394,15,5001.57893728325
429,PD1371,16,5188.491601610548
429,PD395,17,5474.454195739265
429,PD396,18,5745.5644478832855
429,PD397,19,5964.89193717291
429,PD398,20,6405.047833567162
429,PD399,21,6874.087255660245
429,PD400,22,7095.970912895478
429,PD401,23,7351.554287942998
429,PD402,24,7794.986011025735
429,PD403,25,8084.573855253826
429,PD404,26,8436.914674801606
429,PD405,27,8680.657579123874
429,PD406,28,9215.93424704014
429,PD407,29,9674.386537505636
429,PD467,30,10154.911296771968
429,PD468,31,10620.152520178577
429,PC978,32,10938.934416061133
429,PC388,33,11253.664885276521
429,PC389,34,11533.14343501949
429,PC390,35,11802.085918428531
429,PC391,36,12047.108851361718
429,PC392,37,12311.307511249797
429,PC394,38,12693.585495756237
429,PC1107,39,13126.556082341747
429,PC1216,40,13423.125272471067
429,PC1227,41,13637.122342102435
429,PC1145,42,14156.226927884778
429c,PC340,0,17617.495551677534
429c,PC341,1,17888.039315980528
429c,PC1318,2,19017.82062960298
429c,PC153,3,19451.90585597348
429c,PC206,4,19898.18868719463
429c,PC155,5,20120.080286793567
430,PC298,0,8014.576892230439
430,PC299,1,8447.88713605835
430,PC300,2,8840.862907573508
430,PC177,3,9280.446173975863
430,PC178,4,9697.152442275845
430,PC179,5,9964.638007100246
430,PC180,6,10191.567848979259
430,PC181,7,10592.435890710281
430,PC182,8,11036.29985603698
430,PC183,9,11458.630620849783
430,PC184,10,11750.941757297667
430,PC1106,11,12126.45400054738
430,PC185,12,12400.37181948371
430,PC186,13,12676.726148828666
430,PC1216,14,13133.292241839708
430,PC1227,15,13347.279087992936
430,PC1145,16,13866.3905703129
431c,PI397,0,13371.402375087939
431c,PI398,1,13863.78631396083
431c,PI1632,2,14317.453229271556
431c,PI437,3,14660.747034167636
431c,PI457,4,15300.3303113489
431c,PI1793,5,15993.259515374748
431c,PI1841,6,16464.75991135388
432N,PD1215,0,34.89109365177182
432N,PD1424,1,272.24221275641383
432N,PD998,2,486.410763554388
432N,PD738,3,1012.8088938302984
432N,PD1420,4,1509.9134406680234
432N,PD440,5,1778.33904279095
432N,PD1187,6,2049.061002680068
432N,PD1418,7,2278.1043338264108
432N,PD1079,8,2451.7570527787766
432N,PD296,9,2760.6118555520306
432N,PD297,10,3018.034255242394
432N,PD298,11,3199.0636756971785
432N,PD780,12,3542.702605331259
432N,PD781,13,3755.829396504614
432N,PD782,14,3942.8369158222836
432N,PD1002,15,4428.534980711094
432N,PD1254,16,4782.18115937644
432N,PD1255,17,5072.119605943268
432N,PD1256,18,5278.931823061848
432N,PD1257,19,5588.220075439444
432N,PD1258,20,5883.587431686112
432N,PD1361,21,6085.212686952091
432N,PD308,22,6470.425343954212
432N,PD1259,23,6729.588738587129
432N,PD1260,24,6978.768502186338
432N,PD1199,25,7427.628479183643
432N,PD1200,26,7753.99762443515
432N,PD1201,27,7966.060553291912
432N,PD407,28,8106.261273248903
432N,PD467,29,8586.785694654911
432N,PD468,30,9052.026325787256
432N,PC978,31,9370.80856975927
432N,PC388,32,9685.539383199686
432N,PC389,33,9965.01777596154
432N,PC390,34,10233.959434143802
432N,PC391,35,10478.982876258175
432N,PC392,36,10743.181043467514
432N,PC394,37,11125.458472451955
432N,PC1016,38,11720.393018519932
432N,PC187,39,12115.06481891581
432N,PC188,40,12565.18964730325
432N,PC189,41,12900.572970671372
432N,PC21,42,13294.955100581603
432N,PC191,43,13515.76788803766
432N,PC192,44,13846.862374802276
432N,PC193,45,14154.534188915846
432N,PC194,46,14619.342269879555
432N,PC195,47,14969.573016458962
432N,PC196,48,15220.520764622936
432N,PA343,49,15673.776141696468
432N,PA41,50,16036.139920208894
432N,PA344,51,16880.145377591554
432N,PA345,52,17116.526064807036
432N,PA184,53,17665.15636638996
432N,PA346,54,17955.480693753307
432N,PA347,55,18422.7739857735
432N,PA348,56,18890.179235962274
432N,PA349,57,19339.024482121244
432N,PI403,58,20140.730695507977
432N,PI404,59,20605.449869447246
432N,PI405,60,21043.79283105554
432N,PI471,61,21539.74967810721
432N,PI406,62,21955.670873833296
432N,PJ112,63,22738.950658446374
432N,PI407,64,23510.486213055367
432N,PI408,65,23920.273260416732
444,PI358,0,6484.526858028167
444,PI359,1,6948.428071817874
444,PI360,2,7357.1416549124115
445c,PA668,0,415.0842789309797
445c,PA338,1,845.3349245612892
445c,PA350,2,1225.2477941552174
445c,PA371,3,1851.6250994736079
445c,PA341,4,2297.3840072724684
445c,PA372,5,2739.9119923673684
445c,PC1147,6,3144.4740785139966
445c,PC200,7,3643.3616881079024
445c,PC201,8,3953.366290876911
445c,PC202,9,4459.152269532749
445c,PC1,10,4746.06228341907
445c,PC2,11,5179.189190674022
445c,PC1319,12,5588.780803011347
445c,PC204,13,5765.548945808318
445c,PC205,14,6043.121069880486
445c,PC1329,15,6548.7604305865625
445c,PC207,16,7164.498631531764
445c,PC208,17,7438.923534329944
445c,PC209,18,7583.364055602684
445c,PC210,19,8048.815422896846
445c,PC211,20,8656.345097790694
445c,PC212,21,8925.370025750293
445c,PC213,22,9235.473421263321
445c,PC214,23,9597.28156911615
481,PA343,0,848.4338903860352
481,PA41,1,1210.797847454021
481,PA344,2,2054.80245099476
481,PA345,3,2291.183576786888
481,PA184,4,2839.8143411173537
481,PA346,5,3130.1382851933686
481,PA347,6,3597.4314386704887
481,PA348,7,4064.837169028548
481,PA349,8,4513.682363675231
481,PA367,9,4972.219785473052
481,PI344,10,5417.941258150779
481,PI404,11,5780.107276916889
481,PI449,12,6398.434586453642
481,PI471,13,6714.406969126365
481,PI1801,14,6993.443935598138
481,PI1079,15,7259.439496795387
481,PI1080,16,7496.347603647256
481,PI1081,17,7739.3420321206695
481,PJ18,18,8042.892620674825
481,PI1,19,8479.148126867023
481,PI1489,20,8885.294702839876
481,PI3,21,9247.347065552269
481,PI4,22,9467.559853993074
481,PI5,23,9796.913006020408
481,PI6,24,10047.63130544372
481,PI7,25,10260.53831967035
481,PI18,26,13716.230862886257
481,PI19,27,13938.469285442916
481,PI20,28,14220.368336100266
481,PI21,29,14573.265301567913
481,PI1321,30,14937.394123812232
481,PI1323,31,15205.938623675554
481,PI24,32,15439.156661399345
481,PI25,33,15626.59203669452
501,PC453,0,506.2955818754821
501,PC1046,1,796.3085257392536
501,PC455,2,1098.171118940811
501,PC1045,3,1288.977992984237
501,PC456,4,1596.8629166805813
501,PC457,5,1866.305017717135
501,PC458,6,2198.726962279904
501,PC459,7,2565.1533920355355
501,PC127,8,2815.1073553874676
501,PC128,9,3146.2511547876206
501,PC482,10,3368.8968718653946
501,PC483,11,3671.6325399696093
501,PC484,12,4152.247773431776
501,PC112,13,4595.776749465302
501,PC485,14,5008.875524253745
501,PC486,15,5404.235549953501
501,PC487,16,5632.797207418479
501,PC488,17,6079.507109449124
501,PC489,18,6502.368786481109
501,PC490,19,6795.42189107765
501,PC491,20,7143.785907965022
501,PC492,21,7385.1541761964945
501,PC493,22,7650.45857413958
501,PC494,23,8021.866919264066
501,PC495,24,8363.234819122023
501,PC496,25,8773.502266536467
501,PC497,26,9046.354707071132
501,PC498,27,9313.741316969077
501,PC499,28,9597.656485554564
501,PC500,29,9969.352155725412
501,PC501,30,10118.125286057848
501,PC502,31,10413.07734680359
501,PC503,32,10784.899718338374
502,PJ273,0,5557.494957015792
502,PJ274,1,6001.964415027399
502,PJ275,2,6341.498642181748
502,PJ276,3,6753.478550850136
502,PJ277,4,7026.495871950044
502,PJ278,5,7306.740289645633
502,PJ279,6,7731.736695747709
502,PJ281,7,8015.811286662414
502,PJ282,8,8298.228201099115
502,PJ283,9,8469.809344516889
502,PJ284,10,8656.467683178676
502,PJ285,11,9058.170280461534
502,PJ286,12,9389.886015069458
502,PJ287,13,9677.173816332135
502,PA387,14,9992.62263991374
502,PA388,15,10273.70035405381
502,PA405,16,10654.369265047299
502,PA390,17,10845.954128692065
502,PA391,18,11111.70270567628
502,PA226,19,11676.42407533746
502,PA352,20,12078.43284031306
502,PA299,21,12369.40962140869
502,PA300,22,12725.195144444746
502,PA353,23,13283.338838889935
502,PA409,24,13887.00308785009
502,PA410,25,14258.751365607874
502,PA411,26,14601.554921312358
502,PC505,27,15085.794361853175
502,PC506,28,15313.850885674181
502,PC507,29,15666.177802548142
502,PC508,30,15989.15440239404
502,PC317,31,17113.255419029898
502,PC318,32,17282.589122020967
502,PC319,33,17647.350085431524
502,PC320,34,17893.281827648665
502,PC211,35,19785.83938757158
502,PC212,36,20054.863321138953
502,PC213,37,20364.966993357113
502,PC214,38,20726.77432877214
502c,PJ273,0,4957.424191352211
502c,PJ274,1,5401.893676115086
502c,PJ275,2,5741.4278572282365
502c,PJ276,3,6153.407750877773
502c,PJ277,4,6426.425117253665
502c,PJ278,5,6706.669500307231
502c,PJ279,6,7131.665885415849
502c,PJ281,7,7415.740457763344
502c,PJ282,8,7698.1577202929875
502c,PJ283,9,7869.7388743258125
502c,PJ284,10,8056.397120973946
502c,PJ285,11,8458.099338188056
502c,PJ286,12,8789.815373980513
502c,PJ287,13,9077.103161924628
502c,PA387,14,9392.552206303653
502c,PA388,15,9673.629873975498
502c,PA405,16,10054.298803934296
502c,PA390,17,10245.88359465531
502c,PA391,18,10511.63216740284
502c,PA392,19,10767.151178251283
502c,PA352,20,11430.314784700127
502c,PA299,21,11721.291435936715
502c,PA300,22,12077.077101643044
502c,PA353,23,12635.220387063617
502c,PA409,24,13238.884763753933
502c,PA410,25,13610.633036294956
502c,PA411,26,13953.436738073739
502c,PC505,27,14437.67671948478
502c,PC506,28,14665.733365879532
502c,PC507,29,15018.060408535837
502c,PC508,30,15341.036761199786
502c,PC317,31,16465.137750874703
502c,PC318,32,16634.471406843117
502c,PC1225,33,17090.829491673037
503,PJ332,0,7686.040673272701
503,PJ397,1,7751.664940449539
503,PJ398,2,8118.5248775912505
503,PJ334,3,8325.914758430174
503,PJ335,4,8537.304200346769
503,PJ400,5,8839.900020560106
503,PJ337,6,9087.438010617085
503,PJ338,7,9408.13071084173
503,PJ1775,8,9603.545499510885
503,PJ403,9,9850.716524510817
503,PJ285,10,10339.419122525405
503,PJ286,11,10671.13380132257
503,PJ287,12,10958.421649277085
503,PA387,13,11273.869698825401
503,PA388,14,11554.947575863871
503,PA405,15,11935.61642037246
503,PA390,16,12127.201539661006
503,PA391,17,12392.950131498723
503,PA392,18,12648.469422919205
503,PA352,19,13311.63280653539
503,PA299,20,13602.610042627792
503,PA300,21,13958.395065747281
503,PA353,22,14516.540194047046
503,PA409,23,15120.203995232749
503,PA410,24,15491.952291283953
503,PA698,25,15688.315648659998
503,PA383,26,16131.5724627252
503,PC147,27,16692.379410734386
503,PC148,28,16973.231733114084
503,PC149,29,17265.266400687124
503,PC202,30,17672.79878715847
503,PC151,31,18136.893127354142
503,PC2,32,18392.83573057647
503,PC1319,33,18802.42725723332
503,PC204,34,18979.19548810631
503,PC205,35,19256.76758825799
503,PC1329,36,19762.406944716615
503,PC738,37,20154.17282495346
503,PC379,38,20453.409314868957
503,PC380,39,20804.495789407694
503,PC510,40,21412.157675046827
503,PC511,41,21661.515063400897
503,PC512,42,21902.3123155108
503,PC513,43,22137.86209159928
503,PC514,44,22311.440642686855
503,PC515,45,22506.12983148587
503,PC516,46,22894.824433126265
503,PC517,47,23501.49566498725
503,PC518,48,23808.642887953287
503,PC519,49,24128.82871436416
503,PC520,50,24549.782958515618
503,PC521,51,24738.188935517035
503,PC522,52,24896.10913302559
503,PC1124,53,25253.32150689549
503,PC1109,54,25413.46423200532
503,PC523,55,25621.355270297165
503,PC524,56,25814.151678007765
503,PC525,57,26007.324925645324
503,PC526,58,26177.85836558143
503,PC527,59,26353.913840473186
503,PC528,60,26575.43071911559
503,PC1143,61,26804.584586732763
503,PC529,62,26986.869219053126
503,PC306,63,27275.525029828983
504,PC478,0,1462.7282180845107
504,PC479,1,1710.381207958526
504,PC480,2,1991.2734926600347
504,PC481,3,2333.7509629814895
504,PC1058,4,2737.637926622742
504,PC1046,5,3008.531176453026
504,PC455,6,3310.393769654584
504,PC1045,7,3501.2006436980105
504,PC456,8,3809.085567394354
504,PC457,9,4078.5276684309083
504,PC458,10,4410.949612993677
504,PC459,11,4777.376042749309
504,PC127,12,5027.330006101242
504,PC128,13,5358.473805501397
504,PC482,14,5581.119522579172
504,PC483,15,5883.855190683385
504,PC484,16,6364.47042414555
504,PC112,17,6807.9994001790765
504,PC485,18,7221.09817496752
504,PC486,19,7616.458200667275
504,PC487,20,7845.019858132254
504,PC488,21,8291.7297601629
504,PC489,22,8714.591437194884
504,PC490,23,9007.644541791424
504,PC491,24,9356.008558678795
504,PC492,25,9597.37682691027
504,PC493,26,9862.681224853355
504,PC494,27,10234.089569977841
504,PC495,28,10575.4574698358
504,PC496,29,10985.724917250243
504,PC497,30,11258.577357784909
504,PC498,31,11525.963967682854
504,PC499,32,11809.87913626834
504,PC500,33,12181.574806439188
504,PC501,34,12330.347936771625
504,PC502,35,12625.299997517366
504,PC559,36,12789.37664017904
504,PC560,37,13008.377603212004
504,PC561,38,13286.105838588735
504,PA393,39,13863.95571264331
504,PA395,40,14552.075400559754
504,PA260,41,14821.70960702423
504,PA421,42,15174.367362510151
504,PA422,43,15415.02148249552
504,PA264,44,15922.40013278917
504,PA424,45,16393.67909511232
504,PA425,46,16686.088164551256
504,PA426,47,17103.260283986492
504,PA412,48,17465.654046553434
504,PA413,49,17667.440398756105
504,PA414,50,17939.848158655386
504,PA415,51,18241.423636248976
504,PA416,52,18537.700417453143
504,PJ344,53,18751.680010791486
504,PJ345,54,19256.27337612943
504,PJ346,55,19630.808816602606
504,PJ347,56,19919.837556930954
504,PJ404,57,20085.979182417886
504,PJ348,58,20281.238687853274
504,PJ405,59,20629.1849465146
504,PJ406,60,20945.566059353627
504,PJ351,61,21155.597399352966
504,PJ352,62,21438.07508096669
504,PJ353,63,21681.72980143425
504,PJ354,64,22045.448444436875
505,PD1215,0,188.2032695869401
505,PD1424,1,425.5543113555514
505,PD998,2,639.7229664848726
505,PD798,3,2537.8563625852653
505,PD504,4,2808.505256068042
505,PD505,5,3049.923118582593
505,PD506,6,3316.6441616396687
505,PD507,7,3485.424755425842
505,PD508,8,3738.130135972866
505,PD509,9,3882.642352109474
505,PD510,10,4266.227014665469
505,PD511,11,4666.869228864057
505,PD512,12,4912.967976679171
505,PD513,13,5074.340558567876
505,PD514,14,5470.043748943878
505,PD515,15,5758.546405290517
505,PD576,16,6242.321463309559
505,PD577,17,6729.127917376057
505,PD1350,18,6973.3104306147
505,PD1349,19,7374.802157359879
505,PD1351,20,7680.552285854517
505,PD219,21,8086.049877526082
505,PD220,22,8493.166961139837
505,PD518,23,9228.673413159302
505,PD452,24,9558.045158064906
505,PD313,25,10080.415072643675
505,PD314,26,10353.235701934876
505,PD315,27,10603.751659616359
505,PD316,28,10883.440237869245
505,PD317,29,11286.773925857387
505,PD318,30,11775.523145242232
505,PD319,31,12146.12793974538
505,PD320,32,12521.47341053722
505,PD321,33,12784.110786161482
505,PD322,34,13154.805776948602
505,PD323,35,13500.285862661645
505,PD324,36,13751.633034364313
505,PD519,37,13903.652558337375
505,PD520,38,14136.789929277775
505,PD521,39,14402.435295352967
505,PC575,40,14649.363210460524
505,PC576,41,14995.530356474605
505,PC577,42,15339.975816602084
505,PC578,43,15690.956866969012
505,PC579,44,16018.119992779593
505,PC195,45,16380.229434935653
505,PC196,46,16631.177147763105
505,PA393,47,17057.488720178888
505,PA395,48,17745.610276187137
505,PA260,49,18015.242808162337
505,PA421,50,18367.90066217982
505,PA422,51,18608.55517797551
505,PA264,52,19115.93360281582
505,PA424,53,19587.212072077273
505,PA431,54,20005.527235832353
505,PA248,55,20298.162218961654
505,PA249,56,20554.15413538958
505,PA250,57,20657.152003420946
505,PA251,58,21047.49354688315
505,PA355,59,21346.959415410223
505,PJ344,60,21974.22602832202
505,PJ289,61,22390.41386794419
505,PJ290,62,22746.33529346031
505,PJ291,63,23220.483774093318
505,PJ456,64,23759.648503374763
505,PJ457,65,24161.419964127177
505,PJ458,66,24561.31916819843
505,PJ459,67,24941.817195457726
505,PJ460,68,25272.669256152967
505,PJ1812,69,25607.815792347938
505,PJ461,70,25794.914489096325
505,PJ462,71,26128.901385368026
505,PJ463,72,26393.867228608975
505,PJ1747,73,26751.308614071702
505,PJ464,74,26966.925771110058
505,PJ465,75,27197.99937179714
505c,PD1215,0,188.2032695869401
505c,PD1424,1,425.5543113555514
505c,PD998,2,639.7229664848726
505c,PD798,3,2543.457187066241
505c,PD504,4,2814.106080549018
505c,PD505,5,3055.523943063569
505c,PD506,6,3322.2449861206446
505c,PD507,7,3491.0255799068177
505c,PD508,8,3743.730960453842
505c,PD509,9,3888.2431765904494
505c,PD510,10,4271.827839146445
505c,PD511,11,4672.470053345032
505c,PD512,12,4918.568801160147
505c,PD513,13,5079.941383048851
505c,PD514,14,5475.644573424854
505c,PD515,15,5764.147229771493
505c,PD576,16,6247.922287790534
505c,PD577,17,6734.728741857032
505c,PD1350,18,6978.911255095675
505c,PD1349,19,7380.402981840854
505c,PD1351,20,7686.153110335493
505c,PD219,21,8091.650702007057
505c,PD220,22,8498.767785620812
505c,PD518,23,9234.274237640277
505c,PD452,24,9563.64598254588
505c,PD313,25,10086.01589712465
505c,PD314,26,10358.836526415851
505c,PD315,27,10609.352484097333
505c,PD316,28,10889.04106235022
505c,PD317,29,11292.374750338362
505c,PD318,30,11781.123969723207
505c,PD319,31,12151.728764226355
505c,PD320,32,12527.074235018195
505c,PD321,33,12789.711610642456
505c,PD322,34,13160.406601429577
505c,PD323,35,13505.88668714262
505c,PD324,36,13757.233858845288
505c,PD519,37,13909.25338281835
505c,PD520,38,14142.39075375875
505c,PD521,39,14408.036119833941
505c,PC575,40,14654.964034941499
505c,PC576,41,15001.13118095558
505c,PC577,42,15345.576641083058
505c,PC578,43,15696.557691449987
505c,PC201,44,16104.429259444518
505c,PC569,45,16536.00818872095
505c,PC570,46,16974.467054958062
505c,PC571,47,17331.288444359092
505c,PC572,48,17580.630337766095
505c,PC573,49,17891.421256767848
505c,PC574,50,18145.223787031337
505c,PD500,51,18366.720977904675
505c,PD501,52,18798.571333712192
505c,PD111,53,19343.653979676496
505c,PD429,54,19575.168566225853
505c,PD112,55,19758.197454852878
505c,PD350,56,20132.756184151982
505c,PD351,57,20655.658747273577
505c,PD352,58,20953.477037903416
505c,PD1370,59,21187.787820997935
505c,PD353,60,21373.98127349253
505c,PD354,61,21691.730536992472
505c,PD355,62,21886.600374774553
505c,PD356,63,22144.94724543003
505c,PD432,64,22488.489244974196
505c,PD433,65,22780.31808056107
505c,PD434,66,23170.34789925718
505c,PD188,67,23482.62406742284
505c,PD189,68,24245.515726923262
505c,PD571,69,25285.623517128966
505c,PI1272,70,25286.623517128966
505c,PD486,71,25287.623517128966
505c,PD1366,72,26474.288184191006
505c,PD1367,73,26739.68767149605
505c,PD1365,74,26964.78736587969
505c,PD1371,75,27254.10860450512
505c,PD491,76,27255.10860450512
505c,PD492,77,27256.10860450512
505c,PD493,78,27257.10860450512
505c,PD494,79,27258.10860450512
505c,PD495,80,27259.10860450512
505c,PD496,81,27260.10860450512
505c,PD497,82,27261.10860450512
505c,PD793,83,27262.10860450512
506,PD545,0,1347.4144448643215
506,PD548,1,1722.9252858223429
506,PD547,2,2064.600422933751
506,PD1359,3,2395.0600635354826
506,PD549,4,2830.316378621518
506,PD550,5,3263.328540857162
506,PD574,6,3783.841917762051
506,PD575,7,4262.5942143545035
506,PD576,8,4819.822778088557
506,PD577,9,5306.629456159935
506,PD553,10,5649.380122016577
506,PD578,11,6138.586889884817
506,PD579,12,6971.530824836017
506,PD559,13,7714.164469011201
506,PD581,14,8245.747663066946
506,PD582,15,8708.797630097924
506,PD583,16,9162.609655650887
506,PD584,17,9609.828318966524
506,PD585,18,10177.614285486126
506,PD564,19,10933.942575892192
506,PA443,20,11407.97682048879
506,PA444,21,11748.296305337692
506,PA445,22,12007.20156864232
506,PA446,23,12349.131316008008
506,PA447,24,12620.856332252706
506,PA448,25,12908.121359240826
506,PA449,26,13154.623936359074
506,PA450,27,13667.011155206032
506,PA451,28,14488.43722996905
506,PA452,29,14717.94244053357
506,PA453,30,15128.888786171785
506,PA278,31,15626.833525670265
506,PI547,32,16694.330279034006
506,PI1182,33,16953.524004571715
506,PI548,34,17189.961701237513
506,PI549,35,17549.486719367174
506,PI550,36,17748.543679800896
506,PI551,37,18037.21548113835
506,PI552,38,18442.906126392372
506,PI553,39,18621.961855987483
506,PI3,40,19069.917903361897
506,PI4,41,19290.130880916346
506,PI5,42,19619.484030492735
506,PI6,43,19870.202543962365
506,PI7,44,20083.110002558744
506e,PI40,0,13707.420115210152
506e,PI44,1,14814.829337012086
506e,PI542,2,15652.858134883552
506e,PI545,3,16514.733510823193
506e,PA289,4,18116.372549208205
506e,PA433,5,18890.66523148987
506e,PA435,6,19952.799094586582
506e,PA658,7,20643.214249735014
506e,PA439,8,21209.7888146524
506e,PD524,9,22615.089227261647
506e,PD644,10,23883.676930932237
506e,PD115,11,24790.358840944125
506e,PD590,12,25956.55989508232
506e,PD535,13,27958.212994710455
506e,PD572,14,29169.0323069499
506e,PD1322,15,29892.387239727574
506e,PD537,16,30204.484573736685
506e,PD1323,17,31048.25753267863
506e,PD539,18,31304.647665862038
506e,PD540,19,31756.572416255327
506e,PD541,20,32190.328161452533
506v,PD545,0,663.7624807738345
506v,PD548,1,1039.273258127542
506v,PD547,2,1380.9483983211044
506v,PD1359,3,1711.40804218404
506v,PD549,4,2146.664407089697
506v,PD550,5,2579.6765206764617
506v,PD574,6,3100.1898954263224
506v,PD575,7,3578.94218611911
506v,PD576,8,4136.170815944546
506v,PD577,9,4622.977428907859
506v,PD553,10,4965.728113101133
506v,PD578,11,5454.934813914776
506v,PD579,12,6287.878851574313
506v,PD559,13,7030.5125343047175
506v,PD581,14,7562.095486203034
506v,PD582,15,8025.14563860379
506v,PD583,16,8478.957693352613
506v,PD584,17,8926.176350686443
506v,PD585,18,9493.962191841327
506v,PD564,19,10250.290772311042
506v,PA443,20,10724.325042716664
506v,PA444,21,11064.64452222932
506v,PA445,22,11323.549879571448
506v,PA446,23,11665.47958338068
506v,PA447,24,11937.20459211523
506v,PA448,25,12224.469608191483
506v,PA449,26,12470.972103127095
506v,PA450,27,12983.359303559868
506v,PA451,28,13804.785395360299
506v,PA452,29,14034.290627296425
506v,PA453,30,14445.237086879908
506v,PA278,31,14943.181650216271
506v,PI547,32,16010.678880535843
506v,PI1182,33,16269.872071275908
506v,PI548,34,16506.30980661043
506v,PI549,35,16865.83495324424
506v,PI550,36,17064.891986160343
506v,PI551,37,17353.56374141817
506v,PI552,38,17759.25438032509
506v,PI553,39,17938.31012533154
506v,PI3,40,18386.266289536074
506v,PI4,41,18606.479244440463
506v,PI5,42,18935.832394323184
506v,PI6,43,19186.5508821508
506v,PI7,44,19399.45828747831
507,PJ332,0,9518.419531091158
507,PJ397,1,9584.043850436092
507,PJ398,2,9950.904067008994
507,PJ334,3,10158.294014971429
507,PJ335,4,10369.68351747896
507,PJ400,5,10672.279295575656
507,PJ337,6,10919.817300296028
507,PJ338,7,11240.510020404952
507,PJ1775,8,11435.924720716514
507,PJ403,9,11683.095669429227
507,PJ341,10,12288.54921010177
507,PJ342,11,12587.326441700121
507,PJ343,12,12902.314041219743
507,PJ1757,13,13211.833683554923
507,PJ54,14,13479.826804696411
507,PA1,15,13727.008442949587
507,PA599,16,14015.25503689882
507,PA2,17,14749.264742472415
507,PA368,18,15099.623370237128
507,PA335,19,15580.430543919647
507,PA455,20,15816.301906183317
507,PA456,21,16174.837680832507
507,PA457,22,16431.111983269435
507,PA458,23,16672.897065691293
507,PA433,24,17170.13750390723
507,PA434,25,17464.622001590713
507,PA435,26,18232.270893162153
507,PA436,27,18703.063369504966
507,PA658,28,18922.687127222336
507,PA438,29,19312.28475890581
507,PA439,30,19489.2631186568
507,PA440,31,19861.88985893826
507,PA666,32,20101.700805615626
507,PA442,33,20452.34148702287
507,PD524,34,20894.56458049358
507,PD525,35,21518.491440973645
507,PD644,36,22163.146816897057
507,PD589,37,22644.79860171005
507,PD115,38,23069.828818193015
507,PD116,39,23605.70766043752
507,PD590,40,24236.030241153843
507,PD592,41,24989.755378220398
507,PD645,42,25636.66520498692
507,PD535,43,26237.680336600744
507,PD571,44,26913.302230192392
507,PD572,45,27448.50198639651
507,PD573,46,27945.457816995677
507,PD1322,47,28171.85817227077
507,PD537,48,28483.95399328866
507,PD538,49,28940.935981714072
507,PD1323,50,29327.726838563485
507,PD539,51,29584.11655205331
507,PD540,52,30036.04203420592
507,PD541,53,30469.79793827216
507c,PD545,0,1347.4144448643215
507c,PD548,1,1722.9252858223429
507c,PD547,2,2064.600422933751
507c,PD1359,3,2395.0600635354826
507c,PD549,4,2830.316378621518
507c,PD550,5,3263.328540857162
507c,PD574,6,3783.841917762051
507c,PD575,7,4262.5942143545035
507c,PD576,8,4819.822778088557
507c,PD577,9,5306.629456159935
507c,PD553,10,5649.380122016577
507c,PD578,11,6138.586889884817
507c,PD579,12,6971.530824836017
507c,PD559,13,7714.164469011201
507c,PD581,14,8245.747663066946
507c,PD582,15,8708.797630097924
507c,PD583,16,9162.609655650887
507c,PD584,17,9609.828318966524
507c,PD585,18,10177.614285486126
507c,PD564,19,10933.942575892192
507c,PA443,20,11407.97682048879
507c,PA444,21,11748.296305337692
507c,PA445,22,12007.20156864232
507c,PA446,23,12349.131316008008
507c,PA447,24,12620.856332252706
507c,PA448,25,12908.121359240826
507c,PA449,26,13154.623936359074
507c,PA450,27,13667.011155206032
508,PJ493,0,8054.033450593974
508,PJ494,1,8297.460283284578
508,PJ495,2,8479.585307141468
508,PJ496,3,8812.970883773613
508,PJ497,4,9021.847223183198
508,PJ498,5,9259.222360623315
508,PJ499,6,9486.519530954158
508,PJ500,7,9783.987089065251
508,PJ501,8,10110.583254160441
508,PJ502,9,10525.715823517889
508,PJ284,10,10676.959481250156
508,PJ454,11,10894.997187429439
508,PJ455,12,11218.241718140698
508,PJ97,13,11538.270963998051
508,PJ136,14,12016.172949227317
508,PJ53,15,12497.928004544894
508,PJ54,16,12799.93232706148
508,PA1,17,13047.113965314657
508,PA427,18,13283.519399191418
508,PA428,19,13586.214895003648
508,PA429,20,13882.196989790287
508,PA430,21,14247.825190323147
508,PA297,22,14575.767468490578
508,PA298,23,14964.960396383909
508,PA332,24,15297.31572814237
508,PA417,25,15861.068665245715
508,PA334,26,16367.181127084992
508,PA40,27,17034.412133869908
508,PA383,28,17387.909369830446
508,PC199,29,17836.052349730413
508,PC200,30,18113.34502095115
508,PC201,31,18423.349838104077
508,PC569,32,18854.925139887033
508,PC570,33,19293.384556441953
508,PC571,34,19650.20530636429
508,PC572,35,19899.54765402569
508,PC573,36,20210.338479598024
508,PC574,37,20464.141176522397
508,PD500,38,20685.638513233534
508,PD501,39,21117.488896660343
508,PD111,40,21662.57173803211
508,PD429,41,21894.086155634133
508,PD112,42,22077.11483546888
508,PD113,43,22470.412732767672
508,PD114,44,22839.574567649226
508,PD528,45,22973.48657801252
508,PD529,46,23508.66751643466
508,PD530,47,24149.97123178547
508,PD532,48,24878.312540834024
508,PD593,49,25494.57824334354
508,PD594,50,25752.43092644231
508,PD595,51,26068.157559105617
508,PD596,52,26359.647787053324
508,PD597,53,26666.49387145702
508,PD598,54,26974.147400948183
508,PD599,55,27301.244092216573
508,PD600,56,27690.454741534013
508,PD601,57,28114.727272512177
508,PD602,58,28263.974311542475
508,PD603,59,28542.573438790685
508,PD604,60,28747.04602333665
508,PD605,61,28950.609216140136
508,PD606,62,29156.20874611264
508,PD607,63,29452.04685827623
508,PD608,64,29995.66101047717
508,PD1396,65,30153.927243118545
508,PD609,66,30436.028933295616
508,PD610,67,30732.547902042534
508,PD1053,68,31050.78795335061
508,PD611,69,31282.95015119698
508,PD612,70,31627.27691949703
508,PD613,71,31884.17809131267
508,PD614,72,32189.163069689308
508,PD462,73,32380.061644730966
508,PD463,74,32542.15210410348
508,PD137,75,32765.015727511905
508,PE1321,76,33076.578542541145
508,PE273,77,33267.193736217705
509,PI39,0,13431.182201957154
509,PI40,1,13640.633425908583
509,PI41,2,13979.84114160885
509,PI42,3,14206.919379415203
509,PI43,4,14459.869390693448
509,PI44,5,14748.042647710517
509,PI540,6,15013.071990276942
509,PI541,7,15292.025015717601
509,PI542,8,15586.071445581983
509,PI543,9,15798.134289138754
509,PI544,10,16057.88576570665
509,PI545,11,16447.946821521626
509,PI546,12,16956.5382500696
509,PA289,13,18049.585859906638
509,PA290,14,18415.0144247835
509,PA433,15,18823.878542188304
509,PA434,16,19118.362791448246
509,PA465,17,20000.06801537846
509,PA23,18,20350.58387645653
509,PA24,19,20648.16477615418
509,PA466,20,20934.193976997718
509,PA467,21,21288.02161210646
509,PA468,22,21552.713762568426
509,PA213,23,21682.040662944644
509,PA665,24,21914.1298242434
509,PA218,25,22176.51540244233
509,PA219,26,22443.719580314468
509,PA220,27,22800.889442388347
509,PA299,28,23208.405832980396
509,PA300,29,23564.1886156909
510,PI754,0,6520.370817134801
510,PJ96,1,6680.121401086688
510,PI1042,2,7886.240428167329
510,PI457,3,8320.786554613369
510,PI339,4,8763.25439839405
510,PI401,5,9193.77815507598
510,PI439,6,9539.85330644459
510,PI342,7,10202.451743823087
510,PA368,8,10590.336338298877
510,PA335,9,11071.143898548611
510,PA164,10,11598.705085439085
510,PA337,11,12059.955068433364
510,PA233,12,12438.912154638481
510,PA35,13,12938.151407284799
510,PA37,14,13272.236235907969
510,PA469,15,13466.567792720092
510,PA435,16,14307.273838171657
510,PA436,17,14778.066016156905
510,PA658,18,14997.689729088926
510,PA438,19,15387.286858985368
510,PA439,20,15564.26526674296
510,PA440,21,15936.891803411556
510,PA666,22,16176.702028231735
510,PA442,23,16527.34365318436
510,PD524,24,16969.566394880607
510,PD643,25,17652.530451100825
510,PD644,26,18238.150370174375
510,PD589,27,18719.802158221064
510,PD115,28,19144.8323424359
510,PD116,29,19680.712049634225
510,PD590,30,20311.03364810129
510,PD592,31,21064.75899539722
510,PD645,32,21711.669298838577
510,PD535,33,22312.684699126923
510,PD571,34,22988.306204323988
510,PI1272,35,23741.10431592608
510,PD486,36,23896.655666496918
510,PD1366,37,24176.97091791571
510,PD1367,38,24442.370396721126
510,PD1365,39,24667.4700699974
510,PD394,40,24769.878360494928
510,PD1371,41,24956.791003202874
510,PD491,42,25095.090152026416
510,PD492,43,25428.640000109703
510,PD493,44,25694.3892513446
510,PD494,45,25980.265061699705
510,PD495,46,26255.39757893331
510,PD496,47,26493.279655217357
510,PD996,48,26819.508251295058
510,PD997,49,27175.967286842966
510,PD1686,50,27409.301293595538
510,PD502,51,27668.9349825798
510,PD503,52,28062.082528376475
510,PD793,53,28218.318482434788
511,PJ908,0,9325.720279097646
511,PJ909,1,9553.689973615727
511,PJ1038,2,9811.21696431557
511,PJ911,3,10032.510401332294
511,PJ912,4,10215.318040143675
511,PJ913,5,10453.812062569275
511,PJ19,6,10777.080790124177
511,PJ34,7,11267.548634600826
511,PJ33,8,11514.78868507433
511,PI1393,9,11761.209276493386
511,PI1392,10,11985.779581577392
511,PI1395,11,12195.329461026131
511,PI457,12,12516.622804940867
511,PI339,13,12959.090195353072
511,PI401,14,13389.613571067477
511,PI439,15,13735.689859697128
511,PI440,16,14285.415099382823
511,PA368,17,14786.173436548343
511,PA683,18,15233.384768319258
511,PA832,19,16026.852343502605
511,PA279,20,16400.30772103212
511,PA280,21,16754.845478515283
511,PA281,22,17014.11145079746
511,PA589,23,17167.67653073145
511,PA590,24,17394.102426033092
511,PA684,25,17883.859955630283
511,PA537,26,18113.544137675337
511,PA285,27,18517.336198940233
511,PA680,28,19039.71658734511
511,PA672,29,19426.064941847173
511,PA671,30,19707.736149509114
511,PA19,31,20116.692649278746
511,PA628,32,20624.875797566936
511,PA64,33,21125.16898329056
511,PA495,34,21484.91131265935
511,PA496,35,21779.91513775762
511,PA497,36,22042.438565704662
511,PA498,37,22271.152581781407
511,PA499,38,22613.45807762038
511,PA638,39,22955.903699799204
511,PA639,40,23183.64312377789
511,PH797,41,23564.33218127135
511,PH1552,42,23995.807958783018
511,PD1319,43,24425.366211497105
511,PD1317,44,24870.931377512214
511,PD647,45,25127.875054545508
511,PD648,46,25351.778680800297
511,PD649,47,25671.135400382987
511,PD1588,48,25936.836281998796
511,PD589,49,26542.460502528356
511,PD115,50,26967.49073124564
511,PD116,51,27503.36924540353
511,PD590,52,28133.69219867959
511,PD592,53,28887.417256035675
511,PD645,54,29534.326902041932
511,PD535,55,30135.341931780677
511,PD571,56,30810.9639726582
511,PD572,57,31346.163863535632
511,PD573,58,31843.1196483221
511,PD1322,59,32069.52020051806
511,PD537,60,32381.615839077745
511,PD538,61,32838.59780169907
511,PD1323,62,33225.38867064249
511,PD539,63,33481.77833352017
511,PD540,64,33933.7039039198
511,PD541,65,34367.45982714572
513,PJ445,0,4822.5458798343625
513,PJ446,1,5218.46151908791
513,PJ447,2,5641.021648314336
513,PJ448,3,6017.7685099826895
513,PJ449,4,6235.317025695546
513,PJ1813,5,6476.601416524613
513,PJ5,6,6687.885341203225
513,PJ450,7,7110.716082675606
513,PJ1729,8,7276.998965052682
513,PJ451,9,7550.384568142266
513,PJ452,10,7744.198629400891
513,PJ453,11,8214.14879489077
513,PJ1774,12,8618.47880216447
513,PJ454,13,8897.557261400476
513,PJ455,14,9220.801733697233
513,PJ97,15,9540.831425776369
513,PJ136,16,10018.73331455359
513,PJ53,17,10500.488320922052
513,PJ54,18,10802.492283169902
513,PA1,19,11049.673906786777
513,PA599,20,11337.92050475993
513,PA2,21,12071.930293362651
513,PA368,22,12422.289491581143
513,PA335,23,12903.096583862032
513,PA164,24,13430.656639108689
513,PA668,25,14064.944774363323
513,PA215,26,14619.611536754936
513,PA167,27,14965.887468281971
513,PA168,28,15581.129621802806
513,PA169,29,16017.737532831165
513,PA342,30,16465.4925678529
513,PA171,31,16906.43577676325
513,PA172,32,17267.476962222645
513,PC1044,33,17872.256134169445
513,PA487,34,18195.239154729905
513,PD426,35,18499.265503469545
513,PD427,36,18650.184793274682
513,PD347,37,19209.09332693541
513,PD348,38,19556.194399919914
513,PD349,39,19805.037321294993
513,PD111,40,20196.36393296551
513,PD429,41,20427.87831008236
513,PD112,42,20610.906939884248
513,PD350,43,20985.46566291291
513,PD351,44,21508.36799507189
513,PD352,45,21806.186881642898
513,PD1370,46,22040.49787433508
513,PD353,47,22226.691179293597
513,PD354,48,22544.440470561858
513,PD355,49,22739.30792102183
513,PD356,50,22997.65634132056
513,PD432,51,23341.198251075282
513,PD433,52,23633.026055125218
513,PD434,53,24023.05744678759
513,PD219,54,24200.17990660215
513,PD286,55,24510.684363822515
513,PD287,56,24863.213708121955
513,PD288,57,25188.63858798168
513,PD289,58,25432.85609865915
513,PD290,59,25625.36051709856
513,PD292,60,25928.191323087864
513,PD293,61,26185.243698420014
513,PD294,62,26570.37870505928
513,PD1043,63,26955.674285404602
513,PD1044,64,27174.976091706867
513,PD1045,65,27404.044345512666
513,PD1046,66,27719.534509878442
513,PD1047,67,27981.33913698939
513,PD798,68,29870.456341154124
513,PD498,69,30267.08756727705
513,PD499,70,30524.88129454701
514,PD615,0,19.07218079007928
514,PD616,1,377.371588967125
514,PD617,2,732.9380948927699
514,PD1409,3,981.7848469700881
514,PD139,4,1244.6285250632384
514,PD140,5,1434.204245529554
514,PD141,6,1740.1493112786613
514,PD142,7,2037.1447744826846
514,PD143,8,2255.3180038013716
514,PD144,9,2470.8164370785034
514,PD683,10,2828.220161623004
514,PD684,11,2931.876107909575
514,PD685,12,3284.926853108512
514,PD686,13,3440.356704517819
514,PD687,14,3832.9213925693434
514,PD274,15,4173.410150998654
514,PD173,16,4507.3952951537885
514,PD629,17,5142.105532770017
514,PD689,18,5370.65102563395
514,PD690,19,5560.557648183754
514,PD691,20,5770.218455114466
514,PD692,21,5977.596930113278
514,PD693,22,6236.980888388263
514,PD694,23,6569.6938713627305
514,PD695,24,6917.710727821983
514,PD696,25,7087.30279704057
514,PD697,26,7364.018855786305
514,PD698,27,7523.919677339028
514,PD699,28,7792.167046647498
514,PD700,29,8049.96904659209
514,PD701,30,8338.304431109063
514,PD702,31,8589.272666910261
514,PD703,32,8869.384095678099
514,PD704,33,9099.064771086933
514,PD705,34,9427.991965913641
514,PD706,35,9629.676305320558
514,PD707,36,9898.014013046239
514,PD708,37,10087.079048987796
514,PD1391,38,10345.699789745562
514,PD313,39,10732.803247086425
514,PD314,40,11005.62349910209
514,PD315,41,11256.140204408957
514,PD316,42,11535.829575560374
514,PD317,43,11939.163040778798
514,PD318,44,12427.91302659605
514,PD319,45,12798.51748366977
514,PD320,46,13173.862920042082
514,PD321,47,13436.500486611118
514,PD322,48,13807.19540406386
514,PD323,49,14152.674120778258
514,PD324,50,14404.020898584911
514,PD519,51,14556.04364959684
514,PD520,52,14789.179963183233
514,PD521,53,15054.825415364925
514,PC575,54,15301.754596990388
514,PC576,55,15647.920848583724
514,PC577,56,15992.366181459462
514,PC578,57,16343.347578425182
514,PC579,58,16670.51100899031
514,PC195,59,17032.614030635254
514,PC196,60,17283.56297570764
514,PA373,61,17818.06295697494
514,PA41,62,18099.181900403903
514,PA43,63,18919.17205048254
514,PA44,64,19180.35476696814
514,PA421,65,19799.653829260995
514,PA422,66,20040.30882650343
514,PA264,67,20547.686977109614
514,PA424,68,21018.96484663568
514,PA822,69,21318.85013912995
514,PA462,70,21672.154099368356
514,PA689,71,22045.642581787764
514,PA463,72,22341.11029210199
514,PA599,73,23027.190082088808
514,PA642,74,23539.385907726915
514,PA640,75,23930.10853269513
514,PA641,76,24261.990271456038
514,PJ1075,77,24395.411595586233
514,PJ1074,78,24701.588461360814
514,PJ1608,79,24869.767887411952
514,PJ1610,80,25075.769582278488
514,PJ1607,81,25258.579102979118
514,PJ1609,82,25529.003888731087
514,PJ1611,83,25727.45062380688
514,PJ1582,84,25945.63987078195
514,PJ1819,85,26189.285416617215
514,PJ878,86,26388.380232034353
514,PJ879,87,26541.32707773143
514,PJ880,88,26859.608249357858
514,PJ882,89,27068.763726316767
514,PJ883,90,27292.553246312054
514c,PC563,0,125.60404374107
514c,PC564,1,300.4195381975281
514c,PC565,2,677.9724767426392
514c,PC566,3,966.9128470209145
514c,PC567,4,1368.2433375445178
514c,PC568,5,1617.2433421297417
514c,PD482,6,1877.97065198146
514c,PD784,7,2401.2480184272317
514c,PD332,8,2613.695318962833
514c,PD333,9,2894.3326331289322
514c,PD334,10,3430.9883721247948
514c,PD335,11,3654.194873991985
514c,PD336,12,4101.582506409839
514c,PD337,13,4319.628887712812
514c,PD338,14,4725.655645292168
514c,PD339,15,5129.296063849407
514c,PD340,16,5438.072435171377
514c,PD341,17,5759.554069230242
514c,PD342,18,5981.884852034782
514c,PD343,19,6512.467656132736
514c,PD344,20,6731.699316363652
514c,PD658,21,7005.5969203745635
514c,PD659,22,7196.462956241104
514c,PD660,23,7425.861430916215
514c,PD567,24,7754.698189154589
514c,PD568,25,8021.378338909295
514c,PD661,26,8281.036690404817
514c,PD662,27,8601.695273600408
514c,PD663,28,8819.407845746622
514c,PD664,29,9055.083953946354
514c,PD665,30,9373.122245636298
514c,PD666,31,9548.442835834798
514c,PD667,32,9721.431790357
514c,PD668,33,9909.883914891001
514c,PD1440,34,10070.407676026765
514c,PD669,35,10399.037108111937
514c,PD670,36,10672.7928988398
514c,PD671,37,10873.900532032994
514c,PD672,38,11069.518903301321
514c,PD673,39,11282.302595862242
514c,PD674,40,11470.044624543556
514c,PD607,41,11603.686043420901
514c,PD270,42,12284.58614852995
514c,PD675,43,12623.087275402127
514c,PD1642,44,13183.461420046657
514c,PD273,45,13461.382128873454
514c,PD676,46,13548.966146601208
514c,PD677,47,13973.109871285506
514c,PD678,48,14129.972181738729
514c,PD679,49,14359.640474708604
514c,PD680,50,14584.721490445849
514c,PD681,51,14852.72914848506
514c,PD133,52,15131.166728618584
514c,PD134,53,15493.730330774286
514c,PD135,54,15842.310522595148
514c,PD136,55,16191.231294891802
514c,PD137,56,16419.180414818016
514c,PE1321,57,16730.74322877763
514c,PE273,58,16921.358424844766
514c,PE274,59,17212.406420880732
516,PI754,0,6530.197022160915
516,PJ96,1,6689.947606289664
516,PI1042,2,7896.066641643759
516,PI457,3,8330.612768932118
516,PI339,4,8773.080611960831
516,PI401,5,9203.604368010541
516,PI439,6,9549.679521266515
516,PI440,7,10099.404607493829
516,PA368,8,10600.16255402599
516,PA335,9,11080.970113389609
516,PA164,10,11608.531298140002
516,PA165,11,12149.77345104058
516,PA215,12,12797.484794400834
516,PA598,13,13007.275204212578
516,PA339,14,13266.978118074067
516,PA168,15,13759.003376027766
516,PA341,16,14125.118588084842
516,PA342,17,14643.364639685418
516,PA172,18,15445.353808091962
516,PC1044,19,16061.304645614973
516,PA487,20,16384.28938933521
516,PD426,21,16688.31625875577
516,PD427,22,16839.235936291938
516,PD643,23,17685.394883362125
516,PD644,24,18271.014804799543
516,PD589,25,18752.66659283838
516,PD115,26,19177.696777127196
516,PD116,27,19713.576482345852
516,PD590,28,20343.898083062322
516,PD592,29,21097.623429876545
516,PD645,30,21744.533732227046
516,PD535,31,22345.549131899163
516,PD571,32,23021.17063798633
516,PI1272,33,23773.968753094912
516,PD486,34,23929.520103848303
516,PD1366,35,24209.835350699934
516,PD1367,36,24475.234829666457
516,PD1365,37,24700.334503339658
516,PD394,38,24802.742799766245
516,PD1371,39,24989.655442304058
516,PD491,40,25127.954584410876
516,PD492,41,25461.504432521444
516,PD493,42,25727.253683121544
516,PD494,43,26013.129493579265
516,PD495,44,26288.262010655493
516,PD496,45,26526.144087511788
516,PD497,46,26796.176054444193
516,PD793,47,26951.857210525995
517,PJ332,0,3418.1402365879953
517,PJ397,1,3483.764597760747
517,PJ398,2,3850.625038381444
517,PJ334,3,4058.015040163181
517,PJ335,4,4269.404591250417
517,PJ400,5,4572.000335579539
517,PJ337,6,4819.538352055663
517,PJ338,7,5140.231088108143
517,PJ1775,8,5335.6457175781625
517,PJ403,9,5582.816605123363
517,PJ285,10,6071.518359876028
517,PJ286,11,6403.233817048175
517,PJ287,12,6690.521630579935
517,PA387,13,7005.970250774645
517,PA388,14,7287.048007718247
517,PA405,15,7667.716901242175
517,PA390,16,7859.301832060766
517,PA391,17,8125.050412947252
517,PA392,18,8380.56954342838
517,PA352,19,9043.733054863893
517,PA299,20,9334.709955552033
517,PA300,21,9690.495347192424
517,PA89,22,10351.741713078054
517,PA820,23,10562.645057398255
517,PA334,24,10863.467540637566
517,PA40,25,11530.698462776221
517,PA383,26,11884.19620038985
517,PC147,27,12445.00340350082
517,PC148,28,12725.855726910659
517,PC149,29,13017.890332266794
517,PC202,30,13425.422700571846
517,PC1,31,13712.332599540914
517,PC151,32,13889.517171728448
517,PC2,33,14145.459873851878
517,PC711,34,14533.799158208541
517,PC712,35,14918.855248807822
517,PC713,36,15219.73550521396
517,PC714,37,15409.390114774827
517,PC715,38,15600.438522810247
517,PC716,39,15952.492948716095
517,PC717,40,16227.959948384398
517,PC718,41,16573.90227086406
517,PC510,42,16908.860602765384
517,PC511,43,17158.220041943234
517,PC512,44,17399.01723686888
517,PC513,45,17634.56688409075
517,PC514,46,17808.145559006327
517,PC515,47,18002.835048701505
517,PC516,48,18391.530302771378
517,PC517,49,18998.200757488004
517,PC518,50,19305.34826193736
517,PC519,51,19625.533598713784
517,PC520,52,20046.486172306828
517,PC521,53,20234.892123198057
517,PC522,54,20392.81275008998
517,PC1124,55,20750.025525016696
517,PC125,56,21027.637870456223
517,PC126,57,21532.633879000663
517,PC127,58,21746.155438308368
517,PC128,59,22077.299238212134
517,PD1380,60,22370.910887372786
517,PD238,61,22575.80407362752
517,PD239,62,22931.47957858067
517,PD240,63,23121.35323856497
517,PD241,64,23572.92279752591
517,PD242,65,23916.68957297732
517,PD243,66,24188.091800437465
517,PD244,67,24483.35569658538
517,PD245,68,24719.764430331605
517,PD246,69,24925.064465236603
517,PD247,70,25151.6434132815
517,PD248,71,25398.963641697235
517,PD249,72,25674.619633026203
517,PD250,73,26080.94764277763
517,PD251,74,26286.282523387636
517,PD252,75,26541.990184077917
517,PD253,76,26781.869858317867
517,PD1080,77,27070.467435725826
517,PD1081,78,27236.629002166006
517,PD1045,79,27525.040467456813
517,PD1046,80,27840.53063182259
517,PD1047,81,28102.335258933537
518,PJ332,0,5450.607967127004
518,PJ397,1,5516.232361803808
518,PJ398,2,5883.092981883203
518,PJ334,3,6090.483026770465
518,PJ335,4,6301.872616767404
518,PJ400,5,6604.468334049883
518,PJ337,6,6852.006359943395
518,PJ338,7,7172.6991087652705
518,PJ1775,8,7368.113681493397
518,PJ403,9,7615.284520048621
518,PJ285,10,8103.985974238681
518,PJ286,11,8435.701708846605
518,PJ287,12,8722.989510109282
518,PA387,13,9038.438333690887
518,PA388,14,9319.516047830957
518,PA405,15,9700.184958824446
518,PA390,16,9891.769822469212
518,PA391,17,10157.518399453427
518,PA226,18,10722.239769114607
518,PA352,19,11124.248534090208
518,PA50,20,11301.843751740871
518,PA51,21,11628.105983289448
518,PA52,22,12007.686027833237
518,PA28,23,12475.362820886368
518,PA167,24,13054.581602121381
518,PA168,25,13669.82375035763
518,PA419,26,14280.013165312152
518,PA420,27,14680.0158113995
518,PC461,28,15058.206665987935
518,PC462,29,15340.158338241816
518,PC463,30,15576.935152976217
518,PC464,31,15887.104588990034
518,PC465,32,16191.276783184929
518,PC466,33,16619.47355857295
518,PC467,34,16884.2445985419
518,PC468,35,17300.056984496576
518,PC469,36,17564.92754675589
518,PC470,37,17852.95376052986
518,PC471,38,18147.6153442038
518,PC472,39,18367.319935390973
518,PC473,40,18729.771040831016
518,PC474,41,19028.409807703592
518,PC475,42,19517.176790143487
518,PD476,43,19886.39508039374
518,PD477,44,20093.621453517953
518,PD478,45,20441.829282671355
518,PD224,46,20876.012258995324
518,PD479,47,21350.602439060916
518,PD480,48,21823.362665365763
518,PD481,49,22309.360412334285
518,PD1453,50,22563.099883190323
518,PD1007,51,23014.516052263065
518,PD1008,52,23746.373847831714
518,PC671,53,24038.616048555064
518,PC672,54,24316.769075290154
518,PC448,55,24509.836767083743
518,PC449,56,24721.035171811964
518,PC450,57,24945.702436838754
519,PD545,0,1347.4144448643215
519,PD548,1,1722.9252858223429
519,PD547,2,2064.600422933751
519,PD1359,3,2395.0600635354826
519,PD549,4,2830.316378621518
519,PD550,5,3263.328540857162
519,PD574,6,3783.841917762051
519,PD575,7,4262.5942143545035
519,PD576,8,4819.822778088557
519,PD577,9,5306.629456159935
519,PD553,10,5649.380122016577
519,PD578,11,6138.586889884817
519,PD579,12,6971.530824836017
519,PD559,13,7714.164469011201
519,PD581,14,8245.747663066946
519,PD582,15,8708.797630097924
519,PD583,16,9162.609655650887
519,PD584,17,9609.828318966524
519,PD563,18,10129.884399312738
519,PD564,19,10933.942575892192
519,PD209,20,11626.042173230315
519,PC82,21,11868.405813983887
519,PC84,22,12436.356128107733
519,PC86,23,13133.936893645103
519,PA42,24,13747.830297914561
519,PA385,25,14302.210477682347
519,PA183,26,14878.833428827538
519,PA365,27,15317.296946473027
519,PA185,28,15821.060803004088
519,PA347,29,16026.892634154068
519,PA348,30,16494.29758497911
519,PA349,31,16943.142863248537
519,PA551,32,17183.19468238723
519,PA367,33,17401.67943189539
519,PI454,34,17919.367741757338
519,PI345,35,18336.31213591963
519,PI449,36,18827.896667245586
519,PI450,37,19282.219997761375
519,PI458,38,19676.099223236553
519,PJ165,39,20371.817784510073
519,PJ2002,40,21083.712571288303
541N,PJ908,0,10062.73995123882
541N,PJ909,1,10290.709648308011
541N,PJ1038,2,10548.236601672075
541N,PJ1039,3,10735.189603490622
541N,PJ1040,4,11075.103135148358
541N,PI758,5,11326.332579155986
541N,PI400,6,12207.827935727819
541N,PI457,7,12725.031187918441
541N,PI339,8,13167.498702974188
541N,PI401,9,13598.022183429817
541N,PI341,10,14071.836823202193
541N,PI1813,11,14841.153924596896
541N,PA657,12,15352.49647187668
541N,PA369,13,15797.965495372266
541N,PA370,14,16358.754205607776
541N,PA338,15,17067.48876809568
541N,PA339,16,17661.396522961433
541N,PA340,17,17959.467488751918
541N,PA341,18,18519.538049165527
541N,PA383,19,19140.079845283828
541N,PC147,20,19700.886934860748
541N,PC148,21,19981.73925778856
541N,PC149,22,20273.773890814355
541N,PC150,23,20808.400538091802
541N,PC151,24,21145.400680066996
541N,PC2,25,21401.343338187315
541N,PC152,26,21929.47894116069
541N,PC153,27,22129.76296010844
541N,PC1329,28,22770.91440472707
541N,PC738,29,23162.678581267184
541N,PC379,30,23461.915351273492
541N,PC380,31,23813.001509423182
541N,PC510,32,24420.663807312903
541N,PC511,33,24670.022333839515
541N,PC512,34,24910.81955421152
541N,PC513,35,25146.36925877913
541N,PC514,36,25319.947878591487
541N,PC515,37,25514.63723438816
541N,PC516,38,25903.332198015145
541N,PC517,39,26510.002998668384
541N,PC518,40,26817.15037785591
541N,PC519,41,27137.335932522434
541N,PC520,42,27558.28924951023
541N,PC521,43,27746.695212020364
541N,PC522,44,27904.61564783838
541N,PC1124,45,28261.828244297063
541N,PC1109,46,28421.97110147563
541N,PC523,47,28629.862302301823
541N,PC524,48,28822.65870623323
541N,PC525,49,29015.83187543012
541N,PC526,50,29186.365389527266
541N,PC527,51,29362.420571385002
541N,PC528,52,29583.93771120646
541N,PC1143,53,29813.091406335356
541N,PC529,54,29995.375977567302
542,PJ273,0,5204.645371326539
542,PJ274,1,5649.114829338146
542,PJ275,2,5988.649056492495
542,PJ276,3,6400.628965160883
542,PJ277,4,6673.6462862607905
542,PJ278,5,6953.89070395638
542,PJ279,6,7378.887110058456
542,PJ281,7,7662.961700973161
542,PJ456,8,7865.280809349026
542,PJ49,9,8290.05803478191
542,PJ50,10,8496.234082391295
542,PA838,11,12560.113010060202
542,PA476,12,12968.54195827631
542,PA409,13,13536.73385186829
542,PA410,14,13908.482129626074
542,PA411,15,14251.285685330558
542,PC505,16,14735.525125871376
542,PC506,17,14963.581649692382
542,PC507,18,15315.908566566342
542,PC508,19,15638.885166412241
542,PC317,20,16762.986183048088
542,PC318,21,16932.319886039157
542,PC319,22,17297.080849449714
542,PC320,23,17543.012591666855
542,PC211,24,19435.57015158977
542,PC212,25,19704.594085157143
542,PC213,26,20014.697757375303
542,PC214,27,20376.50509279033
546e,PI438,0,17238.856622196483
546e,PJ285,1,21066.909642479484
546e,PJ287,2,21685.907576089463
546e,PA388,3,22282.43072052481
546e,PA705,4,23080.924779297507
546e,PC317,5,29482.525931145894
546e,PC318,6,29651.860548524393
546e,PC319,7,30016.619437856123
546e,PC61,8,33896.498323825814
712,PE1383,0,21067.30735135836
712,PE30,1,21246.310272813465
712,PE31,2,21498.95928068097
712,PE32,3,21826.8190353942
712,PD85,4,22502.144270070403
712,PD273,5,22713.22251730099
712,PD274,6,23091.789485272664
712,PD173,7,23425.775351125736
712,PD275,8,23817.245425722725
712,PD276,9,23988.107489145572
712,PD277,10,24235.73828314781
712,PD278,11,24411.415401604376
712,PD174,12,24761.482247367057
712,PD1356,13,25002.182334843812
712,PD279,14,25401.544228684324
712,PD283,15,25574.468746118935
712,PD175,16,26091.06842798186
712,PD280,17,26522.94710645697
712,PD281,18,26711.738624855967
712,PD282,19,26908.316000873572
712,PD176,20,27073.786242988765
712,PD284,21,27496.294353096717
712,PD285,22,27715.23797938257
712,PD177,23,27998.027760032157
712,PD218,24,28314.307833789055
712,PD219,25,28435.038311329237
712,PD220,26,28842.15605810361
712,PD178,27,29161.37731216278
712,PD221,28,29540.179502254778
712,PD222,29,29861.12198553476
712,PD180,30,29985.83862507769
712,PD223,31,30161.324612808476
712,PD179,32,30439.32701026209
712,PD1116,33,30608.58551196952
712,PD181,34,31214.06154946247
712,PD182,35,31571.649453405837
712,PC52,36,31843.961278001047
712,PC53,37,32197.053524075465
712,PC54,38,32570.41824761181
712,PC55,39,32793.76815948169
712,PC56,40,33201.02812260273
712,PC1090,41,33771.58184753838
712,PC58,42,34179.31024225466
712,PC59,43,34454.49469359022
712,PC60,44,34774.26509332463
712,PC61,45,35147.1593393163
722,PC70,0,13979.493623892366
722,PC71,1,14371.952712371218
722,PC72,2,14964.188854150878
722,PC73,3,15125.71531655669
722,PC74,4,15487.28246210797
722,PC75,5,15914.626510148371
722,PC76,6,16352.36900218762
722,PC534,7,16476.762347003376
722,PC535,8,16863.14255838712
722,PC536,9,17315.848119950617
722,PC537,10,17691.94699796459
722,PC538,11,18024.64448701424
722,PC539,12,18395.624525965435
722,PC540,13,18588.884156536802
722,PC521,14,19000.371898155474
722,PC522,15,19158.294394862944
722,PC1124,16,19515.50891618005
722,PC1109,17,19675.652915413088
722,PC523,18,19883.545521736018
722,PC524,19,20076.341892982346
722,PC525,20,20269.514383849142
722,PC526,21,20440.04853926077
722,PC527,22,20616.101187149983
722,PC528,23,20837.62058548965
722,PC1143,24,21066.772789013736
722,PC529,25,21249.056832014307
722,PC306,26,21537.713525788746
B01,PB732,0,9108.786200427665
B01,PB733,1,9415.886077270347
B01,PB734,2,9648.066419251
B01,PB1618,3,9748.549915575173
B01,PB672,4,9984.864915453632
B01,PB673,5,9985.864915453632
B02,PB143,0,6596.238346233218
B02,PB144,1,6927.073608081716
B02,PB145,2,7215.581957215236
B02,PB146,3,7434.394125444078
B02,PB147,4,7597.144000157221
B02,PB148,5,7865.021291410079
B02,PB149,6,8143.413109415749
B02,PB754,7,8372.144881662003
B02,PB755,8,8749.555779021897
B02,PB1323,9,9381.413362658028
B02,PB1324,10,9799.016527822212
B02,PB1510,11,10172.36342680116
B02,PB1955,12,10532.511710166367
B02,PB1953,13,10774.539753324721
B02,PB1951,14,11112.164336082542
B02,PB1950,15,11664.309561534848
B02,PB1949,16,12010.148778704177
B02,PA476,17,12720.053592783057
B02,PA88,18,12873.351830945334
B02,PA195,19,13211.36669390649
B02,PA763,20,13451.908107961739
B02,PA91,21,13803.624486659215
B02,PA109,22,14631.936077122635
B02,PA156,23,14770.713909948508
B02,PA114,24,15022.990484741236
B02,PA112,25,15413.78690660868
B02,PB864,26,16208.031694231462
B02,PB211,27,16307.107963099088
B02,PB212,28,16505.745233044177
B02,PB587,29,17004.23387143479
B02,PB214,30,17226.66056769994
B02,PB1952,31,17227.66056769994
B02,PB1899,32,18161.2235325957
B02,PB758,33,18456.254434606253
B02,PB759,34,18457.254434606253
B02,PB760,35,18458.254434606253
B02,PB761,36,19329.777303399256
B02,PB1635,37,19640.74985094982
B02,PB762,38,19801.746353102033
B02,PB763,39,20070.131740634017
B02,PB764,40,20071.131740634017
B02,PB171,41,20072.131740634017
B02,PB172,42,20073.131740634017
B02,PB173,43,20074.131740634017
B02,PB174,44,20075.131740634017
B02,PB175,45,20076.131740634017
B02N,PB143,0,6596.238346233218
B02N,PB144,1,6927.073608081716
B02N,PB145,2,7215.581957215236
B02N,PB146,3,7434.394125444078
B02N,PB147,4,7597.144000157221
B02N,PB148,5,7865.021291410079
B02N,PB149,6,8143.413109415749
B02N,PB754,7,8372.144881662003
B02N,PB755,8,8749.555779021897
B02N,PB312,9,9004.141533836155
B02N,PB313,10,9203.613387506091
B02N,PB756,11,9598.223223078374
B02N,PB757,12,10094.6897377816
B02N,PB1951,13,10622.921527338684
B02N,PB1950,14,11175.06675279099
B02N,PB1949,15,11520.905969960319
B02N,PA329,16,11910.511580942455
B02N,PA476,17,12230.810784039197
B02N,PA88,18,12384.109022201475
B02N,PA195,19,12722.123885162631
B02N,PA334,20,13111.816155521716
B02N,PA40,21,13779.046463124345
B02N,PA170,22,14131.39315192719
B02N,PA171,23,14471.195101802226
B02N,PC86,24,14778.616946417507
B02N,PA42,25,15392.51967375255
B02N,PA114,26,16391.3832877396
B02N,PA111,27,16522.28060933238
B02N,PA112,28,16782.17970960704
B02N,PA160,29,16935.97603262688
B02N,PB864,30,17576.42449722982
B02N,PB211,31,17675.500766097444
B02N,PB212,32,17874.138036042536
B02N,PB587,33,18372.626674433148
B02N,PB214,34,18595.053370698297
B02N,PB1952,35,19206.71134312681
B02N,PB1899,36,19529.61633559406
B02N,PB758,37,19824.64723760461
B02N,PB759,38,19969.642089883735
B02N,PB760,39,20154.457566117817
B02N,PB761,40,20698.170106397614
B02N,PB1635,41,21009.142653948176
B02N,PB762,42,21170.13915610039
B02N,PB763,43,21438.524543632375
B02N,PB764,44,21439.524543632375
B02N,PB171,45,21440.524543632375
B02N,PB172,46,21441.524543632375
B02N,PB173,47,21442.524543632375
B02N,PB174,48,21443.524543632375
B02N,PB175,49,21444.524543632375
B03,PB802,0,9136.610117731865
B03,PB803,1,9405.71845615061
B03,PB804,2,9679.485767015518
B03,PB65,3,9923.022066023355
B03,PB66,4,10315.079180183879
B03,PB1824,5,10478.63192388017
B03,PB67,6,10691.16992880483
B03,PB68,7,10843.34945015123
B03,PB69,8,11189.673796262352
B03,PB70,9,11679.707880090085
B03,PB71,10,11885.118818292458
B03,PB72,11,12224.964439040501
B03,PB805,12,12432.017388177455
B03,PB806,13,12760.465621574664
B03,PB807,14,13061.66148910847
B03,PB808,15,13362.79228368119
B03,PB809,16,13698.324061122747
B03,PB376,17,13891.504529362845
B03,PB377,18,14215.927019521168
B03,PB378,19,14603.300832778777
B03,PB379,20,14899.85330269916
B03,PB380,21,15178.681382629453
B03,PB381,22,15344.80751163722
B03,PB382,23,15586.244506079189
B03,PB383,24,15820.7049213182
B03,PB384,25,16000.504378207275
B03,PB385,26,16414.42744093969
B03,PB1970,27,16746.405957863273
B03,PB1969,28,17121.050088904365
B03,PA329,29,17605.507823539476
B03,PB159,30,18126.744782304122
B03,PB161,31,18469.468982030485
B03,PB162,32,18639.393486481076
B03,PB163,33,18853.577339164123
B03,PB756,34,19296.055499270482
B03,PB757,35,19792.522015224444
B03,PB387,36,20274.158720255593
B03,PB388,37,20527.405956833783
B03,PB390,38,20528.405956833783
B03,PB391,39,20529.405956833783
B03,PB392,40,20530.405956833783
B03,PB393,41,21638.29682480206
B03,PB394,42,21639.29682480206
B03,PB395,43,21640.29682480206
B03,PB396,44,22675.75464079761
B03,PB810,45,22939.81329460265
B03,PB811,46,23188.11756591084
B03,PB812,47,23565.937043714803
B03,PB813,48,23848.12368113345
B03,PB814,49,24156.494388557374
B03,PB79,50,24436.360008737913
B03,PB80,51,24759.329944942947
B03,PB81,52,25026.86351717675
B03,PB82,53,25424.498030114417
B03,PB83,54,25675.588482221046
B03,PB84,55,25676.588482221046
B03,PB85,56,25677.588482221046
B03,PB815,57,26273.653223455385
B03,PB816,58,26451.986094489504
B03,PB817,59,26761.843113061186
B03,PB818,60,26976.876618754548
B04,PB851,0,22256.90949563057
B04,PB852,1,22256.90949563057
B04,PB853,2,22256.90949563057
B04,PB854,3,22256.90949563057
B04,PB855,4,22256.90949563057
B04,PB856,5,22256.90949563057
B04,PB857,6,22256.90949563057
B04,PB858,7,22256.90949563057
B04,PB859,8,22256.90949563057
B04,PB860,9,22256.90949563057
B04,PB1865,10,22256.90949563057
B04,PB862,11,22256.90949563057
B04,PB863,12,22256.90949563057
B04,PA838,13,22256.90949563057
B04,PA329,14,22256.90949563057
B04,PA476,15,22256.90949563057
B04,PB670,16,22256.90949563057
B04,PB671,17,22256.90949563057
B04,PB864,18,22256.90949563057
B04,PB865,19,22256.90949563057
B04,PB866,20,22256.90949563057
B04,PB867,21,22256.90949563057
B04,PB868,22,22256.90949563057
B04,PB869,23,22256.90949563057
B04,PB870,24,22256.90949563057
B04,PB871,25,22256.90949563057
B04,PB902,26,22256.90949563057
B04,PB872,27,22256.90949563057
B04,PB873,28,22256.90949563057
B04,PB874,29,22256.90949563057
B04,PB875,30,22256.90949563057
B04,PB876,31,22256.90949563057
B04,PB877,32,22256.90949563057
B04,PB878,33,22256.90949563057
B04,PB879,34,22256.90949563057
B04,PB880,35,22256.90949563057
B04,PB882,36,22256.90949563057
B09,PB64,0,23827.081885004056
B09,PB65,1,23828.081885004056
B09,PB66,2,23829.081885004056
B09,PB1824,3,23830.081885004056
B09,PB67,4,23831.081885004056
B09,PB68,5,23832.081885004056
B09,PB1880,6,23833.081885004056
B09,PJ1752,7,23834.081885004056
B09,PJ1753,8,23835.081885004056
B09,PJ535,9,23836.081885004056
B09,PJ536,10,23837.081885004056
B09,PJ1739,11,23838.081885004056
B09,PJ596,12,23839.081885004056
B09,PJ2025,13,23840.081885004056
B09,PJ1932,14,23841.081885004056
B09,PJ1931,15,23842.081885004056
B09,PB82,16,23843.081885004056
B09,PB83,17,23844.081885004056
B09,PB84,18,23845.081885004056
B09,PB85,19,23846.081885004056
B09,PB86,20,23847.081885004056
B09,PB1709,21,23848.081885004056
B10,PB1123,0,6043.440029287105
B10,PB1124,1,6376.059339980716
B10,PB856,2,6976.903502315
B10,PB857,3,7306.963676661537
B10,PB858,4,7548.758579326999
B10,PB859,5,7770.826631367857
B10,PB860,6,8082.781439545988
B10,PB1866,7,8342.47060892239
B10,PB383,8,8698.32576110955
B10,PB384,9,8878.121765465912
B10,PB385,10,9292.047352077612
B10,PB1125,11,9502.738837268334
B10,PB1126,12,9801.56788254325
B10,PB1127,13,10037.441732484416
B10,PB1128,14,10313.965837914133
B10,PB756,15,10763.405266368705
B10,PB757,16,11259.871780449692
B10,PB387,17,11741.502625521976
B10,PB388,18,11994.757690323042
B10,PB390,19,11995.757690323042
B10,PB902,20,11996.757690323042
B10,PB872,21,11997.757690323042
B10,PB873,22,11998.757690323042
B10,PB874,23,11999.757690323042
B10,PB875,24,12000.757690323042
B10,PB876,25,12001.757690323042
B10,PB1129,26,12002.757690323042
B10,PB1130,27,12003.757690323042
B11,PB1632,0,109.65295627507814
B11,PB1142,1,628.4748027564701
B11,PB1143,2,951.4101731805861
B11,PB1144,3,1361.0007985174225
B11,PB307,4,1647.4428025200064
B11,PB308,5,1902.647033306669
B11,PB325,6,2784.1032371069505
B11,PB1397,7,3170.6385167063995
B11,PB1398,8,3462.24905944342
B14,PB1617,0,3716.537990131922
B14,PB1259,1,3892.6571075871057
B14,PB1726,2,4115.833775626633
B14,PB1260,3,4302.9550385318125
B14,PB1261,4,4592.782381004468
B14,PB1262,5,4972.433292402716
B14,PB1263,6,5265.753432690326
B14,PB1264,7,5479.493427725316
B14,PB1577,8,5667.880029788283
B14,PB1266,9,6029.885353003467
B14,PB1267,10,6275.6917458914795
B14,PB1268,11,6487.751053833927
B14,PB1269,12,6581.917830107854
B14,PB1270,13,6785.389555835391
B14,PB1271,14,7084.211040830294
B14,PB1272,15,7416.368675174378
B14,PB1273,16,7664.9318923793435
B14,PB1265,17,7881.766467932658
B14,PB1274,18,8133.861236568245
B14,PB1275,19,8392.580046133326
B14,PB1960,20,8923.496589744784
B14,PB1958,21,9245.938338577567
B14,PB1957,22,9558.808144539966
B14,PB1955,23,9921.923846230055
B14,PB1953,24,10163.95188843913
B14,PB1951,25,10501.575961497572
B14,PB1950,26,11053.721679040624
B14,PB1949,27,11399.56022239114
B14,PA48,28,11833.68295501495
B14,PA87,29,12518.38027975691
B14,PB211,30,12823.326483524277
B14,PB212,31,13021.96373622176
B14,PB587,32,13520.452446395777
B14,PB214,33,13742.879042950352
B14,PB1952,34,13743.879042950352
B14,PB1954,35,13744.879042950352
B14,PB1956,36,13745.879042950352
B14,PB1959,37,13746.879042950352
B14,PB1963,38,13747.879042950352
B14,PB1965,39,13748.879042950352
B14,PB1277,40,13749.879042950352
B14,PB1278,41,13750.879042950352
B14,PB1279,42,13751.879042950352
B14,PB1280,43,13752.879042950352
B14,PB1281,44,13753.879042950352
B14,PB1282,45,13754.879042950352
B14,PB1283,46,13755.879042950352
B14,PB1600,47,13756.879042950352
B14,PB1284,48,18615.393494234067
B14,PB1599,49,18894.735460753556
B14,PB1285,50,19155.45252883593
B14,PB1286,51,19305.379696595588
B14,PB1287,52,19306.379696595588
B14,PB1288,53,19307.379696595588
B14,PB50,54,19308.379696595588
B14,PB1,55,19309.379696595588
B14,PB1727,56,19310.379696595588
B14,PB1289,57,19311.379696595588
B14,PB734,58,19312.379696595588
B15,PB1183,0,4675.393665146681
B15,PB1184,1,5045.012061151934
B15,PB48,2,5339.643647079132
B15,PB49,3,5599.225085246358
B15,PB1730,4,6036.841461102105
B15,PB1262,5,6181.752876013471
B15,PB1263,6,6475.07301134802
B15,PB145,7,6740.535394371402
B15,PB146,8,6959.347537678849
B15,PB1638,9,7171.746370292368
B15,PB1292,10,7326.352187196547
B15,PB1293,11,7612.665666355319
B15,PB1294,12,7870.865663566936
B15,PB1295,13,8151.562115630439
B15,PB1296,14,8349.026290047164
B15,PB1297,15,8594.091699071318
B15,PB1298,16,8890.196118116832
B15,PB150,17,9180.959498326045
B15,PB151,18,9434.06193555938
B15,PB152,19,9813.57353916054
B15,PB153,20,10021.051899139446
B15,PB154,21,10267.795814867188
B15,PB155,22,10512.893890389043
B15,PB156,23,10969.678352929826
B15,PB157,24,11151.926566922031
B15,PB158,25,11423.712110368517
B15,PA698,26,11657.270612462878
B15,PA170,27,12099.375898623472
B15,PC145,28,12747.509357754643
B15,PC1081,29,13119.20434922469
B15,PB668,30,13439.477986501364
B15,PB1299,31,13955.718483775321
B15,PB1300,32,14169.5032651996
B15,PB1301,33,14581.94327979413
B15,PB165,34,14778.859206202747
B15,PB166,35,15020.866937778399
B15,PB167,36,15231.034382101743
B15,PB168,37,15666.48478372132
B15,PB169,38,15904.282310935958
B15,PB170,39,16134.172403357908
B15,PB1302,40,16135.172403357908
B15,PB1303,41,16136.172403357908
B15,PB1304,42,16137.172403357908
B15,PB1305,43,16138.172403357908
B15,PB1306,44,16139.172403357908
B15,PB1307,45,16140.172403357908
B15,PB1308,46,16141.172403357908
B15,PB1309,47,16142.172403357908
B15,PB173,48,16143.172403357908
B15,PB1286,49,16144.172403357908
B15,PB1287,50,16145.172403357908
B15,PB1288,51,16146.172403357908
B17,PB1312,0,1689.8063152324578
B17,PB2023,1,2431.0977547416664
B17,PB2025,2,2871.3998548451987
B17,PB1314,3,3354.4437235136393
B17,PB1315,4,3528.847709695046
B17,PB1316,5,3818.924979900617
B17,PB1317,6,4144.799557246337
B17,PB1318,7,4430.724265063398
B17,PB397,8,4767.431097370454
B17,PB1319,9,4998.412116066749
B17,PB1320,10,5259.035303976556
B17,PB1321,11,5559.823682376535
B17,PB899,12,5875.204537642871
B17,PB900,13,6103.468034973901
B17,PB1899,14,6557.588599138424
B17,PB758,15,6852.619611099465
B17,PB759,16,6997.614800918616
B17,PB760,17,7182.430451999591
B17,PB761,18,7726.14325223676
B17,PB763,19,8280.609120663084
B17,PB764,20,8463.307219696468
B17,PB1302,21,8868.09465142032
B17,PB1303,22,9098.384713585792
B17,PB1304,23,9338.769336031693
B17,PB1294,24,9875.037748257386
B17,PB1295,25,9876.037748257386
B17,PB1296,26,9877.037748257386
B17,PB1297,27,9878.037748257386
B17,PB1298,28,9879.037748257386
B17,PB754,29,9880.037748257386
B17,PB755,30,9881.037748257386
B17,PB1323,31,12154.642648226947
B17,PB1324,32,12155.642648226947
B17,PB1510,33,12945.593540839727
B17,PB1565,34,13225.367010431582
B17,PB1326,35,13439.238688383972
B17,PB1327,36,13693.20996057269
B17,PB1328,37,13922.59524538657
B17,PB1329,38,13923.59524538657
B17,PB1330,39,13924.59524538657
B17,PB1331,40,13925.59524538657
B17,PB1332,41,15037.277862431201
B17,PB1333,42,15038.277862431201
B17,PB1334,43,15039.277862431201
B17,PB1335,44,15040.277862431201
B17,PB1336,45,15041.277862431201
B17,PB1337,46,15042.277862431201
B17,PB1563,47,16654.0132947815
B17,PB2024,48,17027.76621041643
B17,PB2022,49,17800.203417418405
B20,PB802,0,30085.865430555463
B20,PB803,1,30086.865430555463
B20,PB804,2,30087.865430555463
B20,PB65,3,30088.865430555463
B20,PB66,4,30089.865430555463
B20,PB1824,5,30090.865430555463
B20,PB67,6,30091.865430555463
B20,PB68,7,30092.865430555463
B20,PB69,8,30093.865430555463
B20,PB70,9,30094.865430555463
B20,PB71,10,30095.865430555463
B20,PB72,11,30096.865430555463
B20,PB73,12,30097.865430555463
B20,PB74,13,30098.865430555463
B20,PB75,14,30099.865430555463
B20,PB1389,15,30100.865430555463
B20,PB1390,16,30101.865430555463
B20,PB1391,17,30102.865430555463
B20,PB428,18,30103.865430555463
B20,PB429,19,30104.865430555463
B20,PA838,20,30105.865430555463
B20,PA476,21,30106.865430555463
B20,PA380,22,30107.865430555463
B20,PB865,23,30108.865430555463
B20,PB866,24,30109.865430555463
B20,PB867,25,30110.865430555463
B20,PB430,26,30111.865430555463
B20,PB1525,27,30112.865430555463
B20,PB431,28,30113.865430555463
B20,PB432,29,30114.865430555463
B20,PB1392,30,30115.865430555463
B20,PB1393,31,30116.865430555463
B20,PB1394,32,30117.865430555463
B20,PB1513,33,30118.865430555463
B20,PB77,34,30119.865430555463
B20,PB78,35,30120.865430555463
B20,PB79,36,30121.865430555463
B20,PB80,37,30122.865430555463
B20,PB81,38,30123.865430555463
B20,PB82,39,30124.865430555463
B20,PB83,40,30125.865430555463
B20,PB84,41,30126.865430555463
B20,PB85,42,30127.865430555463
B20,PB816,43,30128.865430555463
B20,PB817,44,30129.865430555463
B20,PB818,45,30130.865430555463
B21,PB1180,0,15818.125916590212
B21,PB1508,1,16059.358205220078
B21,PB1509,2,16331.899497681707
B21,PB1269,3,16657.716207971986
B21,PB1270,4,16861.18793206449
B21,PB1271,5,17160.009200627286
B21,PB1272,6,17492.16709708921
B21,PB1273,7,17740.730354727475
B21,PB1265,8,17957.56484741282
B21,PB1274,9,18209.66060279591
B21,PB1275,10,18468.3798482906
B21,PB1962,11,18899.13634627398
B21,PB1499,12,19222.42961827145
B21,PB1498,13,19552.31798527789
B24,PB1088,0,5024.3568236320125
B24,PB2016,1,5974.237057964016
B24,PB2020,2,6359.842450157311
B24,PB1572,3,6943.318026151406
B24,PB1694,4,7254.188247636563
B24,PB1570,5,7398.467672150259
B24,PB805,6,7650.216497195402
B24,PB806,7,7978.6649580767635
B24,PB807,8,8279.86067372269
B24,PB808,9,8580.99121840456
B24,PB809,10,8916.52287748763
B24,PB376,11,9109.703322271826
B24,PB377,12,9434.124487976671
B24,PB378,13,9821.499037352576
B24,PB379,14,10118.052872819586
B24,PB380,15,10396.879887389292
B24,PB381,16,10563.005920960677
B24,PB382,17,10804.445608173026
B24,PB383,18,11038.90623473076
B24,PB384,19,11218.704105091816
B24,PB385,20,11632.628327513128
B24,PB1125,21,11843.321261253946
B24,PB1126,22,12142.149849475778
B24,PB1127,23,12378.025615616236
B24,PB1128,24,12654.549154280796
B24,PB316,25,12939.32306448925
B24,PB317,26,13194.952036043795
B24,PB318,27,13467.806881923001
B24,PA88,28,13720.577935087977
B24,PA195,29,14058.593427594202
B24,PA763,30,14299.13485518292
B24,PA91,31,14650.8511938334
B24,PA109,32,15479.16292649658
B24,PA156,33,15617.940606267592
B24,PA114,34,15870.217300148079
B24,PA159,35,16127.674709155131
B24,PA160,36,16414.809923205717
B24,PA354,37,16766.087511222395
B24,PB211,38,17140.665803089163
B24,PB212,39,17339.303042237196
B24,PB213,40,17695.517753699427
B24,PB386,41,17926.96920542563
B24,PB1992,42,18241.219512735177
B24,PB387,43,18635.721764042773
B24,PB388,44,18888.972598212797
B24,PB390,45,18889.972598212797
B24,PB391,46,18890.972598212797
B24,PB392,47,18891.972598212797
B24,PB393,48,19999.8622694833
B24,PB394,49,20000.8622694833
B24,PB395,50,20001.8622694833
B24,PB396,51,21037.31999498847
B24,PB810,52,21301.37769691113
B24,PB811,53,21549.68287774973
B24,PB812,54,21927.502435640235
B24,PB813,55,22209.68908974091
B24,PB814,56,22518.059896485785
B24,PB1073,57,22519.059896485785
B24,PB1074,58,22520.059896485785
B24,PB1075,59,22521.059896485785
B24,PB2021,60,23734.7303295955
B25,PB1503,0,15681.320000574113
B25,PB1566,1,15681.320000574113
B25,PB1274,2,15681.320000574113
B25,PB1275,3,15681.320000574113
B25,PB1960,4,15681.320000574113
B25,PB1958,5,15681.320000574113
B25,PB1957,6,15681.320000574113
B25,PB1955,7,15681.320000574113
B25,PB1899,8,15681.320000574113
B25,PB758,9,15681.320000574113
B25,PB759,10,15681.320000574113
B25,PB761,11,15681.320000574113
B25,PB313,12,15681.320000574113
B25,PB756,13,15681.320000574113
B25,PB757,14,15681.320000574113
B25,PB387,15,15681.320000574113
B25,PB1954,16,15681.320000574113
B25,PB1956,17,15681.320000574113
B25,PB1959,18,15681.320000574113
B25,PB1963,19,15681.320000574113
B25,PB1965,20,15681.320000574113
B25,PB1277,21,15681.320000574113
B25,PB1278,22,15681.320000574113
B25,PB1568,23,15681.320000574113
B26,PB851,0,5645.10623077334
B26,PB1471,1,6187.738440178119
B26,PB1745,2,6304.052099553337
B26,PB1314,3,6554.688539459205
B26,PB1315,4,6729.092522129184
B26,PB2035,5,6822.704502510494
B26,PB1316,6,7019.170697443234
B26,PB1472,7,7196.626899605298
B26,PB1473,8,7340.671891755505
B26,PB1474,9,7643.582300942596
B26,PB1475,10,7942.0595264432495
B26,PB1627,11,8175.012240372396
B26,PB1476,12,8348.679899081264
B26,PB1958,13,8684.389156053398
B26,PB1957,14,8997.25940163709
B26,PB1955,15,9360.375339910177
B26,PB1953,16,9602.403384243318
B26,PB1951,17,9940.028600903577
B26,PB1950,18,10492.173214354334
B26,PB1948,19,10929.903421232617
B26,PA48,20,11272.135232533317
B26,PA214,21,11669.083981845115
B26,PA305,22,12502.279585632446
B26,PA306,23,12779.6168714965
B26,PA327,24,13068.05875751739
B26,PJ1566,25,13276.670217542709
B26,PJ1562,26,13678.966880076068
B26,PJ1565,27,14188.477537554958
B26,PJ1551,28,14439.950949695763
B26,PJ1757,29,14794.76005600649
B26,PJ54,30,15062.75216471253
B26,PA1,31,15309.933665523022
B26,PA599,32,15598.18029725761
B26,PA2,33,16332.190782537065
B26,PA378,34,16756.48143332198
B26,PA4,35,17117.77604375708
B26,PA5,36,17118.77604375708
B26,PA6,37,17713.69072651612
B26,PA7,38,17714.69072651612
B26,PA8,39,17715.69072651612
B26,PA725,40,17716.69072651612
B26,PA696,41,17717.69072651612
B26,PA387,42,18885.450136667783
B26,PA388,43,19166.52744589827
B26,PA405,44,19547.196522147566
B26,PA390,45,19738.780750358495
B26,PA391,46,20004.529290424853
B26,PA226,47,20569.250716466242
B26,PA87,48,21769.027818758375
B26,PB211,49,22073.974077707484
B26,PB212,50,22272.61136910353
B26,PB587,51,22771.09991819519
B26,PB214,52,22993.5267384278
B26,PB1952,53,22994.5267384278
B26,PB1954,54,22995.5267384278
B26,PB1956,55,22996.5267384278
B26,PB1647,56,22997.5267384278
B26,PB1478,57,22998.5267384278
B26,PB1628,58,22999.5267384278
B26,PB1479,59,23000.5267384278
B26,PB1480,60,23001.5267384278
B26,PB1481,61,23002.5267384278
B26,PB1482,62,23003.5267384278
B26,PB1335,63,23004.5267384278
B26,PB1336,64,23005.5267384278
B26,PB1464,65,27080.71770366096
B26,PB1465,66,27424.253235078893
B26,PB882,67,27714.885874418367
B27,PB1967,0,5659.070824604509
B27,PB1964,1,6094.996269773902
B27,PB1960,2,6529.2189862105015
B27,PB1958,3,6851.66075835889
B27,PB1957,4,7164.53054628258
B27,PB1955,5,7527.64623826495
B27,PB1953,6,7769.674280386393
B27,PB1951,7,8107.298306520018
B27,PB1950,8,8659.444069366704
B27,PB1949,9,9005.282550683196
B27,PA476,10,9715.18836814899
B27,PA89,11,10084.466038057659
B27,PA820,12,10295.369165359418
B27,PA821,13,10723.439482578822
B27,PA371,14,11149.639248655089
B27,PA169,15,11665.890121897246
B27,PA383,16,12215.939752970235
B27,PC199,17,12664.082093934521
B27,PC200,18,12941.375032668422
B27,PC149,19,13349.63442904102
B27,PC569,20,13682.949884377564
B28,PB1088,0,5024.3568236320125
B28,PB1582,1,5241.9941137931
B28,PB1641,2,5343.07314793726
B28,PB2012,3,5726.078859569785
B28,PJ1752,4,6341.857580758587
B28,PJ1753,5,6590.213977051422
B28,PJ535,6,7003.505326012779
B28,PJ536,7,7259.122063250362
B28,PJ1739,8,7459.963569221161
B28,PJ580,9,7714.819267202094
B28,PJ581,10,7913.4981047073725
B28,PJ1729,11,8396.259618653054
B28,PJ451,12,8669.64574472212
B28,PJ2065,13,9174.533550185382
B28,PJ282,14,9461.717407677823
B28,PJ283,15,9633.298610391175
B28,PJ284,16,9819.956435001346
B28,PJ455,17,10377.188785742079
B28,PJ97,18,10697.221001619386
B28,PJ136,19,11175.122344920326
B28,PJ53,20,11656.87707440988
B28,PJ54,21,11958.878998666582
B28,PA1,22,12206.060539425693
B28,PA427,23,12442.467414567367
B28,PA428,24,12745.16280680664
B28,PA556,25,13135.14056097407
B28,PA474,26,13426.417028787968
B28,PA558,27,13673.04966240346
B28,PA16,28,14097.155194722165
B28,PA4,29,14575.366967333446
B28,PA5,30,15040.915888585841
B28,PA6,31,15171.281523194502
B28,PA7,32,15172.281523194502
B28,PJ56,33,15816.690454149963
B28,PJ57,34,16123.070653764535
B28,PJ58,35,16529.968561368485
B28,PJ45,36,16794.0513636202
B28,PJ591,37,17186.533903557785
B28,PJ47,38,17425.869523540478
B28,PJ292,39,18063.357158793526
B28,PJ458,40,18680.607656215983
B28,PJ2068,41,18887.989837878817
B28,PJ593,42,19281.72553934317
B28,PJ595,43,19626.873990618456
B28,PJ596,44,19818.28765098466
B28,PJ2025,45,20198.4423867659
B28,PJ1932,46,20199.4423867659
B28,PJ1931,47,20200.4423867659
B28,PB2013,48,21424.865088991144
B28,PB2014,49,21685.17310440563
B28,PB2017,50,22138.282995334353
B29,PB64,0,31779.169385229678
B29,PB65,1,31780.169385229678
B29,PB66,2,31781.169385229678
B29,PB1824,3,31782.169385229678
B29,PB67,4,31783.169385229678
B29,PB68,5,31784.169385229678
B29,PB69,6,31785.169385229678
B29,PB70,7,31786.169385229678
B29,PB71,8,31787.169385229678
B29,PB72,9,31788.169385229678
B29,PB73,10,31789.169385229678
B29,PB74,11,31790.169385229678
B29,PB75,12,31791.169385229678
B29,PB1389,13,31792.169385229678
B29,PB1390,14,31793.169385229678
B29,PB1391,15,31794.169385229678
B29,PB428,16,31795.169385229678
B29,PB429,17,31796.169385229678
B29,PA380,18,31797.169385229678
B29,PB865,19,31798.169385229678
B29,PB866,20,31799.169385229678
B29,PB867,21,31800.169385229678
B29,PB430,22,31801.169385229678
B29,PB1525,23,31802.169385229678
B29,PB431,24,31803.169385229678
B29,PB432,25,31804.169385229678
B29,PB1392,26,31805.169385229678
B29,PB1393,27,31806.169385229678
B29,PB1394,28,31807.169385229678
B29,PB1513,29,31808.169385229678
B29,PB77,30,31809.169385229678
B29,PB78,31,31810.169385229678
B29,PB79,32,31811.169385229678
B29,PB80,33,31812.169385229678
B29,PB81,34,31813.169385229678
B29,PB82,35,31814.169385229678
B29,PB83,36,31815.169385229678
B29,PB84,37,31816.169385229678
B29,PB85,38,31817.169385229678
B29,PB86,39,31818.169385229678
B29,PB1709,40,31819.169385229678
B30N,PB802,0,33330.956166825534
B30N,PB803,1,33331.956166825534
B30N,PB804,2,33332.956166825534
B30N,PB65,3,33333.956166825534
B30N,PB66,4,33334.956166825534
B30N,PB1824,5,33335.956166825534
B30N,PB67,6,33336.956166825534
B30N,PB68,7,33337.956166825534
B30N,PB69,8,33338.956166825534
B30N,PB70,9,33339.956166825534
B30N,PB71,10,33340.956166825534
B30N,PB72,11,33341.956166825534
B30N,PB805,12,33342.956166825534
B30N,PB806,13,33343.956166825534
B30N,PB807,14,33344.956166825534
B30N,PB808,15,33345.956166825534
B30N,PB809,16,33346.956166825534
B30N,PB376,17,33347.956166825534
B30N,PB377,18,33348.956166825534
B30N,PB378,19,33349.956166825534
B30N,PB379,20,33350.956166825534
B30N,PB380,21,33351.956166825534
B30N,PB381,22,33352.956166825534
B30N,PB382,23,33353.956166825534
B30N,PB383,24,33354.956166825534
B30N,PB384,25,33355.956166825534
B30N,PB385,26,33356.956166825534
B30N,PB1970,27,33357.956166825534
B30N,PB1969,28,33358.956166825534
B30N,PA329,29,33359.956166825534
B30N,PA476,30,33360.956166825534
B30N,PA88,31,33361.956166825534
B30N,PA195,32,33362.956166825534
B30N,PA763,33,33363.956166825534
B30N,PA91,34,33364.956166825534
B30N,PA109,35,33365.956166825534
B30N,PA114,36,33366.956166825534
B30N,PA111,37,33367.956166825534
B30N,PA159,38,33368.956166825534
B30N,PA112,39,33369.956166825534
B30N,PA160,40,33370.956166825534
B30N,PB159,41,33371.956166825534
B30N,PB161,42,33372.956166825534
B30N,PB162,43,33373.956166825534
B30N,PB163,44,33374.956166825534
B30N,PB756,45,33375.956166825534
B30N,PB757,46,33376.956166825534
B30N,PB387,47,33377.956166825534
B30N,PB388,48,33378.956166825534
B30N,PB390,49,33379.956166825534
B30N,PB391,50,33380.956166825534
B30N,PB392,51,33381.956166825534
B30N,PB393,52,33382.956166825534
B30N,PB394,53,33383.956166825534
B30N,PB395,54,33384.956166825534
B30N,PB396,55,33385.956166825534
B30N,PB810,56,33386.956166825534
B30N,PB811,57,33387.956166825534
B30N,PB812,58,33388.956166825534
B30N,PB813,59,33389.956166825534
B30N,PB814,60,33390.956166825534
B30N,PB79,61,33391.956166825534
B30N,PB80,62,33392.956166825534
B30N,PB81,63,33393.956166825534
B30N,PB82,64,33394.956166825534
B30N,PB83,65,33395.956166825534
B30N,PB84,66,33396.956166825534
B30N,PB85,67,33397.956166825534
B30N,PB816,68,33398.956166825534
B30N,PB817,69,33399.956166825534
B30N,PB818,70,33400.956166825534
B31N,PB1180,0,17143.406464327694
B31N,PB1508,1,17384.63875224745
B31N,PB1509,2,17657.180045008663
B31N,PB308,3,17883.1988137727
B31N,PB309,4,18171.01677367073
B31N,PB310,5,18454.423452640756
B31N,PB311,6,18778.558070758278
B31N,PB312,7,19197.231808998164
B31N,PB313,8,19396.70371858304
B31N,PB314,9,19714.071288735253
B31N,PB315,10,20091.862358502287
B31N,PB316,11,20353.776682521006
B31N,PB317,12,20609.405744139316
B31N,PB318,13,20882.261423964123
B31N,PA88,14,21135.03193537608
B31N,PA195,15,21473.04619140716
B31N,PA763,16,21713.587592414842
B31N,PA91,17,22065.304009721487
B38,PJ397,0,6383.239271822644
B38,PJ2070,1,6712.971180518011
B38,PJ2072,2,6992.743001219342
B38,PJ2074,3,7428.250130331143
B38,PJ2078,4,7764.305559045233
B38,PJ2076,5,8132.313848916876
B38,PJ448,6,8511.66823150554
B38,PJ449,7,8729.216781245503
B38,PJ29,8,9269.497263246554
B38,PJ30,9,9603.698241536149
B38,PJ31,10,10026.469492020533
B38,PJ32,11,10239.41013560753
B38,PJ1961,12,10463.303283804767
B38,PB2013,13,11067.989841522905
B38,PB2014,14,11328.298314429296
B38,PB2017,15,11781.40784636667
B38,PB1312,16,15512.843041560689
B38,PB2015,17,16275.892971166964
B38,PB2012,18,16707.127630060575
B38,PJ1,19,16708.127630060575
B38,PJ2,20,16709.127630060575
B38,PJ3,21,16710.127630060575
B38,PJ4,22,16711.127630060575
B38,PJ1812,23,18737.032912312545
B38,PJ461,24,18924.131741505607
B38,PJ462,25,19258.117732590752
B38,PJ2077,26,19259.117732590752
B38,PJ2075,27,19260.117732590752
B38,PJ2073,28,19261.117732590752
B38,PJ2071,29,19262.117732590752
B38,PJ2069,30,19263.117732590752
B41,PB1967,0,7136.673837068154
B41,PB1964,1,7572.599510551608
B41,PB1960,2,8006.821440093723
B41,PB1958,3,8329.262536914426
B41,PB1957,4,8642.13284732474
B41,PB1955,5,9005.248820484037
B41,PB1899,6,9250.288127591222
B41,PB758,7,9545.318932047772
B41,PB759,8,9690.313484827213
B41,PB760,9,9875.128805920975
B41,PB761,10,10418.841115535368
B41,PB313,11,10761.532590221133
B41,PB756,12,11156.142005259579
B41,PB757,13,11652.608519622352
B41,PB1324,14,11653.608519622352
B41,PB1510,15,12737.84176149501
B41,PB1956,16,12738.84176149501
B41,PB1959,17,12739.84176149501
B41,PB1963,18,12740.84176149501
B41,PB1966,19,12741.84176149501
B41,PB1968,20,12742.84176149501
C01,PC298,0,14613.721937495608
C01,PC299,1,15047.032158094356
C01,PC300,2,15440.007892980606
C01,PC177,3,15879.59114348926
C01,PC178,4,16296.297415613852
C01,PC179,5,16563.78300557681
C01,PC180,6,16790.71285858618
C01,PC181,7,17191.580889517878
C01,PC182,8,17635.444921280498
C01,PC74,9,18190.3435686873
C01,PC75,10,18617.687298923967
C01,PC76,11,19055.429697169893
C01,PC77,12,19272.133686329125
C01,PC78,13,19629.143122985868
C01,PC79,14,19917.392410285593
C01,PC80,15,20232.410484721477
C01,PC486,16,20610.419633591624
C01,PC487,17,20838.98174400625
C01,PC618,18,21287.190675987924
C01c,PC74,0,44.965406333901825
C01c,PC160,1,555.419991238782
C01c,PC161,2,998.8612390087218
C01c,PC162,3,1176.4510787155648
C01c,PC163,4,1431.4307600607192
C01c,PC1066,5,1818.8130201300228
C01c,PC165,6,2399.7011270909607
C01c,PC278,7,2778.252518723192
C01c,PC279,8,3042.3412195135356
C01c,PC280,9,3589.045736149985
C02,PC420,0,3279.850381498252
C02,PC421,1,3567.8817370651554
C02,PC422,2,3740.8690718283324
C02,PC315,3,4073.812223914433
C02,PC316,4,4288.312854610111
C02,PC121,5,4687.231418589386
C02,PC122,6,4939.898126793289
C02,PC174,7,5172.362737765563
C02,PC1105,8,5437.882971790333
C02,PC175,9,5807.295785492163
C02,PC176,10,6059.419493700184
C02,PC177,11,6435.286856323859
C02,PC178,12,6851.992887160928
C02,PC179,13,7119.476890954342
C02,PC180,14,7346.406041647784
C02,PC181,15,7747.274753982994
C02,PC906,16,8679.13828179971
C02,PC74,17,8746.037694579001
C02,PC586,18,8747.037694579001
C02,PC161,19,8748.037694579001
C02,PC162,20,8749.037694579001
C02,PC163,21,8750.037694579001
C02,PC164,22,10709.448636587771
C02,PC165,23,11100.772961973345
C02,PC166,24,11394.829747252448
C02,PC167,25,11819.359652547293
C02,PC168,26,12174.00122982683
C02,PC137,27,12500.416408233277
C02,PC1064,28,12911.245012769434
C02,PC138,29,12912.245012769434
C02,PC170,30,13585.011159563895
C02,PC396,31,13586.011159563895
C02,PC397,32,14127.626944795531
C02c,PC420,0,3279.850381498252
C02c,PC421,1,3567.8817370651554
C02c,PC422,2,3740.8690718283324
C02c,PC171,3,4121.613084326992
C02c,PC1020,4,4486.00841990787
C02c,PC1068,5,4962.630004727393
C03,PC668,0,183.81376241470008
C03,PC669,1,424.9061485736026
C03,PC670,2,790.9978869488347
C03,PC671,3,855.8948925623347
C03,PC672,4,1134.0479946260284
C03,PC674,5,1300.7706271786249
C03,PC675,6,1523.9583159159558
C03,PC676,7,1763.7298504158196
C03,PC677,8,2015.3875249809691
C03,PC678,9,2409.3434444081686
C03,PC1134,10,2661.768476754511
C03,PC679,11,2844.2242414388934
C03,PC1068,12,3227.9495743705206
C03,PC139,13,3684.530744107419
C03,PC140,14,4090.95794620774
C03,PC264,15,13513.465515679438
C03,PC265,16,13845.65628789021
C03,PC266,17,14185.481898840499
C03,PC267,18,14911.34825760187
C03,PC268,19,15161.523613812187
C03,PC269,20,15448.356933026096
C03,PC155,21,15957.101016365863
C03,PC207,22,16444.38591309845
C03,PC208,23,16445.38591309845
C03,PC209,24,16446.38591309845
C03,PC210,25,16447.38591309845
C03,PC1326,26,18102.33872723635
C03,PC641,27,18558.09110253142
C03,PC118,28,28072.765341757855
C03,PC119,29,28073.765341757855
C03,PC120,30,28074.765341757855
C03,PC1067,31,29790.64524336462
C03,PC662,32,29791.64524336462
C03,PC663,33,29792.64524336462
C03,PC664,34,30911.150560285416
C03,PC665,35,30912.150560285416
C03,PC1061,36,30913.150560285416
C03,PC448,37,31894.88431743438
C03,PC449,38,32106.082708637306
C03,PC450,39,32330.75000173732
C03c,PC668,0,183.81376241470008
C03c,PC669,1,424.9061485736026
C03c,PC670,2,790.9978869488347
C03c,PC671,3,855.8948925623347
C03c,PC672,4,1134.0479946260284
C03c,PC674,5,1300.7706271786249
C03c,PC675,6,1523.9583159159558
C03c,PC676,7,1763.7298504158196
C03c,PC677,8,2015.3875249809691
C03c,PC678,9,2409.3434444081686
C03c,PC1134,10,2661.768476754511
C03c,PC679,11,2844.2242414388934
C03c,PC1068,12,3227.9495743705206
C03c,PC139,13,3684.530744107419
C03c,PC140,14,4090.95794620774
C05,PC618,0,0.0
C05,PC582,1,362.0042253308148
C05,PC583,2,687.7702598054826
C05,PC584,3,870.5187586440807
C05,PC79,4,1325.6789975293054
C05,PC80,5,1640.6952860073127
C05,PD224,6,2116.304233651223
C05,PD479,7,2590.8943850403757
C05,PD480,8,3063.654623909632
C05,PD481,9,3549.6523572237616
C05,PC728,10,3768.3836738465775
C05,PC129,11,3943.621773948737
C05,PC130,12,4189.876568894386
C05,PC131,13,4557.934834019299
C05,PC132,14,4724.18632323274
C05,PC1034,15,4994.481451829205
C05,PC133,16,5399.543634094087
C05,PC134,17,5626.612725917622
C05,PC135,18,5787.506007408162
C05,PC136,19,6134.493825680529
C05,PC729,20,6581.824298826484
C05,PC730,21,6861.5787222667295
C05,PC731,22,7112.92918348157
C06,PC668,0,183.81376241470008
C06,PC669,1,424.9061485736026
C06,PC670,2,790.9978869488347
C06,PC671,3,855.8948925623347
C06,PC672,4,1134.0479946260284
C06,PC448,5,1327.1157191345535
C06,PC449,6,1538.3141103374835
C06,PC450,7,1762.9814034374983
C06,PC478,8,3098.3106126313864
C06,PC541,9,3252.951171080663
C06,PC1030,10,3538.0162293669796
C06,PC542,11,3719.2892503619933
C06,PC543,12,3934.685247692577
C06,PC544,13,4306.959829365993
C06,PC545,14,4492.062236340581
C06,PC546,15,4703.065842468745
C06,PC547,16,4983.641736099593
C06,PC548,17,5584.038600048771
C06,PC549,18,5798.263408073684
C06,PC550,19,6211.191458208179
C06,PC551,20,6554.69076273548
C06,PC552,21,6918.59542869819
C06,PC553,22,7403.792182483271
C06,PC554,23,7808.599529855738
C06,PC699,24,8040.9447414520655
C06,PC555,25,8226.536367595356
C06,PC556,26,8453.740275912978
C06,PC557,27,8931.35346287757
C06,PC391,28,9218.82213078832
C06,PC392,29,9483.018801426906
C06,PC394,30,9865.294543626207
C06,PC1107,31,10298.270185005244
C06,PC155,32,10962.588464473463
C06,PC1216,33,11417.35324329947
C06,PC1227,34,11631.346026219304
C06,PC1145,35,12150.453503151022
C07,PC618,0,0.0
C07,PC582,1,362.0042253308148
C07,PC583,2,687.7702598054826
C07,PC584,3,870.5187586440807
C07,PC79,4,1325.6789975293054
C07,PC80,5,1640.6952860073127
C07,PD224,6,2116.304233651223
C07,PC89,7,2789.0275963274516
C07,PC90,8,3020.2406278345347
C07,PC91,9,3202.0717887460237
C07,PC92,10,3730.0322476782226
C07,PC93,11,4216.6143093980145
C07,PC94,12,4432.623942740434
C07,PC95,13,4677.333360460588
C07,PC1254,14,5118.289182032941
C07,PC96,15,5861.392006200495
C07,PC97,16,6189.74143444365
C07,PC98,17,6487.473070127609
C09,PC478,0,13533.000542971506
C09,PC541,1,13687.638427384043
C09,PC311,2,13972.306137694815
C09,PC312,3,14183.568765282735
C09,PC313,4,14468.665044020347
C09,PC172,5,14810.264715284453
C09,PC1020,6,15044.993403642156
C09,PC1064,7,15632.017945623375
C09,PC138,8,16069.75074281404
C09,PC170,9,16305.78528193331
C09,PC171,10,16612.92614042908
C09,PC302,11,16613.92614042908
C09,PC303,12,16614.92614042908
C09,PC304,13,16615.92614042908
C09,PC305,14,17589.469942528744
C09,PC306,15,17590.469942528744
C09c,PC478,0,3916.0441926225194
C09c,PC541,1,4070.684055592841
C09c,PC311,2,4355.354698380289
C09c,PC312,3,4566.61799413597
C09c,PC313,4,4851.71294657542
C09c,PC172,5,5193.306225564032
C09c,PC1020,6,5428.0362332739105
C09c,PC1064,7,6015.060741313132
C09c,PC138,8,6452.791147912847
C09c,PC170,9,6688.82688810759
C09c,PC171,10,6995.974941548822
C09c,PC302,11,6996.974941548822
C09c,PC303,12,6997.974941548822
C09c,PC304,13,6998.974941548822
C09c,PC305,14,7972.516519474463
C09c,PC306,15,7973.516519474463
C11,PC876,0,526.5987457498344
C11,PC58,1,971.9464146562568
C11,PC59,2,1247.1368566177084
C11,PC60,3,1566.9152999937023
C11,PC321,4,2210.2307442195597
C11,PC322,5,2483.127307593394
C11,PC902,6,12569.440095380722
C11,PC903,7,12934.729191068884
C11,PC904,8,13281.869062634953
C11,PC905,9,13657.887766505886
C11,PC965,10,14151.482286284003
C11,PC72,11,14675.508560119195
C11,PC73,12,14837.03371400502
C11,PC906,13,15131.69610907352
C13,PC453,0,506.2955818754821
C13,PC1046,1,796.3085257392536
C13,PC674,2,1220.7428734347257
C13,PC675,3,1443.9305621720566
C13,PC676,4,1683.7020966719203
C13,PC677,5,1935.35977123707
C13,PC678,6,2329.315690664269
C13,PC1134,7,2581.7407230106114
C13,PC679,8,2764.1964876949937
C13,PC1068,9,3147.921820626621
C13,PC139,10,3604.5029903635195
C13,PC140,11,4010.9301924638407
C13,PC118,12,24967.011613882125
C13,PC119,13,24968.011613882125
C13,PC120,14,24969.011613882125
C13,PC1067,15,26684.89151548889
C13,PC662,16,26685.89151548889
C13,PC663,17,26686.89151548889
C13,PC664,18,27805.396832409686
C13,PC665,19,27806.396832409686
C13,PC1061,20,27807.396832409686
C13,PC448,21,27808.396832409686
C13,PC449,22,27809.396832409686
C14,PC617,0,32.223778922215295
C14,PC928,1,730.7264018828207
C14,PC929,2,1016.1378308947906
C14,PC930,3,1362.1512483968518
C14,PC931,4,1495.4976541880922
C14,PC1253,5,1820.9316947470297
C14,PC97,6,2229.761255641907
C14,PC98,7,2527.4925688885914
C15,PC876,0,526.5987457498344
C15,PC58,1,971.9464146562568
C15,PC59,2,1247.1368566177084
C15,PC60,3,1566.9152999937023
C15,PC321,4,2210.2307442195597
C15,PC322,5,2483.127307593394
C15,PC952,6,13038.423314797521
C15,PC953,7,13357.652130861161
C15,PC1018,8,13725.974527889788
C15,PC71,9,14363.20113478877
C15,PC72,10,14955.44242153879
C15,PC73,11,15116.967575424615
C15,PC906,12,15411.629970493115
C16,PC453,0,506.2955818754821
C16,PC1046,1,796.3085257392536
C16,PC674,2,1220.7428734347257
C16,PC675,3,1443.9305621720566
C16,PC676,4,1683.7020966719203
C16,PC677,5,1935.35977123707
C16,PC678,6,2329.315690664269
C16,PC1134,7,2581.7407230106114
C16,PC679,8,2764.1964876949937
C16,PC1068,9,3147.921820626621
C16,PC139,10,3604.5029903635195
C16,PC140,11,4010.9301924638407
C18,PC70,0,17099.102737933237
C18,PC71,1,17491.559930880074
C18,PC72,2,18083.799625081745
C18,PC73,3,18245.325184020803
C18,PC906,4,18539.987874815088
C19,PC298,0,10523.495074492106
C19,PC299,1,10956.804625689436
C19,PC300,2,11349.779305062437
C19,PC177,3,11789.362097531035
C19,PC178,4,12206.068479867003
C19,PC179,5,12473.554794059637
C19,PC180,6,12700.484967769446
C19,PC181,7,13101.352687542807
C19,PC182,8,13545.218633555813
C19,PC906,9,14033.209146686328
C20,PC876,0,526.5987457498344
C20,PC58,1,971.9464146562568
C20,PC59,2,1247.1368566177084
C20,PC60,3,1566.9152999937023
C20,PC321,4,2210.2307442195597
C20,PC322,5,2483.127307593394
C20,PC964,6,2891.237823592498
C20,PC904,7,3145.0533500065712
C20,PC905,8,3521.072053877505
C20,PC965,9,4014.6665736556197
C20,PC72,10,4538.692847490808
C20,PC73,11,4700.218001376633
C20,PC906,12,4994.880396445133
C22,PC1090,0,580.2089498647408
C22,PC58,1,987.9353564443608
C22,PC59,2,1263.1257984058125
C22,PC60,3,1582.9042417818064
C22,PC61,4,1955.7879554407632
C25,PD1215,0,188.2032695869401
C25,PD1424,1,425.5543113555514
C25,PD998,2,639.7229664848726
C25,PD738,3,1166.1210564540972
C25,PD1420,4,1663.225578294217
C25,PD440,5,1931.6511826468206
C25,PD441,6,2187.3804704447803
C25,PD999,7,2337.634166279891
C25,PD1000,8,2667.95164622925
C25,PD1001,9,2909.7818639978873
C25,PD445,10,3313.635641936411
C25,PD780,11,3635.073468782948
C25,PD781,12,3848.2002332737934
C25,PD782,13,4035.2076767102008
C25,PD1633,14,4620.712784543682
C25,PD1004,15,5114.237850175433
C25,PD1005,16,5444.135434382146
C25,PD1006,17,5618.968902993309
C25,PC671,18,6418.23870192993
C25,PC672,19,6696.3923222085
C25,PC675,20,7086.303260769992
C25,PC676,21,7326.075009099978
C25,PC677,22,7577.733063524591
C25,PC678,23,7971.689360729495
C25,PC1134,24,8224.11446804663
C25,PC679,25,8406.570903778547
C25,PC1064,26,8900.061260943521
C25,PC138,27,9337.789618056262
C25,PC170,28,9573.82638560317
C25,PC396,29,9830.302377343365
C25,PC397,30,10108.89095108675
C25,PC398,31,10291.176704145977
C26c,PC1125,0,5272.828988397243
C26c,PC155,1,5700.298007364249
C26c,PC1216,2,6155.059720350573
C26c,PC1227,3,6369.0493798519365
C26c,PC1145,4,6888.158963878087
C27,PC419,0,6138.362595142425
C27,PC420,1,6290.222599931296
C27,PC421,2,6576.986444551636
C27,PC422,3,6749.973779314812
C27,PC171,4,7130.717791813472
C27,PC172,5,7260.383119684471
C27,PC1020,6,7495.11312739435
C27,PC1064,7,8082.137635433572
C27,PC138,8,8519.868042033286
C27,PC170,9,8755.90378222803
C27,PC396,10,8756.90378222803
C27,PC397,11,8757.90378222803
C27,PC398,12,8758.90378222803
C28,PC74,0,44.965406333901825
C28,PC160,1,555.419991238782
C28,PC161,2,998.8612390087218
C28,PC162,3,1176.4510787155648
C28,PC163,4,1431.4307600607192
C28,PC1066,5,1818.8130201300228
C28,PC165,6,2399.7011270909607
C28,PC278,7,2778.252518723192
C28,PC279,8,3042.3412195135356
C28,PC280,9,3589.045736149985
C33c,PC697,0,1187.551134485276
C33c,PC698,1,1587.7199620600986
C33c,PC638,2,1788.4384216198837
C33c,PC267,3,2484.218209808322
C33c,PC268,4,2734.393963313226
C33c,PC269,5,3021.2265608655252
C33c,PC155,6,3529.9720068851757
C33c,PC207,7,4017.252734161413
C33c,PC208,8,4018.252734161413
C33c,PC209,9,4019.252734161413
C33c,PC210,10,4020.252734161413
C33c,PC1326,11,5675.207769931548
C33c,PC641,12,6130.960092488626
C37,PC478,0,6631.505639760555
C37,PC541,1,6786.1455027308775
C37,PC311,2,7070.816145518325
C37,PC312,3,7282.079441274006
C37,PC313,4,7567.174393713456
C37,PC172,5,7908.767672702068
C37,PC1020,6,8143.497680411947
C37,PC1068,7,8620.752335655616
C37,PC138,8,9168.252595050883
C37,PC170,9,9404.288335245627
C37,PC171,10,9711.436388686858
C37,PC302,11,9712.436388686858
C37,PC303,12,9713.436388686858
C37,PC304,13,9714.436388686858
C37,PC305,14,10687.977966612501
C37,PC306,15,10688.977966612501
D01,PD1649,0,1326.020062190094
D01,PD1648,1,1495.749761296404
D01,PD922,2,1735.1696055782538
D01,PD923,3,2073.954806513047
D01,PD924,4,2435.368784494316
D01,PD925,5,2698.029797968891
D01,PD1425,6,3107.307156860241
D01,PD1426,7,3599.2963289127542
D01,PD1057,8,3932.198081919729
D01,PD1058,9,4358.6406112606555
D01,PD1059,10,4573.289488759815
D01,PD1029,11,4815.26057772238
D01,PD1060,12,5044.93397567215
D01,PD1061,13,5304.065567165954
D01,PD1419,14,5527.697016233988
D01,PD1062,15,5722.294440050308
D01,PD1369,16,5916.159593189305
D01,PD441,17,6233.047146294893
D01,PD442,18,6531.77086232751
D01,PD1666,19,6726.041579781914
D01,PD444,20,7066.507505460693
D01,PD445,21,7401.385159352338
D01,PD299,22,7721.227981182749
D01,PD300,23,8017.071774602442
D01,PD301,24,8139.301377624512
D01,PD302,25,8452.626985624374
D01,PD446,26,8670.787192782995
D01,PD447,27,8853.254727179616
D01,PD448,28,9136.605867921455
D01,PD449,29,9506.394017793871
D01,PD450,30,9949.901941924021
D01,PD187,31,10593.843960448216
D01,PD435,32,11184.4146881919
D01,PD436,33,11604.376850423778
D01,PD437,34,11949.224000656895
D01,PD438,35,12140.758046157373
D01,PD1634,36,12542.232518947612
D01,PD414,37,12543.232518947612
D01,PD415,38,12544.232518947612
D01,PD416,39,12545.232518947612
D01,PD247,40,12546.232518947612
D01,PD248,41,12547.232518947612
D01,PD249,42,12548.232518947612
D01,PD417,43,12549.232518947612
D01,PD454,44,12550.232518947612
D01,PD1427,45,12551.232518947612
D01,PD1018,46,12552.232518947612
D01,PD1187,47,12553.232518947612
D01,PD1418,48,12554.232518947612
D01,PD1079,49,12555.232518947612
D01,PD1080,50,12556.232518947612
D01,PD1081,51,12557.232518947612
D01,PD1045,52,12558.232518947612
D01,PD1046,53,17368.24571047975
D01,PD1405,54,17663.0916386666
D01,PD1404,55,17979.267711389286
D01,PD1403,56,18309.745280748823
D01,PD1423,57,18535.78897058059
D01,PD985,58,18536.78897058059
D01,PD986,59,18537.78897058059
D01,PD1647,60,18538.78897058059
D01,PD921,61,18539.78897058059
D01,PD1646,62,18540.78897058059
D02,PD329,0,447.7437182267849
D02,PD330,1,818.1923727756789
D02,PD348,2,1094.4908792709905
D02,PD349,3,1343.332937550008
D02,PD111,4,1734.6598168002886
D02,PD429,5,1966.17434872258
D02,PD112,6,2149.2031698360215
D02,PD350,7,2523.7618974992056
D02,PD431,8,2758.402092693278
D02,PD351,9,3046.6644003773313
D02,PD352,10,3344.4828464520047
D02,PD1370,11,3578.79368421979
D02,PD353,12,3764.987098229895
D02,PD354,13,4082.7363689730714
D02,PD355,14,4277.605584170859
D02,PD356,15,4535.952858911869
D02,PD432,16,4879.494835034695
D02,PD433,17,5171.323401589663
D02,PD434,18,5561.353630541185
D02,PD220,19,6145.591718799592
D02,PD178,20,6464.80633952943
D02,PD221,21,6843.6086776769025
D02,PD709,22,7103.706109963857
D02,PD710,23,7500.60756801959
D02,PD711,24,7679.497512975412
D02,PD361,25,7929.240912454475
D02,PD1634,26,8528.207237549688
D02,PD414,27,8749.975622221718
D02,PD415,28,8931.203379228456
D02,PD416,29,9155.657541194065
D02,PD247,30,9346.307930475234
D02,PD746,31,10005.790563693141
D02,PD747,32,10297.142782842806
D02,PD748,33,10499.49074167912
D02,PD749,34,10681.362541933115
D02,PD1288,35,11138.752598879175
D02,PD1289,36,11380.215405172872
D02,PD1290,37,11757.738153325263
D02,PD1675,38,12097.015896916031
D03,PA494,0,7.973837611889889
D03,PA54,1,208.86391036815758
D03,PA55,2,573.9564544925208
D03,PA478,3,902.2654548102774
D03,PA479,4,1225.9043475893861
D03,PA480,5,1522.3497501138888
D03,PA481,6,1847.2672238180007
D03,PA482,7,2109.251706767618
D03,PA483,8,2446.775190628912
D03,PA615,9,2645.142655117239
D03,PC1044,10,3550.2385318726474
D03,PA487,11,3873.2226015648857
D03,PD426,12,4177.249267381315
D03,PD427,13,4328.168793298534
D03,PD347,14,4887.075432790694
D03,PD348,15,5234.178180134677
D03,PD349,16,5483.020312919922
D03,PD111,17,5874.34716907195
D03,PD429,18,6105.861687629382
D03,PD112,19,6288.890492227932
D03,PD350,20,6663.449219490229
D03,PD431,21,6898.089416428806
D03,PD351,22,7186.351707632156
D03,PD352,23,7484.170191732873
D03,PD353,24,7904.674447470757
D03,PD354,25,8222.423719985169
D03,PD355,26,8417.292782871575
D03,PD356,27,8675.640156474465
D03,PD432,28,9019.18212686829
D03,PD433,29,9311.010627607528
D03,PD434,30,9701.040956921153
D03,PD219,31,9878.16212932622
D03,PD220,32,10285.279155475251
D03,PD435,33,10577.197182686818
D03,PD786,34,10783.64289119992
D03,PD787,35,11091.447249935107
D03,PD287,36,11456.809823880612
D03,PD288,37,11782.234780957966
D03,PD289,38,12026.45111940925
D03,PD290,39,12218.95540853256
D03,PD291,40,12347.166328963494
D03,PD292,41,12521.786221137883
D03,PD293,42,12778.83864153068
D03,PD459,43,13041.588704192432
D03,PD367,44,13206.606886235351
D03,PD368,45,13388.607859500798
D03,PD656,46,13612.700159776872
D03,PD491,47,13754.267112392712
D03,PD1451,48,13904.917297985252
D03,PD492,49,14087.816966431576
D03,PD493,50,14353.566085802648
D03,PD494,51,14639.441917621965
D03,PD495,52,14914.574402070519
D03,PD496,53,15152.45659693562
D03,PD497,54,15422.488509745861
D03,PD793,55,15578.169759997674
D03c,PD797,0,1476.2555103630766
D03c,PD798,1,1567.4407272127949
D03c,PD504,2,1838.089816280376
D03c,PD505,3,2079.507680275957
D03c,PD506,4,2346.228642112536
D03c,PD507,5,2515.0094326705516
D03c,PD508,6,2767.7147007723042
D03c,PD509,7,2912.2269724659163
D03c,PD1450,8,3114.6011444530754
D03c,PD510,9,3295.811488647731
D03c,PD271,10,4480.245599126353
D03c,PD1382,11,4933.127288661184
D03c,PD295,12,5186.454120076778
D03c,PD296,13,5493.543518535409
D03c,PD297,14,5750.965895805026
D03c,PD298,15,5931.99529921961
D03c,PD299,16,6274.03995544141
D03c,PD300,17,6569.8837488611025
D03c,PD301,18,6692.113351883172
D03c,PD302,19,7005.438959883035
D03c,PD446,20,7223.599167041654
D03c,PD447,21,7406.066701438273
D03c,PD448,22,7689.417842180117
D03c,PD449,23,8059.2059920525335
D03c,PD450,24,8502.713916182684
D03c,PD178,25,8907.364830078654
D03c,PD221,26,9286.167142193066
D03c,PD709,27,9546.263527309902
D03c,PD710,28,9943.164901646316
D03c,PD711,29,10122.054921766388
D03c,PD361,30,10371.800590067895
D03c,PD1634,31,10970.764610984032
D03c,PD414,32,10971.764610984032
D03c,PD415,33,10972.764610984032
D03c,PD416,34,10973.764610984032
D03c,PD247,35,10974.764610984032
D03c,PD248,36,10975.764610984032
D03c,PD249,37,10976.764610984032
D03c,PD417,38,10977.764610984032
D03c,PD251,39,10978.764610984032
D03c,PD252,40,10979.764610984032
D03c,PD253,41,10980.764610984032
D03c,PD254,42,10981.764610984032
D03c,PD255,43,14175.098012491006
D03c,PD1379,44,14176.098012491006
D03c,PD256,45,14769.839523066374
D03c,PD459,46,15102.80855340321
D03c,PD367,47,15267.825724250286
D03c,PD368,48,15449.824630513906
D03c,PD656,49,15673.91687638439
D03c,PD491,50,15674.91687638439
D03c,PD1451,51,15675.91687638439
D03c,PD492,52,15676.91687638439
D03c,PD493,53,15677.91687638439
D03c,PD494,54,15678.91687638439
D03c,PD495,55,15679.91687638439
D03c,PD496,56,15680.91687638439
D03c,PD497,57,15681.91687638439
D03c,PD793,58,15682.91687638439
D05,PD614,0,335.6737841494097
D05,PD465,1,737.5141466714209
D05,PD466,2,1035.4151183600893
D05,PD469,3,1545.5302732192258
D05,PD470,4,1849.1958462393488
D05,PD471,5,2164.182646683476
D05,PD472,6,2488.046765685397
D05,PD886,7,2839.5613912773865
D05,PD375,8,3215.362224446858
D05,PD376,9,3512.9938062664264
D05,PD887,10,3721.3491806881843
D05,PD888,11,3782.929022362187
D05,PD889,12,4013.2583843674324
D05,PD890,13,4131.820931374954
D05,PD891,14,4332.211957805149
D05,PD866,15,4446.927356799247
D05,PD867,16,4716.73704660208
D05,PD868,17,4986.966510373434
D05,PD870,18,5333.097267198279
D05,PD871,19,5480.413785644975
D05,PD872,20,5767.893032470925
D05,PD873,21,6173.544304064988
D05,PD874,22,6540.660235554985
D05,PD569,23,6791.9125498939775
D05,PD570,24,7026.741550110347
D05,PD875,25,7573.425694676316
D05,PD876,26,7848.806188289592
D05,PD877,27,8195.952783397715
D05,PD878,28,8561.674271413303
D05,PD879,29,8891.595147798795
D05,PD880,30,9228.966059496594
D05,PD881,31,9553.1693817801
D05,PD882,32,9812.548979465273
D05,PD883,33,9982.241097855765
D05,PD884,34,10223.09722075697
D05,PD653,35,10465.48746469078
D05,PD654,36,10678.04109475775
D05,PD655,37,10938.861838179198
D05,PD204,38,11496.056906296419
D05,PA697,39,11896.995004972934
D05,PA202,40,12156.383157365814
D05,PA503,41,12413.69316184809
D05,PA504,42,12729.315198015478
D05,PA505,43,13231.939762889835
D05,PA506,44,13469.148871805493
D05,PA507,45,13815.99715407368
D05,PA508,46,14074.216167573637
D05,PA509,47,14641.610916046222
D05,PA824,48,15189.10676399917
D07,PA830,0,0.0
D07,PA64,1,392.821988186256
D07,PA495,2,752.5630075980546
D07,PA496,3,1047.567310358385
D07,PA497,4,1310.0906667121144
D07,PA498,5,1538.8048152561864
D07,PA126,6,1746.6316524997042
D07,PH162,7,2216.9628012543726
D07,PH385,8,2682.081351936941
D07,PH386,9,2920.1966974280367
D07,PH1465,10,3240.239145649254
D07,PH387,11,3482.7953637401843
D07,PH1642,12,3798.906756518029
D07,PH210,13,4133.488424198859
D07,PD1612,14,4784.173973117072
D07,PD1387,15,5398.809417359813
D07,PD951,16,5562.397564097646
D07,PD952,17,5784.104493584776
D07,PD953,18,6229.53544914886
D07,PD954,19,6528.365242263402
D07,PD955,20,6751.681593878423
D07,PD956,21,7007.062766756193
D07,PD957,22,7462.285312165644
D07,PD958,23,7702.285338756697
D07,PD959,24,8055.458748394719
D07,PD16,25,8335.516234140898
D07,PD960,26,8476.795586111642
D07,PD961,27,8619.296252325888
D07,PD962,28,8760.334500899242
D07,PD963,29,8973.810103781921
D07,PD964,30,9319.682300747108
D07,PD965,31,9553.846697920348
D07,PD1388,32,9769.676105956445
D07,PD966,33,9947.90383779056
D07,PD967,34,10242.591608741634
D07,PD968,35,10422.70323064769
D07,PD699,36,10519.260737024479
D07,PD700,37,10777.063003101626
D07,PD701,38,11065.398019771623
D07,PD702,39,11316.362905343438
D07,PD850,40,11513.284696926487
D07,PD851,41,11795.046700256493
D07,PD969,42,12175.739901302502
D07,PD970,43,12394.941932615158
D07,PD971,44,12583.38350510702
D07,PD972,45,12790.789483914778
D07,PD973,46,12868.024131732991
D07,PD974,47,13258.005643123735
D07,PD975,48,13610.51371124775
D07,PD976,49,13839.761646657122
D07,PD1392,50,13980.663723036992
D07,PD977,51,14192.525769220387
D07,PD978,52,14445.563374533223
D07,PD387,53,14778.43886892453
D07,PD979,54,15195.878406726399
D07,PD388,55,15312.273369253182
D07,PD980,56,15666.543887676473
D07,PD981,57,16223.983945540349
D07,PD982,58,16569.562538065722
D07,PD983,59,16920.66680107471
D07,PD984,60,17417.269169135903
D07,PD985,61,17690.052661417394
D07,PD986,62,18039.094619499956
D07,PD987,63,18422.311028247557
D07,PD988,64,18783.02081092758
D07,PD989,65,18840.781370283188
D07,PD990,66,18981.45007275115
D07,PD991,67,19235.792430748166
D07,PD992,68,19494.901672022166
D07,PD793,69,19653.172905412743
D07c,PD1649,0,1326.020062190094
D07c,PD1648,1,1495.749761296404
D07c,PD922,2,1735.1696055782538
D07c,PD923,3,2073.954806513047
D07c,PD924,4,2435.368784494316
D07c,PD925,5,2698.029797968891
D07c,PD926,6,3162.1204916156676
D07c,PD927,7,3444.232251066435
D07c,PD928,8,3878.554057686674
D07c,PD929,9,4434.708835447108
D07c,PD930,10,4658.832016624194
D07c,PD886,11,4961.390698315633
D07c,PD375,12,5337.191414119903
D07c,PD376,13,5634.822979757644
D07c,PD377,14,5951.399562997003
D07c,PD378,15,6278.467252486524
D07c,PD379,16,6512.377594975716
D07c,PD175,17,6796.130924827225
D07c,PD280,18,7228.009075414217
D07c,PD281,19,7416.8012053880475
D07c,PD282,20,7613.378392109148
D07c,PD176,21,7778.851053792728
D07c,PD969,22,8059.607712089001
D07c,PD970,23,8278.809768246621
D07c,PD971,24,8467.251359798442
D07c,PD972,25,8674.657333039648
D07c,PD973,26,8751.892325188966
D07c,PD974,27,9141.873800906227
D07c,PD975,28,9494.38190900451
D07c,PD976,29,9723.629796815781
D07c,PD977,30,10076.39358278199
D07c,PD978,31,10329.431185362782
D07c,PD387,32,10330.431185362782
D07c,PD979,33,10331.431185362782
D07c,PD388,34,10332.431185362782
D07c,PD980,35,11550.412090012107
D07c,PD981,36,12107.852212873857
D07c,PD982,37,12108.852212873857
D07c,PD983,38,12109.852212873857
D07c,PD984,39,12110.852212873857
D07c,PD985,40,12111.852212873857
D07c,PD986,41,12112.852212873857
D07c,PD1647,42,12113.852212873857
D07c,PD921,43,12114.852212873857
D07c,PD1646,44,12115.852212873857
D08,PD545,0,1032.1043031078539
D08,PD546,1,24822.09963446377
D08,PD993,2,24823.09963446377
D08,PD994,3,24824.09963446377
D08,PD995,4,24825.09963446377
D08,PD996,5,24826.09963446377
D08,PD997,6,24827.09963446377
D08,PD998,7,24828.09963446377
D08,PD738,8,24829.09963446377
D08,PD1420,9,24831.09963446377
D08,PD440,10,24832.09963446377
D08,PD441,11,24833.09963446377
D08,PD999,12,24834.09963446377
D08,PD1000,13,24835.09963446377
D08,PD1001,14,24836.09963446377
D08,PD445,15,24837.09963446377
D08,PD780,16,24838.09963446377
D08,PD781,17,24839.09963446377
D08,PD782,18,24840.09963446377
D08,PD1002,19,24841.09963446377
D08,PD1003,20,24842.09963446377
D08,PD1004,21,24843.09963446377
D08,PD1005,22,24844.09963446377
D08,PD1006,23,24845.09963446377
D08,PC975,24,24846.09963446377
D08,PC976,25,24847.09963446377
D08,PC977,26,24848.09963446377
D08,PC482,27,24849.09963446377
D08,PC483,28,24850.09963446377
D08,PC484,29,24851.09963446377
D08,PC112,30,24852.09963446377
D08,PC485,31,24853.09963446377
D08,PC486,32,24854.09963446377
D08,PD1377,33,24855.09963446377
D08,PC978,34,24856.09963446377
D08,PD476,35,24857.09963446377
D08,PD477,36,24858.09963446377
D08,PD478,37,24859.09963446377
D08,PD224,38,24860.09963446377
D08,PD479,39,24861.09963446377
D08,PD480,40,24862.09963446377
D08,PD481,41,24863.09963446377
D08,PD1007,42,24864.09963446377
D08,PD1008,43,24865.09963446377
D08,PD1009,44,24866.09963446377
D08,PD1010,45,24867.09963446377
D08,PD1011,46,24868.09963446377
D08,PD1290,47,24869.09963446377
D08,PD1013,48,24870.09963446377
D08,PD1014,49,24871.09963446377
D08,PD1015,50,24872.09963446377
D08,PD1016,51,24873.09963446377
D08,PD417,52,24874.09963446377
D08,PD418,53,24875.09963446377
D08,PD419,54,24876.09963446377
D08,PD1017,55,24877.09963446377
D08,PD1018,56,24878.09963446377
D08,PD1019,57,24879.09963446377
D08,PD726,58,24880.09963446377
D08,PD727,59,24881.09963446377
D08,PD1020,60,24882.09963446377
D08,PD1021,61,24883.09963446377
D08,PD1022,62,24884.09963446377
D08,PD1023,63,24885.09963446377
D08,PD1024,64,24886.09963446377
D08,PD1025,65,24887.09963446377
D08,PD541,66,24997.599335783998
D09,PD545,0,1034.6797133081627
D09,PD546,1,28814.22375267796
D09,PD993,2,28815.22375267796
D09,PD994,3,28816.22375267796
D09,PD995,4,28817.22375267796
D09,PD996,5,28818.22375267796
D09,PD997,6,28819.22375267796
D09,PD998,7,28820.22375267796
D09,PD1027,8,28821.22375267796
D09,PD1028,9,28822.22375267796
D09,PD1029,10,28823.22375267796
D09,PD1030,11,28824.22375267796
D09,PD1031,12,28825.22375267796
D09,PD256,13,28826.22375267796
D09,PD257,14,28827.22375267796
D09,PD258,15,28828.22375267796
D09,PD1373,16,28829.22375267796
D09,PD259,17,28830.22375267796
D09,PD260,18,28831.22375267796
D09,PD657,19,28832.22375267796
D09,PD261,20,28833.22375267796
D09,PD804,21,28834.22375267796
D09,PD805,22,28835.22375267796
D09,PD806,23,28836.22375267796
D09,PD451,24,28837.22375267796
D09,PD452,25,28838.22375267796
D09,PD826,26,28839.22375267796
D09,PD827,27,28840.22375267796
D09,PD828,28,28841.22375267796
D09,PD829,29,28842.22375267796
D09,PD1264,30,28843.22375267796
D09,PD1265,31,28844.22375267796
D09,PD1266,32,28845.22375267796
D09,PC987,33,28846.22375267796
D09,PC988,34,28847.22375267796
D09,PC989,35,28848.22375267796
D09,PD53,36,28849.22375267796
D09,PD76,37,28850.22375267796
D09,PD1267,38,28851.22375267796
D09,PD1268,39,28852.22375267796
D09,PD1269,40,28853.22375267796
D09,PD168,41,28854.22375267796
D09,PC45,42,28855.22375267796
D09,PC46,43,28856.22375267796
D09,PC47,44,28857.22375267796
D09,PC48,45,28858.22375267796
D09,PC49,46,28859.22375267796
D09,PC50,47,28860.22375267796
D09,PC51,48,28861.22375267796
D09,PC1221,49,28862.22375267796
D09,PC1103,50,28863.22375267796
D09,PC39,51,28864.22375267796
D09,PC40,52,28865.22375267796
D09,PC41,53,28866.22375267796
D09,PC42,54,28867.22375267796
D09,PC43,55,28868.22375267796
D09,PC44,56,28869.22375267796
D09,PD108,57,28870.22375267796
D09,PD1291,58,28871.22375267796
D09,PD1293,59,28872.22375267796
D09,PD1294,60,28873.22375267796
D09,PD1295,61,28874.22375267796
D09,PD1589,62,28875.22375267796
D09,PD1037,63,28876.22375267796
D09,PD1038,64,28877.22375267796
D09,PD1039,65,28878.22375267796
D09,PD1040,66,28879.22375267796
D09,PD1041,67,28880.22375267796
D09,PD816,68,28881.22375267796
D09,PD409,69,28882.22375267796
D09,PD410,70,28883.22375267796
D09,PD1360,71,28884.22375267796
D09,PD785,72,28885.22375267796
D09,PD786,73,28886.22375267796
D09,PD287,74,28887.22375267796
D09,PD288,75,28888.22375267796
D09,PD289,76,28889.22375267796
D09,PD290,77,28890.22375267796
D09,PD291,78,28891.22375267796
D09,PD292,79,28892.22375267796
D09,PD293,80,28893.22375267796
D09,PD294,81,28894.22375267796
D09,PD1042,82,28895.22375267796
D09,PD1043,83,28896.22375267796
D09,PD1044,84,28897.22375267796
D09,PD1045,85,28898.22375267796
D09,PD1046,86,28899.22375267796
D09,PD1047,87,28900.22375267796
D09,PD1021,88,28901.22375267796
D09,PD1022,89,28902.22375267796
D09,PD1023,90,28903.22375267796
D09,PD1024,91,28904.22375267796
D09,PD1025,92,28905.22375267796
D09,PD540,93,28906.22375267796
D09,PD541,94,28989.723453998187
D10,PD1612,0,250.24322695265155
D10,PD1387,1,864.8783021758097
D10,PD951,2,1028.4664898072274
D10,PD952,3,1250.1734208862088
D10,PD1154,4,1525.484242955606
D10,PD1155,5,1812.6500328156096
D10,PD20,6,1982.3769736661618
D10,PD21,7,2255.4722004280657
D10,PD1306,8,2413.624160004047
D10,PD1307,9,2670.746085894178
D10,PD1308,10,2860.472275163928
D10,PD1309,11,3175.5060211058612
D10,PD1310,12,3367.7785906575073
D10,PD1311,13,3700.5172386980894
D10,PD1312,14,3995.875271474406
D10,PD668,15,4145.251159361966
D10,PD1440,16,4305.776099905969
D10,PD1356,17,4851.751671870871
D10,PD669,18,5617.266928984858
D10,PD670,19,5891.0210072022355
D10,PD671,20,6092.130862354431
D10,PD672,21,6287.749579201817
D10,PD673,22,6500.532989706511
D10,PD674,23,6688.27415801777
D10,PD607,24,6821.919786553407
D10,PD608,25,7365.533639518214
D10,PD1396,26,7523.800328006673
D10,PD609,27,7805.901676550895
D10,PD610,28,8102.420654709564
D10,PD1053,29,8420.660897080208
D10,PD611,30,8652.823158529212
D10,PD612,31,8997.149698993506
D10,PD613,32,9254.051134386391
D10,PD614,33,9559.036111516212
D10,PD465,34,9960.876988530097
D10,PD466,35,10258.7783025388
D10,PD469,36,10768.893208715852
D10,PD470,37,11072.55886882437
D10,PD471,38,11387.545639046011
D10,PD472,39,11711.409747966085
D10,PD886,40,12062.923472540026
D10,PD375,41,12438.724203854556
D10,PD376,42,12736.355771629727
D10,PD887,43,12944.712689954169
D10,PD888,44,13006.292389866992
D10,PD889,45,13236.62152608509
D10,PD890,46,13355.184100484048
D10,PD931,47,13608.291292584227
D10,PD932,48,13950.136896439719
D10,PD933,49,14344.043967736365
D10,PD934,50,14502.811627282203
D10,PD281,51,14685.274900145214
D10,PD282,52,14881.852091263352
D10,PD176,53,15047.324696758362
D10,PD284,54,15469.831990937157
D10,PD285,55,15688.775335209033
D10,PD177,56,15971.57734943571
D10,PD218,57,16287.851066007599
D10,PD219,58,16408.575986789063
D10,PD286,59,16719.085415964786
D10,PD788,60,17071.916409907284
D10,PD789,61,17275.662066748293
D10,PD790,62,17474.604193056228
D10,PD791,63,17773.60891462575
D10,PD792,64,18072.6993263314
D10,PD488,65,18350.32693179229
D10,PD489,66,18612.86014752637
D10,PD490,67,18906.50799108806
D10,PD491,68,19059.062375101876
D10,PD1451,69,19209.71183393114
D10,PD492,70,19392.61221759311
D10,PD493,71,19658.361592653746
D10,PD494,72,19944.237382856063
D10,PD1057,73,20267.296673830482
D10,PD1058,74,20693.739202320874
D10,PD1059,75,20908.388026470886
D10,PD1046,76,21229.731392300077
D10,PD1047,77,21491.536798945435
D11,PD1020,0,2551.917082156261
D11,PD1027,1,2881.470999377778
D11,PD1028,2,3197.9372703080767
D11,PD1029,3,3442.413882751026
D11,PD1030,4,3601.997737284605
D11,PD1031,5,3951.70708450576
D11,PD256,6,4345.526025240068
D11,PD1097,7,4548.465889680696
D11,PD1098,8,4809.1069866186745
D11,PD1099,9,4931.035788618326
D11,PD1100,10,5070.820577611798
D11,PD1101,11,5221.25319474335
D11,PD1102,12,5453.275631481444
D11,PD1103,13,5724.621667425408
D11,PD303,14,6099.45948840326
D11,PD304,15,6391.3821067598155
D11,PD305,16,6582.767688417153
D11,PD306,17,6855.7885914989
D11,PD307,18,7199.017969199503
D11,PD308,19,7570.906416750327
D11,PD309,20,7764.279504210749
D11,PD310,21,8117.232290662618
D11,PD311,22,8540.653777664707
D11,PC728,23,8767.422993206337
D11,PC129,24,8942.66089512809
D11,PC130,25,9188.91569342192
D11,PC131,26,9556.97316306124
D11,PC132,27,9723.22460217115
D11,PC1034,28,9993.521221375506
D11,PC1109,29,10142.39209593638
D11,PC523,30,10350.28245341023
D11,PC524,31,10543.078876958847
D11,PC525,32,10736.252453148016
D11,PC526,33,10906.785582450935
D11,PC527,34,11082.842284798582
D11,PC678,35,11711.232329837663
D11,PC1068,36,12529.836838750745
D11,PC139,37,12986.41892944675
D11,PC140,38,13392.845117368583
D13,PD428,0,0.0
D13,PD776,1,725.2872277145983
D13,PD1597,2,934.8163300606838
D13,PD1598,3,1252.4817683802353
D13,PD1599,4,1695.6229632194343
D13,PD1600,5,2058.2642168720004
D13,PD1602,6,2641.5407369531686
D13,PD1604,7,3176.6533360027497
D13,PD839,8,3414.8426876380763
D13,PD840,9,3603.849349275661
D13,PD1149,10,4043.1714284426253
D13,PD1150,11,4304.068335733019
D13,PD1151,12,4569.8631776824905
D13,PD948,13,4809.910804518974
D13,PD1152,14,5115.607943319794
D13,PD1154,15,5679.947206084338
D13,PD1155,16,5967.112784521077
D13,PD1157,17,6358.363546403814
D13,PD1158,18,6625.084083075206
D13,PD1159,19,6922.635951132774
D13,PD1160,20,7258.404467818467
D13,PD25,21,7568.123967513704
D13,PD26,22,7664.062294108814
D13,PD27,23,7900.539346103058
D13,PD28,24,8153.424007372706
D13,PD29,25,8388.425269291598
D13,PD1611,26,9318.91116757808
D13,PE1499,27,10105.04024990123
D13,PE477,28,10719.147555354435
D13,PE478,29,10886.04249472934
D13,PE479,30,11134.29640541209
D13,PE819,31,11508.635512325409
D13,PE820,32,11822.709258921668
D13,PE827,33,12048.330395695099
D13,PE158,34,12281.887815637201
D13,PE159,35,12541.05847248722
D13,PE1296,36,12876.723405871382
D13,PE1282,37,13450.330441978716
D14,PD193,0,531.5688233170658
D14,PD194,1,994.6291307459937
D14,PD195,2,1299.9477669306737
D14,PD196,3,1581.6734089065033
D14,PD197,4,1848.4676819709075
D14,PD1387,5,2457.8485055642545
D14,PD951,6,2621.43678995417
D14,PD952,7,2843.1437248012176
D14,PD953,8,3288.575360931025
D14,PD954,9,3587.4053546723267
D14,PD1162,10,3763.5226137559307
D14,PD1163,11,3906.9323140184506
D14,PD1164,12,4203.895976720953
D14,PD1165,13,4345.578658278445
D14,PD1166,14,4615.218501375436
D14,PD1167,15,4831.7473053690655
D14,PD1168,16,5041.850602784148
D14,PD1169,17,5198.5859286266505
D14,PD1170,18,5524.4787082233515
D14,PD1171,19,5731.891456475048
D14,PD1362,20,5940.235564299942
D14,PD1172,21,6105.073267867008
D14,PD668,22,6252.617087613634
D14,PD669,23,6741.763414684544
D14,PD670,24,7015.516732573341
D14,PD671,25,7216.627574223341
D14,PD672,26,7412.246444476544
D14,PD673,27,7625.02972975969
D14,PD674,28,7812.770516164646
D14,PD607,29,7946.418014055446
D14,PD275,30,8734.799021749172
D14,PD276,31,8905.659929482312
D14,PD277,32,9153.29118688853
D14,PD278,33,9328.96862602949
D14,PD174,34,9679.037108718316
D14,PD1613,35,10336.654970377285
D15,PD797,0,1476.2555103630766
D15,PD798,1,1567.4407272127949
D15,PD498,2,1964.069482441022
D15,PD499,3,2221.8631684755414
D15,PD1424,4,2448.1858925943106
D15,PD998,5,2662.3532294725937
D15,PD738,6,3188.7518286630325
D15,PD1420,7,3685.856666371718
D15,PD440,8,3954.2822425322206
D15,PD1187,9,4225.004185319723
D15,PD1418,10,4454.047601921493
D15,PD1079,11,4627.700347583217
D15,PD254,12,5037.871985136829
D15,PD1188,13,5362.795282324628
D15,PD1189,14,5615.259075922695
D15,PD1378,15,5838.405260424422
D15,PD301,16,6259.64759130053
D15,PD302,17,6572.9731993003925
D15,PD446,18,6791.133406459012
D15,PD447,19,6973.600940855631
D15,PD448,20,7256.952081597475
D15,PD449,21,7626.740231469891
D15,PD450,22,8070.248155600041
D15,PD178,23,8474.89906949601
D15,PD221,24,8853.701381610423
D15,PD709,25,9113.797766727259
D15,PD710,26,9510.699141063673
D15,PD711,27,9689.589161183745
D15,PD712,28,10003.44273894307
D15,PD713,29,10362.777745723039
D15,PD714,30,10627.93864344072
D15,PD715,31,10835.865000241121
D15,PD716,32,11151.99930721885
D15,PD717,33,11491.280447870966
D15,PD718,34,11690.348801146958
D15,PD1668,35,12216.123966090834
D15,PD1002,36,12709.584355353532
D15,PD1003,37,12887.726439682252
D15,PD1076,38,16701.864735801148
D15,PD1013,39,16702.864735801148
D15,PD1411,40,17444.0291750239
D15,PD1410,41,17804.334340441063
D15,PD1431,42,18096.58511459093
D15,PD751,43,18359.275982864034
D15,PD752,44,18630.426561175274
D15,PD753,45,18907.99532217708
D15,PD754,46,19274.86331577941
D15,PD755,47,19527.269588221494
D15,PD756,48,19710.487599767675
D15,PD757,49,20023.292884838283
D15,PD759,50,20640.24935404412
D15,PD228,51,20949.511095607428
D15,PD229,52,21228.545922253263
D15,PD187,53,21537.398841861177
D15,PD410,54,22680.675387000232
D15,PD1360,55,22681.675387000232
D15,PD1091,56,23218.377678711673
D15,PD412,57,23503.034524334955
D15,PD413,58,23814.0714772173
D15,PD1634,59,23914.318658742013
D15,PD414,60,23915.318658742013
D15,PD415,61,23916.318658742013
D15,PD416,62,23917.318658742013
D15,PD247,63,23918.318658742013
D15,PD248,64,23919.318658742013
D15,PD249,65,23920.318658742013
D15,PD1211,66,23921.318658742013
D15,PD1212,67,23922.318658742013
D15,PD1213,68,23923.318658742013
D15,PD1382,69,23924.318658742013
D15,PD295,70,23925.318658742013
D15,PD1419,71,23926.318658742013
D15,PD1062,72,23927.318658742013
D15,PD1369,73,23928.318658742013
D15,PD1019,74,23929.318658742013
D15,PD726,75,23930.318658742013
D15,PD727,76,23931.318658742013
D15,PD1215,77,28503.928546542735
D15,PD502,78,28504.928546542735
D15,PD503,79,28505.928546542735
D15,PD793,80,28506.928546542735
D16,PC1022,0,26.31892323933361
D16,PC386,1,306.84059997789444
D16,PC1122,2,521.8284870416937
D16,PD1471,3,1306.847680750926
D16,PD1446,4,1561.331808413426
D16,PD1447,5,2033.7279626919385
D16,PD810,6,2212.327649768204
D16,PD811,7,2418.13389086518
D16,PD812,8,2618.472677381417
D16,PD813,9,2890.1615356734737
D16,PD814,10,3178.552045371646
D16,PD313,11,3784.260692249755
D16,PD314,12,4057.0815934899388
D16,PI629,13,4697.0485541572925
D16,PI630,14,5018.803988132117
D16,PI631,15,5356.498477195866
D16,PI632,16,5617.050727447986
D16,PI633,17,5836.168892885104
D16,PI634,18,6070.173630021638
D16,PD895,19,6362.1708034174835
D16,PD596,20,6534.053172330695
D16,PD597,21,6840.899476160709
D16,PD598,22,7148.552908276173
D16,PD599,23,7475.649670037264
D16,PD600,24,7864.860292684637
D16,PD1362,25,8082.226385470236
D16,PD1172,26,8247.061889384657
D16,PD668,27,8394.607145527561
D16,PD1440,28,8555.130865138937
D16,PD669,29,8883.76050624285
D16,PD670,30,9157.516357308486
D16,PD671,31,9358.623912212921
D16,PD672,32,9554.242271303981
D16,PD673,33,9767.025973802758
D16,PD674,34,9954.768032803291
D16,PD896,35,10270.386342748188
D16,PD897,36,10496.262511098803
D16,PD1417,37,10610.259595839863
D16,PD74,38,10974.036456683289
D16,PD130,39,11317.009895029269
D16,PD1642,40,11780.144127207028
D16,PD273,41,12058.064802576162
D16,PD676,42,12145.648904320073
D16,PD677,43,12569.792516806148
D16,PD678,44,12726.654828682664
D16,PD679,45,12956.323115738325
D16,PD680,46,13181.404126561545
D16,PD681,47,13449.411786818653
D16,PD682,48,13633.418985726688
D16,PD133,49,13727.849361221066
D16,PD818,50,13895.387420139417
D16,PD134,51,14090.412963221339
D16,PD135,52,14438.993152883217
D16,PD136,53,14787.9139300459
D16,PD619,54,14992.04280114404
D16,PD1452,55,15255.91558028315
D16,PD620,56,15496.421395665102
D17,PD1613,0,21637.516557394152
D17,PD1356,1,329.144887076922
D17,PD1421,2,1211.7653523761203
D17,PD1245,3,1529.413213284281
D17,PD1354,4,2238.9783866893868
D17,PD1246,5,3071.6247154308367
D17,PD1247,6,3386.222645626417
D17,PD469,7,3903.2475400602793
D17,PD470,8,4206.913186114964
D17,PD471,9,4521.8999612137895
D17,PD472,10,4845.764071760782
D17,PD980,11,5106.810144764158
D17,PD981,12,5664.25032531384
D17,PD1248,13,6208.43658052296
D17,PD1583,14,6652.464088059725
D17,PD1249,15,6924.230308598039
D17,PD1250,16,7301.897128925459
D17,PD1430,17,7815.898519644154
D17,PD1432,18,8646.763753104626
D17,PE1414,19,9249.644999627531
D17,PD1253,20,9528.705411975188
D17,PE1389,21,9878.81597937436
D17,PE1390,22,10101.448983767128
D17,PE1507,23,12667.48762326693
D17,PE1511,24,13248.513915888594
D17,PE1388,25,13618.89015483735
D17,PD1236,26,13619.89015483735
D17,PD1237,27,13620.89015483735
D17,PD1238,28,13621.89015483735
D17,PD1434,29,13622.89015483735
D17,PD1240,30,13623.89015483735
D17,PD1241,31,16561.11252129229
D17,PD1242,32,16895.257918436997
D17,PD1398,33,16896.257918436997
D17,PD929,34,17712.245891307342
D17,PD930,35,17936.369068658096
D17,PD460,36,19415.780585127057
D17,PD1243,37,19775.848887014316
D17,PD1355,38,19776.848887014316
D17,PD1406,39,19777.848887014316
D17,PD1407,40,19778.848887014316
D17,PD1244,41,21636.516557394152
D17,PD1613,42,21637.516557394152
D17v,PD1613,0,21559.409171665142
D17v,PD1356,1,329.144887076922
D17v,PD1421,2,1211.7653523761203
D17v,PD1245,3,1529.413213284281
D17v,PD1354,4,2238.9783866893868
D17v,PD1246,5,3071.6247154308367
D17v,PD1247,6,3386.222645626417
D17v,PD469,7,3903.2475400602793
D17v,PD470,8,4206.913186114964
D17v,PD471,9,4521.8999612137895
D17v,PD472,10,4845.764071760782
D17v,PD980,11,5106.810144764158
D17v,PD981,12,5664.25032531384
D17v,PD1248,13,6208.43658052296
D17v,PD1583,14,6652.464088059725
D17v,PD1249,15,6924.230308598039
D17v,PD1250,16,7301.897128925459
D17v,PD1621,17,7859.209900867428
D17v,PD1661,18,8428.788592999557
D17v,PD1622,19,8626.014678158705
D17v,PD1619,20,8884.175031108498
D17v,PD1640,21,10411.015508060736
D17v,PD1638,22,11514.62537242329
D17v,PD1639,23,11515.62537242329
D17v,PD1620,24,11518.62537242329
D17v,PD1618,25,11519.62537242329
D17v,PD1693,26,11520.62537242329
D17v,PD1616,27,14931.000495607474
D17v,PD1238,28,14932.000495607474
D17v,PD1434,29,14933.000495607474
D17v,PD1240,30,14934.000495607474
D17v,PD1241,31,16483.00513556328
D17v,PD1242,32,16817.150532707987
D17v,PD1398,33,16818.150532707987
D17v,PD929,34,17634.138505578332
D17v,PD930,35,17858.261682929086
D17v,PD460,36,19337.673199398047
D17v,PD1243,37,19697.741501285305
D17v,PD1355,38,19698.741501285305
D17v,PD1406,39,19699.741501285305
D17v,PD1407,40,19700.741501285305
D17v,PD1244,41,21558.409171665142
D17v,PD1613,42,21559.409171665142
D18,PD1674,0,5382.1022297343015
D18,PD1633,1,5745.126996113668
D18,PD1254,2,5998.964886744805
D18,PD1255,3,6288.903338750471
D18,PD1256,4,6495.715516757011
D18,PD1257,5,6805.0037733770305
D18,PD1258,6,7100.371174608531
D18,PD1361,7,7301.996378931013
D18,PD308,8,7687.209100797148
D18,PD1259,9,7946.372434921219
D18,PD1260,10,8195.552172660786
D18,PD1199,11,8644.412211685249
D18,PD1200,12,8970.781310985973
D18,PD1201,13,9182.844294950335
D18,PD185,14,9494.560967323147
D18,PD226,15,9740.070894738104
D18,PD227,16,10040.053227490514
D18,PD186,17,10252.335072318678
D18,PD1261,18,10451.900037296173
D18,PD1262,19,10701.044320680598
D18,PD1263,20,11066.816415421967
D18,PD1264,21,11417.13838111069
D18,PD1265,22,11720.032109633827
D18,PD1266,23,12003.48533066087
D18,PC987,24,12408.65714587926
D18,PC988,25,12653.942560386491
D18,PC989,26,12911.83824174372
D18,PD53,27,13195.042826066552
D18,PD76,28,13532.314051895954
D18,PD1267,29,13779.112460409757
D18,PD1268,30,14065.754392136407
D18,PD1269,31,14523.745958713125
D18,PD1270,32,14806.1614953569
D18,PD1271,33,15087.65638651381
D18,PD1272,34,15276.575907290071
D18,PD1273,35,15575.785358015124
D18,PD1274,36,15898.179646298337
D18,PC999,37,16654.918097594407
D18,PC502,38,17117.67574656638
D20,PD545,0,1032.1043031078539
D20,PD546,1,19418.38611469788
D20,PD993,2,19419.38611469788
D20,PD1455,3,19420.38611469788
D20,PD1454,4,19421.38611469788
D20,PD1463,5,19422.38611469788
D20,PD926,6,19423.38611469788
D20,PD927,7,19424.38611469788
D20,PD928,8,19425.38611469788
D20,PD929,9,19426.38611469788
D20,PD930,10,19427.38611469788
D20,PD1456,11,19428.38611469788
D20,PD1457,12,19429.38611469788
D20,PD1458,13,19430.38611469788
D20,PD1459,14,19431.38611469788
D20,PD1357,15,19432.38611469788
D20,PD461,16,19433.38611469788
D20,PD462,17,19434.38611469788
D20,PD463,18,19435.38611469788
D20,PD139,19,19436.38611469788
D20,PD140,20,19437.38611469788
D20,PD141,21,19438.38611469788
D20,PD142,22,19439.38611469788
D20,PD143,23,19440.38611469788
D20,PD144,24,19441.38611469788
D20,PD683,25,19442.38611469788
D20,PD684,26,19443.38611469788
D20,PD1462,27,19444.38611469788
D20,PD1461,28,19445.38611469788
D20,PD626,29,19446.38611469788
D20,PD627,30,19447.38611469788
D20,PD628,31,19448.38611469788
D20,PD608,32,19449.38611469788
D20,PD1396,33,19450.38611469788
D20,PD609,34,19451.38611469788
D20,PD1441,35,19452.38611469788
D20,PD1460,36,19453.38611469788
D20,PD680,37,19454.38611469788
D20,PD681,38,19455.38611469788
D20,PD682,39,19456.38611469788
D20,PD133,40,19457.38611469788
D20,PD818,41,19458.38611469788
D20,PD134,42,19459.38611469788
D20,PD819,43,19460.38611469788
D20,PD135,44,19461.38611469788
D20,PD136,45,19462.38611469788
D20,PD619,46,19463.38611469788
D20,PD464,47,19464.38611469788
D20,PD465,48,19465.38611469788
D20,PD466,49,19466.38611469788
D20,PD469,50,19467.38611469788
D20,PD470,51,19468.38611469788
D20,PD471,52,19469.38611469788
D20,PD472,53,19470.38611469788
D20,PD980,54,19471.38611469788
D20,PD981,55,19472.38611469788
D20,PD982,56,19473.38611469788
D20,PD983,57,19474.38611469788
D20,PD984,58,19475.38611469788
D20,PD1425,59,19476.38611469788
D20,PD539,60,19477.38611469788
D20,PD540,61,19478.38611469788
D20,PD541,62,19593.885816018108
D26,PD614,0,335.6737841494097
D26,PD462,1,526.5711092946433
D26,PD139,2,790.0360496609203
D26,PD140,3,979.6117752033956
D26,PD141,4,1285.5568236196984
D26,PD142,5,1582.5523033392753
D26,PD143,6,1800.7255031083666
D26,PD144,7,2016.2239209146396
D26,PD683,8,2373.627771329219
D26,PD684,9,2477.2836582775394
D26,PD685,10,2830.334415741306
D26,PD686,11,2985.76424015087
D26,PD687,12,3378.3293183144315
D26,PD130,13,3607.395772177117
D26,PE1410,14,3972.7472321731134
D26,PE35,15,4583.290695928096
D26,PE36,16,15668.028716811417
D26,PE1284,17,15669.028716811417
D26,PE1286,18,15670.028716811417
D26,PE1285,19,15671.028716811417
D26,PE1413,20,15672.028716811417
D26,PE1321,21,15673.028716811417
D26,PE273,22,15674.028716811417
D26,PE274,23,15675.028716811417
D26,PE275,24,15676.028716811417
D26,PE276,25,15677.028716811417
D26,PE277,26,15678.028716811417
D26,PE1505,27,15679.028716811417
D26,PE1503,28,15680.028716811417
D26,PE824,29,15681.028716811417
D26,PE1517,30,15682.028716811417
D26,PE1336,31,15683.028716811417
D26,PE1341,32,15684.028716811417
D26,PE1339,33,15685.028716811417
D26,PE503,34,15686.028716811417
D26,PE504,35,15687.028716811417
D26,PE1504,36,15688.028716811417
D26,PD1393,37,15689.028716811417
D26,PD861,38,15690.028716811417
D26,PD862,39,15691.028716811417
D26,PD615,40,15692.028716811417
D26,PD616,41,15693.028716811417
D26,PD617,42,15694.028716811417
D26,PD169,43,15695.028716811417
D26,PD171,44,15696.028716811417
D26,PD172,45,15697.028716811417
D26,PD170,46,15698.028716811417
D26,PD145,47,15707.945715961749
D26,PD146,48,15904.223492312443
D26,PD1642,49,16718.13680764414
D26,PD273,50,16996.05881791545
D26,PD676,51,16997.05881791545
D26,PD677,52,17507.78765743938
D26,PD678,53,17664.649912465422
D26,PD679,54,17894.31843582518
D26,PD680,55,18119.39964301636
D26,PD681,56,18387.407214659343
D26,PD682,57,18388.407214659343
D26,PD133,58,18389.407214659343
D26,PD818,59,18390.407214659343
D26,PD134,60,18391.407214659343
D26,PD135,61,18392.407214659343
D26,PD136,62,18393.407214659343
D26,PD619,63,18394.407214659343
D26,PD1452,64,20193.910172794098
D26,PD620,65,20434.41813417413
E02,PG1585,0,89.3400341511295
E02,PG446,1,422.8955900710311
E02,PG425,2,541.5483693571692
E02,PG426,3,824.9467618982488
E03,PE521,0,5882.6081274948165
E03,PE522,1,6138.302684473665
E03,PE1296,2,6613.815032445126
E03,PG445,3,14020.014289673154
E03,PG1585,4,14188.85368810226
E04,PA826,0,19.171461525130375
E04,PA706,1,730.579567048656
E04,PH484,2,1209.2886504559788
E04,PH786,3,1437.8576211877892
E04,PH785,4,1608.804107012678
E04,PH401,5,1942.8230287966128
E04,PH402,6,2270.131623482088
E04,PH403,7,2679.87961421342
E04,PH405,8,2997.678832073777
E04,PH406,9,3265.607284918177
E04,PH407,10,3590.1644009343695
E04,PH164,11,3874.976039886478
E04,PH165,12,4122.266442183382
E04,PH1460,13,4459.123149976558
E04,PH646,14,4765.292381692758
E04,PH755,15,5018.667827691264
E04,PH756,16,5200.172528085479
E04,PH757,17,5412.856496419979
E04,PH459,18,5636.886104208812
E04,PH758,19,5916.486218715156
E04,PH759,20,6242.161413505618
E04,PH760,21,6567.596109241047
E04,PH761,22,7007.817371221958
E04,PH1456,23,7264.762212575197
E04,PH1491,24,7581.365240819013
E04,PH21,25,7769.877037387581
E04,PH22,26,8033.700163506152
E04,PH672,27,8273.511643102698
E04,PH217,28,8567.697662145272
E04,PE1499,29,8865.579567195544
E04,PE121,30,9158.896372088911
E04,PE122,31,9479.313058192396
E04,PE123,32,9745.96114889758
E04,PE125,33,10119.279697584814
E05,PE468,0,6755.96087339934
E05,PE471,1,7611.955148906669
E05,PE472,2,7839.036031329247
E05,PE473,3,8234.195520638097
E05,PE474,4,8412.523763832884
E05,PE475,5,8738.59761002382
E05,PE476,6,8956.945271848705
E05,PE477,7,9057.697813147943
E05,PE478,8,9224.590505723145
E05,PE479,9,9472.844358932749
E05,PE1335,10,9711.293296564936
E05,PE481,11,10038.981824010698
E05,PE482,12,10423.548397391907
E05,PE1296,13,10639.467062499405
E05,PE1282,14,11213.077375780384
E07,PE1282,0,15.640221489690404
E07,PE1304,1,233.24531270597657
E08,PE1282,0,15.640221489690404
E08,PE1304,1,233.24531270597657
E12,PE272,0,17953.999599089933
E12,PH241,1,18211.568773732353
E12,PE748,2,18456.30657014038
E12,PE226,3,19552.654447482066
E12,PE1351,4,19797.579153925806
E12,PE1350,5,20148.238579292734
E12,PE1346,6,20149.238579292734
E13,PE1282,0,15.640221489690404
E13,PE1304,1,233.24531270597657
E14,PE1282,0,15.640221489690404
E14,PE1304,1,233.24531270597657
E15c,PE1282,0,15.640221489690404
E15c,PE1304,1,233.24531270597657
E17,PE1282,0,15.640221489690404
E17,PE155,1,1122.14369880206
E17,PE477,2,1494.7066472005504
E17,PE478,3,1661.5998367626405
E17,PE818,4,2035.410658541208
E17,PE819,5,2284.1948019285737
E17,PE820,6,2598.268585911051
E17,PE821,7,2879.619171958911
E17,PE1410,8,3354.543818587909
E17,PE1411,9,3562.9929859406093
E17,PE35,10,3965.0872967999953
E17,PE1412,11,4256.182187410294
E17,PE43,12,4502.829510328361
E17,PE840,13,4772.797009762985
E17,PE44,14,4889.717984074423
E17,PE45,15,5238.974989772851
E17,PE46,16,5446.133748603647
E17,PE47,17,5637.316191504451
E17,PE48,18,5860.07377932561
E17,PE1300,19,6023.217849116469
E17,PE50,20,6192.420201687702
E17,PE51,21,6436.29972713334
E17,PE38,22,6550.561289946048
E17,PE40,23,6865.786012910579
E17,PE41,24,7051.945959676454
E17,PE503,25,7365.282347618001
E17,PE1517,26,7621.231632260095
E17,PE1336,27,7772.69756314697
E17,PE1387,28,7990.1336903609135
E17,PE1401,29,8269.753506306153
E17,PE1337,30,8725.92747794665
E17,PE1338,31,8933.978504634199
E18,PE1282,0,15.640221489690404
E18,PE1304,1,233.24531270597657
E20,PE1383,0,6989.927576775349
E20,PE30,1,7168.930035621137
E20,PE31,2,7421.578437444651
E20,PE32,3,7749.4382511741105
E20,PE33,4,8176.501075388035
E20,PD1444,5,8658.151467517582
E20,PD906,6,9292.712174510878
E20,PD907,7,9472.66776288969
E20,PD908,8,9708.607571943106
E20,PD75,9,10527.871736883071
E20,PE7,10,11306.392170846897
E20,PE8,11,11579.59887174043
E20,PE9,12,11811.109031652539
F25,PE1282,0,15.640221489690404
F25,PE494,1,814.955222907809
F30N,PE1490,0,22589.123981965375
F30N,PE155,1,23194.62213490204
F30N,PE156,2,23576.28999881222
F30N,PE157,3,23811.19096793502
F30N,PE1498,4,24127.278967391765
F30N,PD194,5,24822.976923325383
F30N,PD195,6,25128.2974826888
F30N,PD196,7,25410.025175661416
F30N,PD197,8,25676.82042439858
F30N,PD200,9,26815.900759860917
F30N,PD201,10,27314.782209159996
F30N,PD202,11,27764.679069472684
F30N,PD1608,12,28116.577271493836
F30N,PD203,13,28448.407182676903
F30N,PD204,14,29055.95788569672
F30N,PD205,15,29476.90311641388
F30N,PD206,16,30011.161873226887
F30N,PD1607,17,30394.42807653238
F30N,PD209,18,30997.588143024892
F30N,PC82,19,31239.951620177475
F30N,PC84,20,31807.904490815432
F30N,PC86,21,32505.483543994826
F30N,PA42,22,33119.3644219152
F30N,PA182,23,33739.65648612329
F30N,PA183,24,34250.3733333828
F30N,PA184,25,34640.80807616335
G11,PG1585,0,89.3400341511295
G11,PG425,1,31909.49073740594
G11,PG447,2,944.7473946075152
G11,PG448,3,1204.191681389538
G11,PG2121,4,1525.7707800238072
G11,PG289,5,2021.5370230486342
G11,PG278,6,2390.6463901430398
G11,PG279,7,2804.9483441607276
G11,PG280,8,2967.7139353187326
G11,PG281,9,3246.292096625134
G11,PG282,10,3459.675777994617
G11,PG283,11,3674.5113369435303
G11,PG284,12,3896.761095934911
G11,PG285,13,4097.215020224916
G11,PG286,14,4352.080554612561
G11,PG287,15,4606.031340932831
G11,PG1109,16,4751.89393850673
G11,PG288,17,27160.8942867165
G11,PG1106,18,27161.8942867165
G11,PH245,19,27162.8942867165
G11,PH246,20,27163.8942867165
G11,PH247,21,27164.8942867165
G11,PH248,22,27165.8942867165
G11,PH249,23,27166.8942867165
G11,PH250,24,27167.8942867165
G11,PG1107,25,31908.49073740594
G11,PG425,26,31909.49073740594
G12,PG1585,0,89.3400341511295
G12,PG446,1,422.8955900710311
G12,PG447,2,944.7473946075152
G12,PG448,3,1204.191681389538
G12,PG1592,4,1491.2271469466411
G12,PG1165,5,1694.644592124964
G12,PG451,6,2019.0319634150537
G12,PG452,7,2491.3833632428054
G18,PG1585,0,89.3400341511295
G18,PG425,1,541.5483693571692
G18,PG426,2,824.9467618982488
H03,PG1585,0,89.3400341511295
H03,PG1587,1,425.52728294391363
H03,PH250,2,641.041626316719
H03,PH464,3,919.5445422890867
H03,PH251,4,1140.4436136768866
H03,PH252,5,1469.4781952916096
H03,PH253,6,1867.1053966700622
H03,PH254,7,2083.5332208748873
H03,PH255,8,2396.0052784480054
H03,PH349,9,2745.537338753337
H03,PH465,10,3071.693939102216
H03,PH1501,11,3340.7211979509025
H03,PH466,12,3542.017703089864
H03,PH58,13,3836.2267903544944
H03,PH59,14,4143.083775258311
H03,PH60,15,4287.999613567114
H03,PH61,16,4486.653716942799
H03,PH62,17,4687.148692939627
H03,PH63,18,4945.655598954503
H03,PH64,19,5199.951418242152
H03,PH65,20,5351.7485536729155
H03,PH66,21,5624.201519101585
H03,PI641,22,12079.710580004088
H03,PI356,23,12520.591835249019
H03,PI642,24,13002.410716138018
H05,PI1429,0,291.0359802509182
H05,PH663,1,844.6828463306443
H05,PH664,2,1146.7009845306027
H05,PH665,3,1434.9155440536388
H05,PH666,4,1689.921618295392
H05,PH563,5,1957.9901239864207
H05,PH564,6,2139.539060770848
H05,PH565,7,2409.432969417995
H05,PH566,8,2715.871360411504
H05,PH365,9,2944.057140094022
H05,PH326,10,3672.4020265736194
H05,PH1530,11,3848.5054048102284
H05,PH532,12,4084.6327591058603
H05,PH369,13,4401.122830340691
H05,PH370,14,4632.41158150893
H05,PH1666,15,4946.568318888054
H05,PH1667,16,5245.634075856621
H05,PH619,17,5542.048054969606
H05,PH620,18,5865.591596947455
H05,PH535,19,6205.910526642733
H05,PH536,20,6374.5806074241455
H05,PH258,21,6459.387352548864
H05,PH259,22,6773.246493229484
H05,PG274,23,6951.577909608338
H05,PH1444,24,7293.378090153187
H05,PH537,25,7516.529867729168
H05,PH238,26,7739.472450922709
H05,PH539,27,8196.87841678539
H05,PH540,28,8555.087287089062
H05,PH541,29,8779.815715860277
H05,PH126,30,9053.29260298706
H05,PH127,31,9232.486362876298
H05,PH128,32,9547.280117006847
H05,PH542,33,10247.93572900687
H05,PH543,34,10655.117522034207
H05,PH544,35,11098.536483410997
H05,PH1519,36,11377.226422596697
H05,PH1489,37,11532.786056186875
H05,PH545,38,11950.858884380039
H05,PH546,39,12171.247704753976
H05,PH547,40,12364.65578206196
H05,PH548,41,12637.161307023787
H05,PH421,42,12844.157508136957
H05,PH549,43,13063.52764938384
H05,PH550,44,13267.190327799119
H05,PH551,45,13557.830360545664
H05,PH552,46,13658.636618152055
H05,PH553,47,13773.911996237373
H05,PD197,48,14060.38361666122
H05,PD198,49,14557.551885920675
H05,PD200,50,15199.456322329084
H07,PA637,0,644.7550991016254
H07,PA505,1,1016.2378634192621
H07,PA506,2,1253.447073116506
H07,PA507,3,1600.295121413346
H07,PA508,4,1858.5143379931706
H07,PA509,5,2425.9089949178156
H07,PA595,6,2712.2710557622236
H07,PA596,7,2982.6774983139717
H07,PA17,8,3171.9260290620773
H07,PA18,9,3398.2301539129476
H07,PA532,10,3747.437976840077
H07,PA693,11,3860.5652689070143
H07,PA593,12,4115.825577405255
H07,PA594,13,4459.550390028643
H07,PA712,14,4613.008710970016
H07,PA534,15,4835.099239804167
H07,PA535,16,5126.5197017496885
H07,PA536,17,5316.183511102319
H07,PA839,18,5815.854627466898
H07,PA677,19,6064.692643867844
H07,PA659,20,6324.082318685434
H07,PA574,21,6727.525190772882
H07,PH1650,22,7030.247612824118
H07,PH579,23,7241.656813347432
H07,PH580,24,7452.953947737377
H07,PH495,25,7834.916882489861
H07,PH496,26,8025.456006122571
H07,PA573,27,8026.456006122571
H07,PH108,28,8555.889599828437
H07,PI73,29,9749.445897478405
H07,PI74,30,9994.727078427184
H07,PH581,31,10325.34542519647
H07,PH52,32,10574.039131654488
H07,PH53,33,10857.816053329085
H07,PH54,34,11199.707840348887
H07,PH55,35,11648.247254438924
H07,PH1656,36,12074.115010024412
H07,PH585,37,12357.968478399342
H07,PH586,38,12758.65962764598
H07,PH479,39,12950.250005093087
H07,PH366,40,13254.731192777834
H07,PH257,41,13572.831367468123
H07,PH258,42,13827.528690938136
H07,PH259,43,14141.386635728282
H07,PG274,44,14319.720397953348
H07,PG289,45,14652.087952598808
H07,PG278,46,15021.197629263339
H07,PG1107,47,15203.75885513452
H07,PG425,48,15390.931214067094
H07,PG1167,49,15753.490936063901
H07,PG1585,50,15915.52085717343
H08,PH599,0,2106.663137788598
H08,PH600,1,2299.9427609157724
H08,PH601,2,2600.135918246815
H08,PH602,3,2864.973381816112
H08,PH603,4,3246.744697350607
H08,PH604,5,3497.6973581453217
H08,PH605,6,4013.915631550764
H08,PH606,7,4210.997047282097
H08,PH477,8,4542.317996355412
H08,PH478,9,4813.455975722811
H08,PH479,10,5012.110515949695
H08,PH366,11,5316.5912712533145
H08,PH257,12,5634.687286250081
H08,PH258,13,5889.387480801134
H08,PH259,14,6203.247067993849
H08,PG274,15,6381.5776086025835
H08,PG289,16,6713.945997864165
H08,PG278,17,7083.055316189076
H08,PG1107,18,7265.61295430696
H08,PG425,19,7452.785681610444
H08,PG1167,20,7815.348928967078
H08,PG1585,21,7977.376538108948
H09,PI1429,0,291.0359802509182
H09,PH663,1,844.6828463306443
H09,PH664,2,1146.7009845306027
H09,PH81,3,1257.4354602956842
H09,PH82,4,1405.3920731196438
H09,PH83,5,1605.0495646204308
H09,PH84,6,1955.4085739170105
H09,PH365,7,2535.8625514853825
H09,PH479,8,2831.583397182207
H09,PH366,9,3136.064270014562
H09,PH257,10,3454.161415817622
H09,PH517,11,3748.0054236362444
H09,PH1660,12,3964.412499995939
H09,PH622,13,4105.5882166383635
H09,PH521,14,4288.866575400626
H09,PH623,15,4573.729459371318
H09,PH624,16,4861.032980771189
H09,PH370,17,4975.310505011725
H09,PH371,18,5137.829452156359
H09,PH372,19,5416.853882914354
H09,PH373,20,5707.111092261978
H09,PH374,21,6018.304422279637
H09,PH375,22,6263.8669005167685
H09,PH376,23,6597.883159111904
H09,PH625,24,6747.932147928374
H09,PH626,25,6982.735071891523
H09,PH279,26,7243.128490350908
H09,PH627,27,7444.845721899293
H09,PH280,28,7637.000761136963
H09,PH281,29,7925.865089227398
H09,PH628,30,8201.347920797347
H09,PH629,31,8418.691318538331
H09,PH630,32,8689.631445392486
H09,PH112,33,8833.955104055662
H09,PH631,34,9402.56049719129
H09,PH632,35,9772.357383192242
H09,PH633,36,10036.962449140507
H09,PH634,37,10361.059663085432
H09,PH635,38,10682.626890789545
H09,PH636,39,10992.460122156894
H09,PH637,40,11376.311561840042
H09,PH638,41,11651.023181225597
H09,PH639,42,11847.105426987775
H09,PH640,43,12051.56168678598
H09,PH1463,44,12316.363955275672
H09,PH1464,45,12530.904194165789
H09,PH1467,46,12764.363059586773
H09,PH463,47,12916.146897067007
H09,PD198,48,13430.220221202953
H09,PD200,49,14072.124657611363
H12,PH704,0,4704.900305485444
H12,PH1633,1,4890.9049867236845
H12,PH1634,2,5132.392189170682
H12,PH1635,3,5359.485017783007
H12,PH600,4,5542.233111484552
H12,PH601,5,5842.426268815593
H12,PH602,6,6107.263732384889
H12,PH603,7,6489.035047919385
H12,PH604,8,6739.987708714099
H12,PH605,9,7256.205982119542
H12,PH606,10,7453.287397850874
H12,PH87,11,7831.438371487475
H12,PH88,12,8174.465345657157
H12,PH89,13,8596.876538279852
H12,PH1653,14,9018.561111669524
H12,PH723,15,9607.270866471412
H12,PH724,16,9786.144227818308
H12,PH329,17,10186.835118015419
H12,PH330,18,10614.170103389273
H12,PH725,19,10934.954337355772
H12,PH726,20,11255.201470382299
H12,PH375,21,11503.025764413012
H12,PH376,22,11837.0422180953
H12,PH625,23,11987.092542208173
H12,PH626,24,12221.89537348775
H12,PH279,25,12482.287510158827
H12,PH627,26,12684.004785284593
H12,PH280,27,12876.15996004666
H12,PH281,28,13165.024132232578
H12,PH628,29,13440.50791019352
H12,PH629,30,13657.851350781099
H12,PH630,31,13928.791851052443
H12,PH1629,32,14084.539012778132
H12,PH135,33,14470.5010251106
H12,PA63,34,14918.239637242426
H12,PA828,35,15676.945626360002
H13,PH732,0,796.7726455732197
H13,PH1481,1,1085.8854638925736
H13,PH733,2,1338.6852835660752
H13,PH716,3,1627.126066154312
H13,PH717,4,1815.8504199594893
H13,PH718,5,2156.1378900143004
H13,PH719,6,2386.2425518853697
H13,PH720,7,2624.740744308843
H13,PH721,8,2881.994080534159
H13,PH254,9,3115.8464726911225
H13,PH367,10,3408.605799583944
H13,PH368,11,3633.070767360717
H13,PH369,12,3972.2137031209936
H13,PH370,13,4203.502825293223
H13,PH371,14,4366.021736097645
H13,PH372,15,4645.046066302475
H13,PH373,16,4935.303183868726
H13,PH374,17,5246.496362742297
H13,PH375,18,5492.058978804223
H13,PH376,19,5826.075404972221
H13,PH625,20,5976.125540738637
H13,PH626,21,6210.928385091339
H13,PH279,22,6471.320702558893
H13,PH627,23,6673.037971538234
H13,PH280,24,6865.193127187266
H13,PH281,25,7154.057321361029
H13,PH628,26,7429.540965835848
H13,PH629,27,7646.884400380071
H13,PH630,28,7917.8248479732065
H13,PH1629,29,8073.5721802546295
H13,PH135,30,8459.534216645463
H13,PA63,31,8907.27272886128
H13,PA64,32,9230.569147799328
H13,PA495,33,9590.309024602446
H13,PA496,34,9885.313744140081
H13,PA497,35,10147.837038024834
H13,PA498,36,10376.55130215337
H13,PA499,37,10718.856972503147
H13,PA638,38,11061.300528578871
H13,PA639,39,11289.039835411848
H13,PA614,40,11583.017959560717
H13,PA608,41,11855.690584839447
H13,PA609,42,12205.487747153538
H13,PA610,43,12416.910495130092
H13,PA611,44,12663.688117773505
H13,PA612,45,12912.724626205243
H13,PA613,46,13196.285518101238
H13,PA615,47,13509.238043035144
H13,PA358,48,13816.246521401017
H13,PA686,49,13994.570216228456
H13,PA359,50,14246.49449136845
H13,PA360,51,14430.850936663528
H13,PA361,52,14614.250456017435
H13,PA816,53,14889.454588389857
H13,PA692,54,15145.018977216127
H13,PA385,55,15571.768594608864
H13,PA183,56,16148.392896747046
H13,PA365,57,16586.855613817337
H13,PA165,58,17239.79782745808
H13,PA215,59,17887.509445289
H13,PA598,60,18097.299592587122
H13,PA339,61,18357.003479748713
H13,PA168,62,18849.028652337736
H13,PA169,63,19285.634064437352
H13,PA342,64,19733.38780030343
H13,PA171,65,20174.334878628302
H13,PA172,66,20535.38297385339
H13,PA174,67,21136.98282810922
H13,PA676,68,21500.516102592133
H13,PA357,69,21501.516102592133
H13,PA199,70,22102.65954000819
H13,PA629,71,22348.95038106691
H13,PA620,72,22565.936453643797
H13,PA617,73,22943.43305102011
H13,PA618,74,23095.245212397054
H13,PA619,75,23402.174786455664
H13,PA503,76,23682.669187056636
H13,PA504,77,23998.291203873574
H13,PA505,78,24500.914970326252
H13,PA506,79,24738.12402966797
H13,PA507,80,25084.972427023848
H13,PA508,81,25343.191340630015
H13,PA509,82,25910.58613413223
H13,PA62,83,26377.1264764091
H13,PH110,84,26827.103575528814
H13,PH111,85,27306.057872450478
H13,PH727,86,27718.334759484194
H13,PH113,87,27983.313992401534
H13,PH114,88,28248.211090642933
H13,PH652,89,28692.081030906244
H13,PH653,90,28975.108232064933
H13,PH654,91,29361.909845871083
H13,PH1502,92,29641.64444004261
H13,PH655,93,29842.092747116014
H13,PH341,94,29843.092747116014
H13,PH342,95,29844.092747116014
H13,PH343,96,29845.092747116014
H13,PH344,97,29846.092747116014
H13,PH345,98,29847.092747116014
H13,PH346,99,29848.092747116014
H13,PH347,100,29849.092747116014
H13,PH567,101,29850.092747116014
H13,PH256,102,29851.092747116014
H13,PH257,103,29852.092747116014
H13,PH258,104,29853.092747116014
H13,PH684,105,29854.092747116014
H13,PH685,106,29855.092747116014
H13,PH686,107,29856.092747116014
H13,PH687,108,29857.092747116014
H13,PH688,109,29858.092747116014
H13,PH734,110,29859.092747116014
H13,PH692,111,29860.092747116014
H24,PI1307,0,300.15867010608406
H24,PI1863,1,705.0265743073917
H24,PH605,2,1934.2025672778548
H24,PH606,3,2131.2841185584543
H24,PH87,4,2509.436410890594
H24,PH88,5,2852.463548508976
H24,PH89,6,3274.8736709779673
H24,PH1663,7,3700.505937250735
H24,PH723,8,4331.997715842581
H24,PH724,9,4510.87108514141
H24,PH301,10,4803.434847739772
H24,PH532,11,5202.1086963135085
H24,PH533,12,5466.147625484486
H24,PH370,13,5749.887518716579
H24,PH371,14,5912.406465861213
H24,PH372,15,6191.4308966192075
H24,PH1518,16,6467.014415314578
H24,PH275,17,6931.122198954388
H24,PH276,18,7222.274147470996
H24,PH449,19,7516.2812444848505
H24,PH450,20,7896.269857242287
H24,PH451,21,8113.078017506707
H24,PH452,22,8341.85113545089
H24,PH129,23,8498.853014179156
H24,PH130,24,8864.046298632435
H24,PH131,25,9132.845974655966
H24,PH453,26,9515.998673120157
H24,PH454,27,9776.725108631577
H24,PH455,28,10042.103008546248
H24,PH456,29,10315.046908861379
H24,PH457,30,10665.305830204232
H24,PH458,31,10979.967404984409
H24,PH459,32,11114.155588544065
H24,PH460,33,11376.776271271552
H24,PH409,34,11601.79020154509
H24,PH461,35,11858.860937693205
H24,PH462,36,12049.073008364574
H24,PH463,37,12472.605919542133
H24,PD198,38,12986.67924367808
H24,PD200,39,13628.583680086489
H24,PH480,40,13980.929530476327
H24,PH481,41,14260.73571573899
H24,PH482,42,14540.790214671564
H24,PH181,43,15138.114724311194
H24,PH432,44,15684.181716583318
H24,PH433,45,15917.866351714054
H24,PH1541,46,16116.759188592723
H24,PH483,47,16598.255410277117
H24,PH484,48,16905.704046514344
H24,PH485,49,17186.087429312494
H24,PH486,50,17491.0627032949
H24,PH487,51,17870.047420280822
H24,PH103,52,18067.57504630368
H24,PH104,53,18332.644496223504
H24,PH1473,54,18555.84057392862
H24,PH105,55,18752.264263848378
H24,PH106,56,18946.91469193489
H24,PH107,57,19358.704247347614
H24,PA659,58,19638.843637963953
H24,PH488,59,20008.472925626487
H24,PH489,60,20314.783141686527
H24,PH490,61,20497.747629557187
H24,PH491,62,20733.61503770669
H24,PH296,63,20965.930388381057
H24,PH492,64,21269.312645966147
H24,PH493,65,21556.95756539405
I01,PA104,0,135.4100915249785
I01,PA151,1,385.3030135068492
I01,PA527,2,499.37181598736663
I01,PA510,3,882.9578500697525
I01,PA511,4,1205.531487056577
I01,PA569,5,1319.6125067118485
I01,PA570,6,1579.8738646623465
I01,PA571,7,1864.6511492649036
I01,PA572,8,2305.2507555476905
I01,PA507,9,2567.097593457633
I01,PA508,10,2825.3168388719027
I01,PA509,11,3392.7114827975065
I01,PA595,12,3679.073528905933
I01,PA596,13,3949.4799631554793
I01,PA17,14,4138.728054109477
I01,PA18,15,4365.032560547328
I01,PA532,16,4714.240447952786
I01,PA693,17,4827.367644132703
I01,PA593,18,5082.627957272482
I01,PA594,19,5426.352972426079
I01,PA712,20,5579.81116181944
I01,PA534,21,5801.9016773754265
I01,PA661,22,6186.935967663196
I01,PA660,23,6420.477257733308
I01,PA839,24,6774.6034420022315
I01,PA677,25,7023.441327303285
I01,PA659,26,7282.83112010792
I01,PA574,27,7686.273990420288
I01,PA573,28,7930.164050807454
I01,PH108,29,8153.242089040159
I01,PH109,30,8650.378569252418
I01,PI1327,31,8985.136077538802
I01,PI179,32,9164.114388297125
I01,PI180,33,9501.51279162414
I01,PI59,34,9853.597031268497
I01,PI60,35,10029.920065127952
I01,PI1442,36,10455.563847701378
I01,PI672,37,10858.160211720431
I01,PI673,38,11143.447995366045
I01,PI674,39,11401.1563945809
I01,PI675,40,11631.077402634366
I01,PI676,41,11850.384171377998
I01,PI677,42,12092.63709143635
I01,PI678,43,12302.232699509843
I01,PI679,44,12566.650853458334
I01,PI680,45,12834.121642970209
I01,PI681,46,13052.667918488665
I01,PI682,47,13279.76839738391
I01,PI683,48,13483.335119894622
I01,PI684,49,13715.02865545625
I03,PA191,0,14.195802802376075
I03,PI1961,1,925.8006894144745
I03,PI1757,2,1094.668542101388
I03,PI1963,3,1316.6316368982937
I03,PI1965,4,1791.5827747721955
I03,PA641,5,2224.417595623883
I03,PJ1075,6,2357.8392023063275
I03,PI65,7,2967.888317512159
I03,PI841,8,3512.8585782962496
I03,PI471,9,3851.441735941081
I03,PI1801,10,4130.479037987385
I03,PI1079,11,4396.474296402136
I03,PI1080,12,4633.382410025212
I03,PI1081,13,4876.376794880412
I03,PJ18,14,5179.927606956341
I03,PI843,15,5578.100806712384
I03,PI844,16,5768.451808156805
I03,PI845,17,6029.769778266976
I03,PI846,18,6215.0034740094425
I03,PI847,19,6425.128217243592
I03,PI1633,20,6711.644080877844
I03,PI848,21,7095.147852640757
I03,PI849,22,7356.981052057054
I03c,PI1079,0,835.4269064630075
I03c,PI1080,1,1072.3350466776708
I03c,PI1081,2,1315.329260264208
I03c,PJ18,3,1618.8809499989163
I03c,PI843,4,2017.053885361428
I03c,PI844,5,2207.404816066626
I03c,PI845,6,2468.7227482325284
I03c,PI846,7,2653.9567799581228
I03c,PI847,8,2864.0815218294
I03c,PI1633,9,3150.596609826583
I03c,PI848,10,3534.100117062941
I03c,PI849,11,3795.9332362697187
I04,PI911,0,55.45434190727139
I04,PI68,1,434.3089200272171
I04,PI549,2,1019.6339201019955
I04,PI550,3,1218.691276484013
I04,PI1608,4,1771.1380554664593
I04,PI1603,5,2031.2781889490416
I04,PI1604,6,2248.5793282371474
I04,PI1605,7,2462.9641946212573
I04,PI1606,8,2584.31295911952
I04,PI1607,9,2817.3591442624725
I04,PI918,10,3079.218702496107
I04,PI919,11,3236.638422397128
I04,PI920,12,3523.1352296221708
I04,PI921,13,3627.56767601978
I04,PI922,14,3886.0789017817356
I04,PI923,15,4152.463797929243
I04,PI924,16,4420.4607713179785
I04,PI925,17,4628.8442665809225
I04,PI926,18,4855.053000445353
I04,PI927,19,5057.100919583163
I04,PI18,20,8285.288296027338
I04,PI19,21,8507.526859791074
I04,PI20,22,8789.425644907036
I04,PI21,23,9142.322633606158
I04,PI1321,24,9506.450257436742
I04,PI1323,25,9774.995485411142
I04,PI24,26,10008.213886105603
I04,PI25,27,10195.649280102418
I04,PI26,28,10390.196643650737
I04,PI27,29,10589.247207132496
I04,PI928,30,10756.423384550702
I04,PI929,31,10937.254349310913
I05,PI356,0,9198.864952829808
I05,PI357,1,9836.171125980465
I05,PH77,2,11517.910644464126
I05,PH321,3,14410.86286438012
I05,PH322,4,14704.450021404235
I05,PH1508,5,14957.114925800366
I05,PH1506,6,15178.299900038666
I05,PH716,7,15347.593447377829
I05,PH717,8,15536.31779584833
I05,PH718,9,15876.604232012129
I05,PH719,10,16106.709052812004
I05,PH720,11,16345.2082321995
I05,PH721,12,16602.461487299755
I05,PH259,13,16930.915000762543
I05,PG274,14,17109.246202476566
I05,PG289,15,17441.6144204495
I05,PG278,16,17810.72381231822
I05,PG1107,17,17993.282186481843
I05,PG425,18,18180.454838249334
I05,PG1167,19,18543.01736227053
I05,PG1585,20,18705.045445936536
I08,PI1230,0,104.33945188373625
I08,PI1210,1,284.4198655615153
I08,PI909,2,1136.8321452931214
I08,PI406,3,1727.9971068917896
I08,PJ538,4,2326.734677693632
I08,PI407,5,3280.341926550828
I08,PI408,6,3690.1287665608825
I08N,PA374,0,57.8248179435914
I08N,PA345,1,189.44155265220945
I08N,PA184,2,738.0722315886698
I08N,PA346,3,1028.3962463946857
I08N,PA347,4,1495.6894254383724
I08N,PA348,5,1963.09506718325
I08N,PA349,6,2411.940271337062
I08N,PA367,7,2870.4775961586924
I08N,PI403,8,3213.647276520295
I08N,PI404,9,3678.3652720674736
I08N,PI405,10,4116.707799779692
I08N,PI471,11,4612.664985764644
I08N,PI406,12,5028.5862917614095
I08N,PJ112,13,5811.865406275765
I08N,PI407,14,6583.401122832576
I08N,PI408,15,6993.187777160763
I09,PI397,0,11749.295833187249
I09,PI398,1,12241.67960331063
I09,PI1632,2,12695.346439613682
I09,PI1042,3,13243.678160479274
I09,PI438,4,13808.831832444892
I09,PI448,5,14202.967015513967
I09,PI401,6,14551.216172328719
I09,PI341,7,15025.032581602056
I09,PI1812,8,15720.976657007985
I09,PA657,9,16305.687498332714
I09,PA164,10,16956.14322467598
I09,PA165,11,17497.383765318074
I09,PA215,12,18145.095325777143
I09,PA167,13,18491.372172428753
I09c,PI397,0,11749.295833187249
I09c,PI398,1,12241.67960331063
I09c,PI1632,2,12695.346439613682
I09c,PI1042,3,13192.447979710822
I09e,PA345,0,464.3713421854867
I09e,PA184,1,1013.0020065774276
I09e,PA347,2,1770.6192168274283
I09e,PA187,3,2138.5144682249434
I09e,PA367,4,3145.4073575600714
I09e,PI344,5,3591.1290214977707
I09e,PI404,6,3953.295064883729
I09e,PI449,7,4571.622482372035
I09e,PI406,8,5303.516083988323
I09e,PJ539,9,5919.811024755207
I10,PI39,0,14943.863035571543
I10,PI40,1,15153.31425203558
I10,PI1067,2,15425.867747845838
I10,PI1068,3,15676.672350606623
I10,PI1069,4,16089.317879440914
I10,PI1070,5,16351.935350572605
I10,PI1071,6,16581.152947668987
I10,PI1072,7,16693.95364879982
I10,PI63,8,16800.85057703142
I10,PI64,9,17134.15149502239
I10,PI45,10,17476.575843244973
I10,PI46,11,17949.642520207468
I10,PI1677,12,18634.801718206425
I10,PI835,13,19098.046400165214
I10,PI836,14,19376.81874797585
I10,PI837,15,19598.724648839514
I10,PI838,16,19724.029161328086
I10,PI1073,17,19841.73402949766
I10,PJ540,18,20115.777173565042
I10,PJ541,19,20384.7709874901
I10,PI85,20,20857.180698281492
I10,PI86,21,21240.881543394215
I10,PI87,22,21609.613359670286
I10,PA191,23,22389.558771663476
I10N,PA344,0,0.0
I10N,PA345,1,189.44155265220945
I10N,PA184,2,738.0722315886698
I10N,PA346,3,1028.3962463946857
I10N,PA347,4,1495.6894254383724
I10N,PA348,5,1963.09506718325
I10N,PA349,6,2411.940271337062
I10N,PA367,7,2870.4775961586924
I10N,PI1076,8,3639.3798319063735
I10N,PI1077,9,3892.6756456117323
I10N,PI346,10,4193.111207944273
I10N,PI1078,11,4405.4904801005005
I10N,PI347,12,4672.390324526368
I10N,PI1079,13,4929.351533061556
I10N,PI1080,14,5166.259650877703
I10N,PI1081,15,5409.2540087245925
I10N,PJ18,16,5712.804959203745
I10N,PI1,17,6149.060390778659
I10N,PI2,18,6529.134839529328
I10N,PI49,19,6876.287399689041
I10N,PI1193,20,7170.0435915825865
I10N,PI1082,21,7366.872681622151
I10N,PI1083,22,7640.829420315034
I10N,PI1084,23,8044.757479430738
I10N,PI1085,24,8369.939718334945
I10N,PI1086,25,8568.042771866787
I10N,PI7,26,8778.383794725136
I12,PI641,0,16889.495873780095
I12,PI356,1,17330.37529338543
I12,PI642,2,17812.196190507617
I13,PI911,0,55.45434190727139
I13,PI68,1,434.3089200272171
I13,PI548,2,660.1082000898643
I13,PI549,3,1019.6339201019955
I13,PI550,4,1218.691276484013
I13,PI551,5,1507.362826124789
I13,PI552,6,1913.0534366445547
I13,PI553,7,2092.1092504233525
I13,PI3,8,2540.0659360561003
I13,PI4,9,2760.2787898763445
I13,PI5,10,3089.631941084083
I13,PI6,11,3340.350314490851
I13,PI7,12,3553.25748223999
I13,PI1144,13,4614.26282792435
I13,PI1145,14,4887.429595653124
I14,PA657,0,138.8472952917848
I14,PA455,1,497.6125349725864
I14,PA723,2,1009.5455070424941
I14,PA655,3,1237.3157182939995
I14,PA15,4,1522.3346962601358
I14,PA367,5,1756.4163854407202
I14,PI344,6,2202.1382303216965
I14,PI404,7,2564.304297002547
I14,PI449,8,3182.631816623114
I14,PI471,9,3498.604038151704
I14,PI1801,10,3777.642242043693
I14,PI1079,11,4043.636686754793
I14,PI1080,12,4280.544818578511
I14,PI1081,13,4523.5390862052
I14,PJ18,14,4827.090499012029
I14,PI1,15,5263.345835286771
I14,PI1489,16,5669.492472875616
I14,PI3,17,6031.544068314303
I14,PI4,18,6251.756905729538
I14,PI5,19,6581.110057145016
I14,PI6,20,6831.828411986239
I14,PI7,21,7044.735541203382
I14,PI892,22,12598.109437642932
I14,PI1239,23,12970.295755749037
I14,PI1271,24,13311.576870412096
I14,PI137,25,13600.869001680148
I14,PI356,26,15192.025804072033
I14,PI642,27,15673.848772029496
I14N,PI641,0,2702.332905964249
I14N,PI1324,1,4074.875641329554
I14N,PI1325,2,4227.706699509365
I14N,PI1322,3,4592.80078904673
I14N,PI24,4,5283.832559727267
I14N,PI25,5,5471.268030138366
I14N,PI39,6,10240.058542475317
I14N,PI40,7,10449.509682239126
I14N,PI41,8,10788.717399842415
I14N,PI42,9,11015.79539366689
I14N,PI43,10,11268.745646542815
I14N,PI44,11,11556.918504933545
I14N,PI540,12,11821.947857083145
I14N,PI541,13,12100.901046234829
I14N,PI542,14,12394.947443140714
I14N,PI543,15,12607.010389747531
I14N,PI909,16,13157.740162183043
I14N,PI910,17,13329.38781637948
I14N,PI448,18,13439.069000290649
I14N,PI401,19,13787.318308099168
I14N,PI341,20,14261.13493224351
I14N,PI1814,21,15092.380860761774
I14N,PA163,22,15798.41155138316
I14N,PA164,23,16192.245387585264
I14N,PA165,24,16733.48557009336
I14N,PA215,25,17381.197178779126
I14N,PA167,26,17727.474126847144
I14N,PA374,27,17992.576606740877
I16,PI1589,0,81.55801769461385
I16,PI1588,1,288.2652011862789
I16,PI1169,2,670.8642125159837
I16,PI1795,3,835.0907137304752
I16,PI1675,4,1143.1127698363532
I16,PI1170,5,1468.2265272983047
I16,PI1172,6,1884.6065302487498
I16,PI1491,7,2141.226567861228
I16,PI1173,8,2314.120109009605
I16,PI1174,9,2605.011598631082
I16,PI1175,10,2872.554786818295
I16,PI1176,11,3111.168079085735
I16,PI1177,12,3364.952166831983
I16,PI1178,13,3618.315512055514
I16,PI1209,14,3824.5751344754817
I16,PI1077,15,4094.016127992204
I16,PI346,16,4394.449228113651
I16,PI841,17,4770.820796831917
I16,PI1210,18,5131.1995490957925
I16,PI1211,19,5297.714173415962
I16,PI1268,20,5432.699669217734
I16,PI549,21,5649.253351137203
I16,PI1841,22,6131.578240660045
I16,PI1842,23,6416.382150130827
I16,PI1214,24,6728.409248140841
I16,PI1215,25,6901.060063324863
I16,PI1166,26,7209.538841346439
I16,PI1167,27,7499.8566897537485
I16,PI1168,28,7741.375928034559
I16,PI1216,29,7742.375928034559
I16,PI1586,30,8316.844342880917
I16,PI1587,31,8628.69980072931
I16,PI1594,32,8852.102659617274
I16,PI1593,33,9030.291264625135
I16,PI1595,34,9204.80569422459
I16,PI1218,35,9400.344546693952
I16,PI1219,36,9640.142129356895
I16,PI1220,37,9786.950946529083
I16,PI1221,38,10094.203026264733
I17,PA191,0,14.195802802376075
I17,PI1490,1,500.24477171330284
I17,PI1074,2,695.5829407591782
I17,PI1075,3,1067.8440702892874
I17,PI1076,4,1713.4374790026227
I17,PI1077,5,1966.7333153024929
I17,PI346,6,2267.169023181416
I17,PI841,7,2643.536553987861
I17,PI1210,8,3003.9154075318934
I17,PI1211,9,3170.4299123938354
I17,PI1268,10,3305.4183126358184
I17,PI549,11,3521.971501285472
I17,PI1841,12,4004.2950739829166
I17,PI1842,13,4289.099237430035
I17,PI1214,14,4601.12615329229
I17,PI1189,15,4853.361544270201
I17,PI1266,16,5066.849196886588
I17,PI1190,17,5222.881097285732
I17,PI1605,18,5485.641260948845
I17,PI1606,19,5606.990065483343
I17,PI1607,20,5840.036257661557
I17,PI918,21,6101.895984316992
I17,PI919,22,6259.315725343802
I17,PI920,23,6545.812359308073
I17,PI921,24,6650.244870894784
I17,PI922,25,6908.756121250689
I17,PI923,26,7175.140495578696
I17,PI924,27,7443.137341762607
I17,PI925,28,7651.520356551511
I17,PI926,29,7877.7292024873195
I17,PI927,30,8079.777034696702
I18,PI1384,0,11884.189864522346
I18,PI1386,1,12131.956137704306
I18,PI670,2,12329.670515902713
I18,PI1377,3,12513.712896758752
I18,PI671,4,12748.716549052162
I18,PI1308,5,13225.295953477298
I18,PI1309,6,13589.88537212879
I18,PI1444,7,13810.292794554529
I18,PI1435,8,14157.514080720439
I18,PI1438,9,14357.513361980418
I18,PI1295,10,14916.402122099933
I18,PI1296,11,15221.521334476112
I18,PI1432,12,15438.089696283832
I18,PI52,13,15717.079628547814
I18,PI1819,14,16313.199292350066
I18,PI203,15,16532.55597310982
I18,PI204,16,16826.309470056323
I18,PI205,17,17164.041046986757
I18,PI206,18,17582.907282333606
I18,PI207,19,17974.953775335514
I18,PI208,20,18306.86071437206
I18,PI209,21,18564.08816772322
I18,PI210,22,18809.874374513143
I18,PA9,23,19049.945698596854
I18,PA10,24,19382.883250536514
I18,PA695,25,19616.00645372508
I18,PA11,26,19862.376741703512
I18,PA12,27,20309.291485592144
I18,PA13,28,20606.84159646276
I18,PA14,29,20970.224453181778
I18,PA15,30,21248.737626645783
I24,PI641,0,17332.248808547145
I24,PI356,1,17773.12996070135
I24,PI642,2,18254.94895481962
I25,PI1824,0,31.8716479219258
I25,PI1384,1,4799.880023545554
I25,PI1386,2,5047.64426046711
I25,PI670,3,5245.358606887226
I25,PI1377,4,5429.4014312638465
I25,PI671,5,5664.404829271774
I25,PI1308,6,6140.984278229529
I25,PI1309,7,6505.573567398328
I25,PI1444,8,6725.9828021440035
I25,PI1435,9,7073.204482854871
I25,PI1438,10,7273.203917226954
I25,PI1295,11,7832.092477568104
I25,PI1296,12,8137.2114789830275
I25,PI1432,13,8353.77987689592
I25,PI52,14,8632.767365144813
I25,PI1375,15,9117.108330490759
I25,PI55,16,9349.318217616907
I25,PI1951,17,9703.870947307358
I25,PI1861,18,12455.593738540163
I25,PI1862,19,12786.128662020503
I25,PI1946,20,13038.492751400852
I25,PI1947,21,13387.793485952883
I25,PI1427,22,13697.31645170569
I25,PI1426,23,13905.115718169916
I25,PI1421,24,14134.079268714246
I25,PI1873,25,14264.344403554942
I25,PI1874,26,14640.527544473496
I25,PI1869,27,15057.223701540197
I25,PI1870,28,15251.483623582595
I25,PI1871,29,15527.448790446932
I25,PI1872,30,15796.833557620907
I25,PI1423,31,15797.833557620907
I25,PI1863,32,15798.833557620907
I25,PI1945,33,17339.458168744935
I25,PI1948,34,17749.171847364076
I25,PI1859,35,17961.42454094336
I25,PI1630,36,19263.143194135362
I25,PI1629,37,19592.623417224906
I25,PI1628,38,19956.6707791994
I25,PI1627,39,20295.032338819106
I25,PI1626,40,20646.840247110486
I25,PI1625,41,21013.5715062222
I25,PI1624,42,21340.134605481206
I25,PI59,43,22161.98112337423
I25,PI60,44,22338.30086872436
I25,PI1442,45,22339.30086872436
I25,PI1439,46,22340.30086872436
I25,PI1437,47,22341.30086872436
I25,PI1436,48,22342.30086872436
I25,PI1434,49,22343.30086872436
I25,PI1433,50,22344.30086872436
I25,PI1446,51,25372.151135599604
I25,PI681,52,25777.121951013698
I25,PI682,53,26004.22239155852
I25,PI683,54,26207.789102308605
I25,PI684,55,26208.789102308605
I25,PI1141,56,29968.227561605294
I25,PI1822,57,29970.227561605294
I25,PI1823,58,31019.752399122102
I26,PI892,0,9553.54426827279
I26,PI1239,1,9925.730540083277
I26,PI1630,2,10782.125419260346
I26,PI1629,3,11111.605660092078
I26,PI1628,4,11475.654246766955
I26,PI1627,5,11814.014733543654
I26,PI1626,6,12165.822226518796
I26,PI1625,7,12532.55322746768
I26,PI1375,8,13091.490850624607
I26,PI55,9,13323.701010418465
I26,PI1951,10,13678.254717901247
I26,PI1861,11,16429.97778775125
I26,PI1862,12,16760.511861035488
I26,PI1952,13,16961.838328770267
I26,PI1867,14,17316.08417622938
I26,PI1954,15,17565.46890986422
I26,PI1321,16,18076.64213083676
I26,PI1323,17,18345.190372926532
I26,PI24,18,18346.190372926532
I26,PI25,19,18347.190372926532
I39,PI1976,0,140.6129013543896
I39,PI1978,1,335.62783080953835
I39,PI1967,2,488.1487239787883
I39,PI1974,3,1176.3763765426747
I39,PI1975,4,1569.020839014728
I39,PI1623,5,2689.7566352542312
I39,PI1969,6,3302.391861615501
I39,PI1970,7,3834.314996602253
I39,PI1971,8,4150.816420664973
I39,PI1972,9,4498.402829413075
I39,PI1973,10,4820.712861917679
I39,PI1968,11,5227.925685783027
I39,PI1966,12,5696.236082267174
I39,PI1977,13,6197.607886428127
J01,PJ565,0,11396.511908042094
J01,PJ566,1,11639.161998507683
J01,PJ567,2,11952.746336252074
J01,PJ568,3,12085.272323050798
J01,PJ569,4,12448.758259783124
J01,PJ570,5,12568.151931528384
J01,PJ571,6,12847.652160710135
J01,PJ572,7,13395.087546353056
J01,PJ573,8,13686.660429549607
J01,PJ574,9,13866.77663560938
J01,PJ1880,10,14058.7998487547
J01,PJ576,11,14212.107057180841
J01,PJ577,12,14345.753597577239
J01,PJ578,13,14500.300718583969
J01,PJ579,14,14679.299118888084
J01,PJ535,15,15009.620662305915
J01,PJ536,16,15265.237893766132
J01,PJ1739,17,15466.074534839918
J01,PJ580,18,15720.931941270324
J01,PJ581,19,15919.610767867727
J01,PJ582,20,16208.705611738142
J01,PJ1729,21,16402.37352884658
J01,PJ451,22,16675.75893498021
J01,PJ452,23,16878.843580047174
J01,PJ2067,24,17254.908641895436
J01,PJ584,25,17479.714819513534
J01,PJ585,26,17808.135696748726
J01,PJ586,27,18145.0662078008
J01,PJ587,28,18307.69905108608
J01,PJ588,29,18420.676306138677
J01,PJ589,30,18687.752099634785
J01,PJ52,31,18867.236669797818
J01,PJ98,32,19353.408623275816
J01,PJ54,33,19737.44991807279
J01,PA1,34,19984.63157286619
J01,PA427,35,20221.036762092037
J01c,PJ565,0,2064.049690057126
J01c,PJ566,1,2306.699774334753
J01c,PJ567,2,2620.2841194999373
J01c,PJ568,3,2752.8101100139274
J01c,PJ569,4,3116.2960590567054
J01c,PJ570,5,3235.6897169333724
J01c,PJ571,6,3515.1898629544003
J01c,PJ572,7,4062.6253084246514
J02,PJ654,0,7273.202047928247
J02,PJ655,1,7631.374130528861
J02,PJ656,2,7980.31621384689
J02,PJ657,3,8300.605094135934
J02,PJ24,4,8636.249534166056
J02,PJ400,5,8993.33111741026
J02,PJ337,6,9240.869132952103
J02,PJ338,7,9561.561867737848
J02,PJ1775,8,9756.976502837635
J02,PJ284,9,10091.146197700127
J02,PJ341,10,10609.600849487699
J02,PJ342,11,10908.378134481467
J02,PJ343,12,11223.365806100219
J02,PJ1757,13,11532.885450663949
J02,PJ54,14,11800.878472562998
J02,PA1,15,12048.060097343185
J02,PA427,16,12284.465730471225
J02,PA428,17,12587.161211957804
J02,PA643,18,12720.651584839223
J02,PA556,19,12977.139756837469
J02,PA474,20,13268.417366057385
J02,PA558,21,13515.049502934426
J02,PA551,22,13615.618518019359
J02,PA562,23,13831.531038706049
J02,PA552,24,14083.127360307975
J02,PA563,25,14351.650821468524
J02,PA707,26,14498.395440186086
J02,PA5,27,14804.992892300172
J02,PA547,28,14805.992892300172
J02,PA725,29,14806.992892300172
J02,PJ344,30,16031.418420885235
J02,PJ345,31,16536.011798443356
J02,PJ346,32,16910.5472377016
J02,PJ347,33,17199.575976774006
J02,PJ404,34,17365.717601979683
J02,PJ658,35,17518.178923584088
J02,PJ659,36,17747.284441918266
J02,PJ660,37,18052.830290935588
J02,PJ661,38,18201.701469810265
J02,PJ662,39,18493.581998318452
J02,PJ663,40,18494.581998318452
J02,PJ664,41,18495.581998318452
J02,PJ665,42,18496.581998318452
J03,PJ493,0,5833.592468128733
J03,PJ494,1,6077.0192332829565
J03,PJ495,2,6259.144274700592
J03,PJ496,3,6592.529948972489
J03,PJ497,4,6801.406260957841
J03,PJ498,5,7038.781424975983
J03,PJ499,6,7266.078718250393
J03,PJ500,7,7563.546158521447
J03,PJ501,8,7890.142325469804
J03,PJ502,9,8305.27428950957
J03,PJ284,10,8452.68154606984
J03,PJ285,11,8854.384143352698
J03,PJ286,12,9186.099877960622
J03,PJ287,13,9473.387679223299
J03,PA387,14,9788.836502804903
J03,PA388,15,10069.914216944973
J03,PA405,16,10450.583127938462
J03,PA390,17,10642.167991583228
J03,PA391,18,10907.916568567443
J03,PA392,19,11163.435641687565
J03,PA228,20,11788.668205396158
J03,PA229,21,11920.67061731599
J03,PA460,22,12293.93355541624
J03,PA271,23,12740.974257124908
J03,PA272,24,13003.695776371804
J03,PA187,25,13657.764774240919
J03,PA817,26,13830.337819903427
J03,PA295,27,14111.3108350824
J03,PA296,28,14496.50314319454
J03,PA323,29,14759.5134223363
J03,PA324,30,15103.410215875438
J03,PA622,31,15336.591389767347
J03,PA621,32,15609.090193536013
J03,PA415,33,16086.45542652775
J03,PJ288,34,16470.4187302659
J03,PJ289,35,17012.898956222114
J03,PJ290,36,17368.820439579806
J03,PJ503,37,17596.940887806704
J03,PJ504,38,17833.778156955166
J03,PJ348,39,18126.270348486127
J03,PJ505,40,18127.270348486127
J03,PJ506,41,18128.270348486127
J03,PJ507,42,18129.270348486127
J03,PJ508,43,18130.270348486127
J03,PJ509,44,18131.270348486127
J03,PJ510,45,18132.270348486127
J03,PJ511,46,18133.270348486127
J03,PJ512,47,18134.270348486127
J03,PJ513,48,18135.270348486127
J05,PJ273,0,7201.0165012568405
J05,PJ274,1,7645.485959268447
J05,PJ275,2,7985.0201864227965
J05,PJ276,3,8397.000095091185
J05,PJ277,4,8670.017416191093
J05,PJ278,5,8950.261833886685
J05,PJ279,6,9375.25823998876
J05,PJ281,7,9659.332830903466
J05,PJ282,8,9941.749745340165
J05,PJ283,9,10113.330888757939
J05,PJ1018,10,10583.544703406023
J05,PJ741,11,10930.413570070112
J05,PJ97,12,11167.877116806887
J05,PJ52,13,11559.325376688925
J05,PJ98,14,12045.497197321727
J05,PJ54,15,12429.537569150221
J05,PA1,16,12676.719181040666
J05,PA427,17,12913.125004773885
J05,PA428,18,13215.82047255746
J05,PA643,19,13349.310853598674
J05,PA556,20,13605.798896077747
J05,PA474,21,13897.076330189037
J05,PA558,22,14143.708543273131
J05,PA551,23,14244.278212116295
J05,PA562,24,14460.19001075635
J05,PA552,25,14711.786522355746
J05,PA563,26,14980.309989110701
J05,PA707,27,15127.054715651544
J05,PA5,28,15433.651957408745
J05,PA547,29,15434.651957408745
J05,PJ56,30,16209.425452621545
J05,PJ57,31,16515.80576279795
J05,PJ58,32,16922.703659334995
J05,PJ45,33,17186.787166480768
J05,PJ591,34,17579.269256104286
J05,PJ291,35,17937.33283981507
J05,PJ292,36,18456.094065658777
J05,PJ294,37,18457.094065658777
J05,PJ295,38,18458.094065658777
J05,PJ296,39,18459.094065658777
J05,PJ297,40,18460.094065658777
J05,PJ298,41,18461.094065658777
J05,PJ299,42,18462.094065658777
J05,PJ300,43,18463.094065658777
J06,PI754,0,0.0
J06,PJ96,1,158.64480824159835
J06,PI756,2,629.2735208714844
J06,PI757,3,805.2700920621771
J06,PJ1041,4,1155.1347486039513
J06,PJ1042,5,1343.6409890274617
J06,PJ880,6,1456.0180692634617
J06,PJ1044,7,1714.7603051310696
J06,PJ1045,8,2056.4365540955873
J06,PJ1046,9,2355.5476233476593
J06,PJ1047,10,2566.838824170966
J06,PJ775,11,2819.7895079852788
J06,PJ20,12,3050.814671914892
J06,PJ21,13,3329.4682398681266
J06,PJ776,14,3732.763483161181
J06,PJ777,15,3885.3913218598427
J06,PJ1077,16,4082.1452622558286
J06,PJ779,17,4494.228935212498
J06,PJ780,18,4708.104051251742
J06,PJ781,19,4980.269302566894
J08,PJ565,0,14174.970509890378
J08,PJ566,1,14417.620534764994
J08,PJ567,2,14731.204951167083
J08,PJ568,3,14863.730977345494
J08,PJ274,4,15277.102218476926
J08,PJ275,5,15616.636792464578
J08,PJ276,6,16028.616814272857
J08,PJ277,7,16301.633794296782
J08,PJ278,8,16581.878472963384
J08,PJ1810,9,16862.415798720227
J08,PJ863,10,17255.828402373154
J08,PJ593,11,17673.89347963205
J08,PJ594,12,17807.9808522515
J08,PJ595,13,18019.04604071375
J08,PJ596,14,18210.453847106324
J08,PJ2025,15,18590.610376113815
J08,PJ1932,16,19040.973755968127
J08,PJ1931,17,19339.799381179266
J10,PJ908,0,7494.705028563452
J10,PJ909,1,7722.6747243285035
J10,PJ1038,2,7980.201696775237
J10,PJ911,3,8201.495166516292
J10,PJ912,4,8384.302832448882
J10,PJ913,5,8622.796845372337
J10,PJ19,6,8946.065721776009
J10,PJ34,7,9436.533555359012
J10,PJ33,8,9683.773585964698
J10,PI1393,9,9930.194189478516
J10,PI1392,10,10154.764649044066
J10,PI1395,11,10364.31451344907
J10,PI1390,12,10557.503170493672
J10,PI438,13,10816.214826240206
J10,PI339,14,11128.074812159562
J10,PI401,15,11558.598239078767
J10,PI341,16,12032.412723016552
J10,PI440,17,12454.399593877733
J10,PI1812,18,12728.360216071393
J10,PA657,19,13313.072788448959
J10,PA817,20,14088.180375129197
J10,PA295,21,14369.153474233235
J10,PA296,22,14754.3458085535
J10,PA323,23,15017.356048972944
J10,PA324,24,15361.252816635582
J10,PA325,25,15667.500897915856
J10,PA326,26,16006.057891895107
J10,PA327,27,16245.467218963197
J10,PA702,28,16579.940964801972
J10,PA703,29,16743.07184016188
J10,PA701,30,16988.390994679252
J13,PJ176,0,9024.14082026487
J13,PJ177,1,9317.488654778645
J13,PJ178,2,9664.07160248959
J13,PJ131,3,9848.337964310565
J13,PJ179,4,10071.24511259058
J13,PJ180,5,10440.966000267506
J13,PJ133,6,10612.434203114955
J13,PJ1738,7,10811.759185842711
J13,PJ978,8,11032.615174548788
J13,PJ979,9,11210.715315700008
J13,PJ33,10,11489.861982587223
J13,PI1393,11,11736.282574006278
J13,PI1392,12,11960.852879090284
J13,PI1395,13,12170.402758539023
J13,PI457,14,12491.69610245376
J13,PI339,15,12934.163492865964
J13,PI340,16,13567.716127833939
J13,PI341,17,13838.501203470658
J13,PI342,18,14373.36144079641
J13,PA368,19,14761.246734061235
J16,PJ999,0,5786.254647538559
J16,PJ1871,1,6117.240902135321
J16,PJ1000,2,6383.373735676304
J16,PJ575,3,6701.517490573987
J16,PJ1880,4,7086.218322200157
J16,PJ576,5,7239.526866387317
J16,PJ577,6,7373.17309300636
J16,PJ578,7,7527.720187909056
J16,PJ579,8,7706.718567432456
J16,PJ535,9,8037.038813105703
J16,PJ536,10,8292.655858199103
J16,PJ1739,11,8493.494330342091
J16,PJ580,12,8748.351093928659
J16,PJ581,13,8947.029924630015
J16,PJ582,14,9236.124757582334
J16,PJ6,15,9758.780731347406
J16,PJ7,16,10075.120410596188
J16,PJ8,17,10503.730893342465
J16,PJ1003,18,10667.40273652696
J16,PJ1004,19,10928.086826840223
J16,PJ661,20,11342.839039919289
J16,PJ1005,21,11574.733188970644
J16,PJ1006,22,11852.109714228343
J16,PJ181,23,12237.916607305417
J16,PJ135,24,12609.540855877842
J16,PJ97,25,12970.593074440534
J16,PJ52,26,13362.041334322572
J16,PJ98,27,13848.213154955374
J16,PJ54,28,14232.253526783868
J16,PA1,29,14479.435138674313
J16,PA599,30,14767.681739871134
J16,PA474,31,15709.884115362214
J16,PA558,32,15956.516328446309
J16,PA16,33,16380.618646220191
J16,PA4,34,16858.833366090577
J16,PA5,35,16859.833366090577
J16,PA547,36,16860.833366090577
J16,PJ56,37,18100.155913169037
J16,PJ57,38,18406.536223345443
J16,PJ58,39,18813.434119882488
J16,PJ1731,40,19025.89961805899
J16,PJ189,41,19308.876943713603
J16,PJ143,42,19309.876943713603
J16,PJ190,43,19310.876943713603
J16,PJ1063,44,19311.876943713603
J16,PJ1760,45,19312.876943713603
J16,PJ1761,46,19313.876943713603
J16,PJ1762,47,19314.876943713603
J16,PJ26,48,19315.876943713603
J16,PJ27,49,19316.876943713603
J16,PJ1564,50,22316.8731389652
J16,PJ863,51,22773.53017109058
J16,PJ593,52,23191.593881850473
J16,PJ594,53,23325.68127232837
J16,PJ595,54,23536.744082740857
J16,PJ596,55,23728.155250963617
J16,PJ597,56,24096.682669976068
J16,PJ1751,57,24281.32779871209
J16,PJ598,58,24459.093091610128
J16,PJ599,59,24776.7658573223
J16,PJ600,60,24977.070769259182
J16,PJ1007,61,25160.889732450847
J16,PJ1008,62,25366.927016201917
J16,PJ1009,63,25633.007308231758
J16,PJ465,64,26046.958877379573
J17,PI754,0,7860.323148457595
J17,PJ96,1,7861.429220206742
J19,PA191,0,14.195802802376075
J19,PA599,1,195.12728601082398
J19,PA642,2,707.3248894553655
J19,PA640,3,1098.0488846767726
J19,PA641,4,1429.929991833349
J19,PJ1075,5,1563.3515985157935
J19,PJ1074,6,1869.529054110139
J19,PJ1608,7,2037.7075436653404
J19,PJ1610,8,2243.710123768596
J19,PJ1607,9,2426.5172715746457
J19,PJ1609,10,2696.9423583906446
J19,PJ1611,11,2895.388979588457
J19,PJ1582,12,3113.5779664893225
J19,PJ1819,13,3357.2246859898555
J19,PJ878,14,3556.319763376904
J19,PJ879,15,3709.26707387994
J19,PJ880,16,4027.5482411466364
J19,PJ882,17,4236.703454646182
J19,PJ883,18,4460.493356680061
J22,PI754,0,0.0
J22,PJ96,1,158.64480824159835
MTN,PT0201,0,0.0
MTN,PT0202,1,2988.1150284861396
MTN,PT0203,2,4670.746654950678
MTN,PT0204,3,6990.404507568741
